{
    "keyCode": {
		"0"	: 48,
		"1"	: 49,
		"2"	: 50,
		"3"	: 51,
		"4"	: 52,
		"5"	: 53,
		"6"	: 54,
		"7"	: 55,
		"8"	: 56,
		"9"	: 57,
		"A"	: 65,
		"B"	: 66,
		"C"	: 67,
		"D"	: 68,
		"E"	: 69,
		"F"	: 70,
		"G"	: 71,
		"H"	: 72,
		"I"	: 73,
		"J"	: 74,
		"K"	: 75,
		"L"	: 76,
		"M"	: 77,
		"N"	: 78,
		"O"	: 79,
		"P"	: 80,
		"Q"	: 81,
		"R"	: 82,
		"S"	: 83,
		"T"	: 84,
		"U"	: 85,
		"V"	: 86,
		"W"	: 87,
		"X"	: 88,
		"Y"	: 89,
		"Z"	: 90,
		";"	: 59,
		"="	: 61,
		","	: 188,
		"."	: 190,
		"/"	: 191,
		"`"	: 192,
		"["	: 219,
		"\\": 220,
		"]"	: 221,
		"'"	: 222,
		"NUM_0"	: 96,
		"NUM_1"	: 97,
		"NUM_2"	: 98,
		"NUM_3"	: 99,
		"NUM_4"	: 100,
		"NUM_5"	: 101,
		"NUM_6"	: 102,
		"NUM_7"	: 103,
		"NUM_8"	: 104,
		"NUM_9"	: 105,
		"NUM_+"	: 107,
		"NUM_-"	: 109,
		"NUM_."	: 110,
		"NUM_/"	: 111,
		"F1"	: 112,
		"F2"	: 113,
		"F3"	: 114,
		"F4"	: 115,
		"F5"	: 116,
		"F6"	: 117,
		"F7"	: 118,
		"F8"	: 119,
		"F9"	: 120,
		"F10"	: 121,
		"F11"	: 122,
		"F12"	: 123,
		"BACK_SPACE"	: 8,
		"TAB"			: 9,
		"ENTER"			: 13,
		"SHIFT"			: 16,
		"CTRL"			: 17,
		"ALT"			: 18,
		"PAUSE"			: 19,
		"ESC"			: 27,
		"SPACE"			: 32,
		"PAGE_UP"		: 33,
		"PAGE_DOWN"		: 34,
		"END"			: 35,
		"HOME"			: 36,
		"LEFT"			: 37,
		"UP"			: 38,
		"RIGHT"			: 39,
		"DOWN"			: 40,
		"PRINTSCREEN"	: 44,
		"INSERT"		: 45,
		"DELETE"		: 46,
		"SCROLL_LOCK"	: 145
    }
}
