{
    "heading1": [
        {
            "key": "Ctrl-Alt-1"
        }
    ],
    "heading2": [
        {
            "key": "Ctrl-Alt-2"
        }
    ],
    "heading3": [
        {
            "key": "Ctrl-Alt-3"
        }
    ],
    "heading4": [
        {
            "key": "Ctrl-Alt-4"
        }
    ],
    "bold": [
        {
            "key": "F6"
        }
    ],
    "italic": [
        {
            "key": "F7"
        }
    ],
    "strikethrough": [
        {
            "key": "F8"
        }
    ],
    "code": [
        {
            "key": "F9"
        }
    ],
    "bullet": [
        {
            "key": "Ctrl-Alt--"
        }
    ],
    "numbered": [
        {
            "key": "Ctrl-Alt-="
        }
    ],
    "quote": [
        {
            "key": "Ctrl-Alt-'"
        }
    ],
    "codeblock": [
        {
            "key": "F10"
        }
    ],
    "paragraph": [
        {
            "key": "Ctrl-Alt-Enter"
        }
    ],
    "reflow": [
        {
            "key": "Ctrl-Alt-\\"
        }
    ]
}