{
"cfabort":               { "attributes": ["type","showerror"] },
"cfadmin":               { "attributes": [ ] },
"cfajaximport":          { "attributes": ["scriptsrc","params","csssrc","adapter","tags"] },
"cfajaxproxy":           { "attributes": ["jsclassname","onerror","onsuccess","extends","methods","cfc","bind"] },
"cfapplet":              { "attributes": ["height","notsupported","align","appletsource","width","name","hspace","paramn","vspace"] },
"cfapplication":         { "attributes": ["sessiontype","setclientcookies","customtagpaths","securejsonprefix","sessionmanagement","setdomaincookies","clientcluster","securejson","name","clienttimeout","sessiontimeout","defaultdatasource","clientstorage","datasource","clientmanagement","sessioncluster","ormsettings","mappings","scriptprotect","localmode","ormenabled","s3","loginstorage","componentpaths","action","applicationtimeout","sessionstorage"] },
"cfargument":            { "attributes": ["default","required","passby","hint","displayname","name","type"] },
"cfassociate":           { "attributes": ["basetag","datacollection"] },
"cfauthenticate":        { "attributes": [ ] },
"cfbreak":               { "attributes": [ ] },
"cfcache":               { "attributes": ["metadata","cachedirectory","throwonerror","Timespan","directory","idletime","cachename","password","protocol","name","id","key","port","timeout","value","action","expireurl","username"] },
"cfcalendar":            { "attributes": ["endrange","visible","monthnames","startrange","disabled","tooltip","onblur","firstdayofweek","enabled","height","daynames","width","mask","style","selecteddate","onchange","onfocus","name"] },
"cfcase":                { "attributes": ["delimiters","value"] },
"cfcatch":               { "attributes": ["name","type"] },
"cfchart":               { "attributes": ["fontitalic","showmarkers","xaxistitle","gridlines","yaxistype","sortxaxis","foregroundcolor","databackgroundcolor","labelformat","style","show3d","URL","fontbold","legendmultiline","showxlabel","name","scalefrom","backgroundcolor","chartheight","yaxistitle","xoffset","tipstyle","scaleto","format","font","xaxistype","tipbgcolor","source","showlegend","chartwidth","markersize","showygridlines","showborder","showtooltip","showxgridlines","title","pieslicestyle","yoffset","fontsize","seriesplacement"] },
"cfchartdata":           { "attributes": ["item","value"] },
"cfchartseries":         { "attributes": ["valuecolumn","itemcolumn","query","markerstyle","colorlist","seriescolor","serieslabel","type","datalabelstyle","paintstyle"] },
"cfcol":                 { "attributes": ["text","align","width","header"] },
"cfcollection":          { "attributes": ["language","path","collection","engine","categories","name","action"] },
"cfcomponent":           { "attributes": ["name","alias","bindingname","hint","wsdlfile","mappedSuperClass","style","output","serviceaddress","serviceportname","display","displayname","synchronized","extends","persistent","porttypename","namespace"] },
"cfcontent":             { "attributes": ["content","range","reset","deletefile","variable","file","type"] },
"cfcontinue":            { "attributes": [ ] },
"cfcookie":              { "attributes": ["domain","expires","path","name","value","secure"] },
"cfc_":                  { "attributes": [ ] },
"cfdbinfo":              { "attributes": ["pattern","table","dbname","password","dbnames","name","type","procedure","datasource","username"] },
"cfdefaultcase":         { "attributes": [ ] },
"cfdirectory":           { "attributes": ["mode","storage","sort","filter","directory","serverpassword","recurse","listinfo","storeACL","name","type","storeLocation","action","acl","newdirectory"] },
"cfdiv":                 { "attributes": ["onBindError","tagName","bindonload","id","bind"] },
"cfdocument":            { "attributes": ["marginbottom","useragent","permissions","filename","proxyuser","htmlbookmark","proxyhost","saveasname","pageheight","localurl","name","authuser","fontembed","pagetype","encryption","src","format","bookmark","proxyport","backgroundvisible","proxypassword","marginright","marginleft","authpassword","scale","pagewidth","proxyserver","ownerpassword","userpassword","unit","overwrite","srcfile","orientation","margintop","mimetype"] },
"cfdocumentitem":        { "attributes": ["evalAtPrint","name","type"] },
"cfdocumentsection":     { "attributes": ["marginbottom","useragent","marginright","marginleft","authpassword","name","authuser","srcfile","margintop","src","mimetype"] },
"cfdump":                { "attributes": ["show","maxlevel","hide","output","var","abort","metainfo","type","eval","top","expand","label","showUDfs","keys","format"] },
"cfelse":                { "attributes": [ ] },
"cfelseif":              { "attributes": ["contition","condition"] },
"cferror":               { "attributes": ["mailto","exception","template","type"] },
"cfexecute":             { "attributes": ["outputfile","arguments","variable","name","terminateontimeout","timeout"] },
"cfexit":                { "attributes": ["method"] },
"cffeed":                { "attributes": ["outputFile","ignoreEnclosureError","query","proxyPort","overWriteEnclosure","source","proxyPassword","userAgent","proxyUser","proxyServer","properties","name","timeout","overwrite","action","xmlvar","enclosureDir","columnmap"] },
"cffile":                { "attributes": ["charset","mode","source","fixnewline","variable","filefield","serverpassword","output","accept","nameconflict","storeacl","file","addnewline","destination","action","acl","result","attributes"] },
"cffinally":             { "attributes": [ ] },
"cfflush":               { "attributes": ["interval"] },
"cfform":                { "attributes": ["skin","onmouseover","acceptcharset","onmousemove","scriptsrc","enablecab","style","codebase","passthrough","onreset","width","onmousedown","dir","accept","archive","name","enctype","class","timeout","onclick","format","preloader","method","height","onmouseup","onkeydown","wmode","accessible","preservedata","onsubmit","lang","id","onmouseout","onload","target","onkeyup","onkeypress","action","title","ondblclick"] },
"cfformgroup":           { "attributes": ["style","id","width","visible","onchange","maxrows","selectedindex","enabled","query","type","label","startrow","height","tooltip"] },
"cfformitem":            { "attributes": ["height","enabled","type","width","style","tooltip","visible","bind"] },
"cfforward":             { "attributes": ["template"] },
"cfftp":                 { "attributes": ["remotefile","failifexists","item","existing","retrycount","proxyport","proxypassword","server","directory","proxyuser","localfile","transfermode","proxyserver","asciiextensionlist","password","name","port","timeout","action","result","stoponerror","connection","username","new","passive"] },
"cffunction":            { "attributes": ["access","hint","returnformat","returntype","output","securejson","displayname","throws","name","abstract","verifyclient","roles","description"] },
"cfgraph":               { "attributes": ["itemcolumn","query","gridlines","graphheight","valuelabelfont","linewidth","fill","bordercolor","showitemlabel","url","titlefont","scalefrom","borderwidth","legendfont","backgroundcolor","barspacing","scaleto","valuecolumn","valuelocation","showlegend","colorlist","showvaluelabel","linecolor","itemlabelsize","urlcolumn","valuelabelsize","graphwidth","itemlabelorientation","fileformat","itemlabelfont","type","title","depth"] },
"cfgraphdata":           { "attributes": ["item","color","url","value"] },
"cfgrid":                { "attributes": ["target","width","textcolor","notsupported","height","autowidth","rowheaders","colheaders","bold","insertbutton","sortascendingbutton","deletebutton","rowheaderbold","selectmode","insert","enabled","name","onvalidate","gridlines","colheaderfontsize","maxrows","italic","href","fontsize","visible","picturebar","onblur","rowheaderalign","format","hspace","onerror","colheadertextcolor","rowheight","rowheaderitalic","griddataalign","colheaderfont","tooltip","colheaderalign","delete","hrefkey","rowheaderwidth","colheaderitalic","rowheadertextcolor","selectcolor","vspace","appendkey","style","colheaderbold","onfocus","align","rowheaderfontsize","font","highlighthref","sort","query","bgcolor","sortdescendingbutton","rowheaderfont","onchange"] },
"cfgridcolumn":          { "attributes": ["bgcolor","values","headeralign","dataalign","type","valuesdelimiter","italic","hrefkey","font","select","bold","width","headerfontsize","display","headertextcolor","header","mask","href","numberformat","headerfont","fontsize","headeritalic","headerbold","textcolor","target","valuesdisplay","name"] },
"cfgridrow":             { "attributes": ["data"] },
"cfgridupdate":          { "attributes": ["datasource","grid","dbname","tablequalifier","providerdsn","username","tablename","keyonly","dbserver","connectstring","provider","tableowner","password","dbtype"] },
"cfheader":              { "attributes": ["charset","statustext","statuscode","name","value"] },
"cfhtmlhead":            { "attributes": ["text","variable","action"] },
"cfhttp":                { "attributes": ["charset","getasbinary","throwonerror","useragent","addtoken","proxyuser","url","columns","password","file","firstrowasheaders","textqualifier","name","timeout","delimiter","multipart","username","result","method","proxyport","proxypassword","path","proxyserver","multiparttype","port","redirect","resolveurl"] },
"cfhttpparam":           { "attributes": ["encoded","file","name","type","value","mimetype"] },
"cfif":                  { "attributes": ["contition","condition"] },
"cfimage":               { "attributes": ["height","angle","text","quality","source","difficulty","color","passthrough","width","isBase64","name","fonts","base64","overwrite","destination","action","thickness","result","structName","format","fontSize"] },
"cfimap":                { "attributes": ["attachmentpath","server","uid","messageNumber","generateUniqueFileNames","startRow","password","maxrows","name","port","timeout","action","username"] },
"cfimport":              { "attributes": ["prefix","path","taglib"] },
"cfinclude":             { "attributes": ["template"] },
"cfindex":               { "attributes": ["throwontimeout","prefix","language","query","custom3","custom1","recurse","urlpath","status","collection","categoryTree","external","extensions","category","key","name","type","custom4","custom2","timeout","action","title","body"] },
"cfinput":               { "attributes": ["onmouseover","range","border","datasrc","formaction","onmousemove","maxlength","list","min","tooltip","style","autosuggest","passthrough","onvalidate","bindonload","width","autosuggestminlength","dir","accept","alt","mask","onfocus","class","value","autocomplete","checked","tabindex","formenctype","formnovalidate","onchange","required","validateat","monthnames","onselect","placeholder","size","formtarget","id","onmouseout","notab","onkeypress","title","firstdayofweek","readonly","message","sourcefortooltip","multiple","daynames","align","formmethod","form","datafld","onbinderror","showautosuggestloadingicon","step","disabled","ismap","autosuggestbinddelay","onmousedown","name","bind","label","accesskey","delimiter","onclick","src","max","autofocus","height","onerror","enabled","pattern","onmouseup","onkeydown","typeahead","dataformatas","visible","maxresultsdisplayed","bindattribute","lang","onblur","type","hspace","onkeyup","usemap","validate","ondblclick"] },
"cfinsert":              { "attributes": ["tablequalifier","tablename","tableowner","formfields","password","datasource","username"] },
"cfinterface":           { "attributes": ["hint","displayName","extends"] },
"cfinvoke":              { "attributes": ["serviceport","proxyport","proxypassword","proxyuser","proxyserver","password","webservice","timeout","username","returnvariable","method","argumentcollection","component"] },
"cfinvokeargument":      { "attributes": ["omit","name","value"] },
"cflayout":              { "attributes": ["tabheight","style","tabsadd","tabsload","tabsremove","tabsdisable","name","type","jslib","tabsenable","tabsselect"] },
"cflayoutarea":          { "attributes": ["selected","source","refreshonactivate","onBindError","style","disabled","name","title","overflow"] },
"cfldap":                { "attributes": ["returnasbinary","sort","filter","server","start","rebind","dn","startrow","separator","password","maxrows","name","filterfile","referral","port","scope","timeout","action","delimiter","modifytype","attributes","secure","username","sortcontrol"] },
"cflocation":            { "attributes": ["addtoken","url","statuscode"] },
"cflock":                { "attributes": ["throwontimeout","id","name","type","scope","timeout"] },
"cflog":                 { "attributes": ["date","charset","text","application","log","time","file","type","thread"] },
"cflogin":               { "attributes": ["cookiedomain","applicationtoken","idletimeout"] },
"cfloginuser":           { "attributes": ["password","name","roles"] },
"cflogout":              { "attributes": [ ] },
"cfloop":                { "attributes": ["condition","item","query","charset","delimiters","list","startline","to","step","collection","endrow","startrow","index","file","from","endline","characters","array"] },
"cfmail":                { "attributes": ["query","charset","mimeattach","server","proxyuser","startrow","password","maxrows","from","timeout","username","ssl","proxyport","usetls","proxypassword","starttls","tls","remove","wraptext","subject","failto","to","mailerid","proxyserver","priority","usessl","cc","groupcasesensitive","type","port","replyto","secure","spoolenable","group","bcc"] },
"cfmailparam":           { "attributes": ["content","remove","contentID","disposition","file","name","type","value"] },
"cfmailpart":            { "attributes": ["charset","wraptext","type"] },
"cfmap":                 { "attributes": ["height","centerlongitude","zoomcontrol","onError","overview","markerColor","showCenterMarker","continuouszoom","markerWindowContent","markerIcon","onnotfound","centerlatitude","typecontrol","tip","zoomlevel","width","showScale","name","centeraddress","onload","type","doubleclickzoom"] },
"cfmapitem":             { "attributes": ["longitude","markerColor","markerWindowContent","markerIcon","latitude","tip","name","address"] },
"cfmodule":              { "attributes": [ ] },
"cfntauthenticate":      { "attributes": ["result","password","listgroups","throwonerror","domain","username"] },
"cfobject":              { "attributes": ["proxyport","proxypassword","context","delimiters","server","proxyuser","locale","proxyserver","password","name","webservice","type","class","action","username","component"] },
"cfobjectcache":         { "attributes": ["filter","action","result","filterignorecase"] },
"cfoutput":              { "attributes": ["query","startrow","maxrows","groupcasesensitive","group"] },
"cfpageencoding":        { "attributes": ["charset"] },
"cfparam":               { "attributes": ["default","pattern","min","name","type","max"] },
"cfpdf":                 { "attributes": ["copyfrom","permissions","info","newuserpassword","pages","ddxfile","showonprint","password","isBase64","name","encrypt","destination","stoponerror","opacity","format","transparent","position","inputfiles","source","version","filter","directory","imageprefix","saveoption","order","outputfiles","scale","newownerpassword","resolution","flatten","image","foreground","type","overwrite","action","rotation","ascending","keepbookmark"] },
"cfpdfparam":            { "attributes": ["source","pages","password"] },
"cfpop":                 { "attributes": ["attachmentpath","server","uid","messagenumber","generateuniquefilenames","startrow","password","maxrows","name","port","timeout","action","debug","username"] },
"cfprocessingdirective": { "attributes": ["executionlog","pageencoding","suppresswhitespace"] },
"cfprocparam":           { "attributes": ["maxlength","variable","scale","null","cfsqltype","type","dbvarname","value"] },
"cfprocresult":          { "attributes": ["maxrows","name","resultset"] },
"cfproperty":            { "attributes": ["default","access","required","hint","displayname","name","type","getter","setter"] },
"cfquery":               { "attributes": ["provider","connectstring","unique","cachedafter","dbtype","returntype","providerdsn","dbserver","psq","cachename","dbname","password","maxrows","name","timeout","debug","datasource","timezone","ormoptions","blockfactor","username","result","cachedwithin"] },
"cfqueryparam":          { "attributes": ["maxlength","list","scale","separator","null","cfsqltype","value"] },
"cfregistry":            { "attributes": ["sort","variable","entry","name","type","value","action","branch"] },
"cfreport":              { "attributes": ["formula","password","overwrite","type","username","query","userpassword","datasource","ownerpassword","permissions","timeout","orderby","encryption","filename","report","format","template","name"] },
"cfreportparam":         { "attributes": ["name","value"] },
"cfrethrow":             { "attributes": [ ] },
"cfreturn":              { "attributes": ["expr"] },
"cfsavecontent":         { "attributes": ["variable","trim"] },
"cfschedule":            { "attributes": ["operation","hidden","requesttimeout","proxyuser","serverpassword","URL","password","endtime","file","username","publish","task","returnvariable","starttime","proxyport","proxypassword","enddate","interval","startdate","path","proxyserver","paused","port","action","readonly","autodelete","resolveurl"] },
"cfscript":              { "attributes": ["language"] },
"cfscriptjava":          { "attributes": ["language"] },
"cfsearch":              { "attributes": ["language","previouscriteria","suggestions","status","startrow","criteria","collection","categorytree","external","contextbytes","category","maxrows","name","type","contexthighlightbegin","contextpassages","contexthighlightend"] },
"cfselect":              { "attributes": ["onmouseover","query","message","queryposition","multiple","datasrc","onmousemove","tooltip","style","datafld","display","casesensitive","passthrough","disabled","width","onmousedown","dir","name","onfocus","class","value","label","onclick","tabindex","height","selected","onchange","required","onerror","enabled","onmouseup","onkeydown","dataformatas","visible","size","lang","onblur","id","onmouseout","onkeyup","onkeypress","editable","title","group","ondblclick"] },
"cfservlet":             { "attributes": ["code","writeoutput","timeout","debug","jrunproxy"] },
"cfservletparam":        { "attributes": ["variable","name","type","value"] },
"cfset":                 { "attributes": ["noname"] },
"cfsetting":             { "attributes": ["enablecfoutputonly","requesttimeout","showdebugoutput"] },
"cfsilent":              { "attributes": ["bufferoutput"] },
"cfsleep":               { "attributes": ["time"] },
"cfslider":              { "attributes": ["textcolor","message","range","notsupported","align","bold","lookandfeel","onvalidate","width","name","tickmarkmajor","value","label","font","tickmarkimages","height","tickmarkminor","onerror","bgcolor","vertical","scale","italic","hspace","vspace","tickmarklabels","fontsize","refreshlabel"] },
"cfstopwatch":           { "attributes": ["variable","label"] },
"cfstoredproc":          { "attributes": ["cachedafter","cachename","password","returncode","dbserver","procedure","providerdsn","timeout","debug","datasource","result","blockfactor","username","cachedwithin","dbname","connectstring","dbtype","provider"] },
"cfswitch":              { "attributes": ["expression"] },
"cftable":               { "attributes": ["query","border","colspacing","colheaders","startrow","maxrows","htmltable","headerlines"] },
"cftextarea":            { "attributes": ["width","height","lang","bind","passthrough","accept","pattern","readonly","enabled","onmouseover","range","message","class","name","onvalidate","alt","cols","required","ondblclick","validate","onkeydown","visible","tabindex","onblur","html","hspace","accesskey","onerror","onmouseup","title","disabled","validateat","onmousedown","tooltip","id","onclick","onkeypress","maxlength","value","onmousemove","onselect","label","style","onfocus","onmouseout","align","onkeyup","rows","dir","onchange"] },
"cftextinput":           { "attributes": ["textcolor","height","message","range","notsupported","required","onerror","maxlength","align","bgcolor","bold","onvalidate","italic","size","width","name","hspace","vspace","value","validate","fontsize","font"] },
"cfthread":              { "attributes": ["retryintervall","duration","retryinterval","priority","name","type","timeout","action"] },
"cfthrow":               { "attributes": ["message","detail","errorcode","type","object","extendedinfo"] },
"cftimer":               { "attributes": ["type","label"] },
"cftrace":               { "attributes": ["caller","text","follow","variable","var","abort","category","type","inline"] },
"cftransaction":         { "attributes": ["isolation","action"] },
"cftree":                { "attributes": ["onerror","visible","tooltip","onblur","italic","vspace","onvalidate","completepath","enabled","required","message","appendkey","lookandfeel","font","height","bold","width","border","highlightref","align","notsupported","format","style","onchange","hscroll","fontsize","vscroll","onfocus","delimiter","name"] },
"cftreeitem":            { "attributes": ["href","img","target","display","query","queryAsRoot","imgopen","value","expand","parent"] },
"cftry":                 { "attributes": [ ] },
"cfupdate":              { "attributes": ["tablequalifier","tablename","tableowner","formfields","password","datasource","username"] },
"cfvideo":               { "attributes": ["audiosamplerate","framerate","quality","source1","videobitratetolerance","aspectratio","copyright","width","name","comment","destination","debug","videobitratemin","audiocodec","videocodec","result","buffersize","max","height","data","videobitrate","source","videobitratemax","start","fps","audiobitrate","nameconflict","execution","author","action","title","profile","source2"] },
"cfvideoplayer":         { "attributes": ["background","showplay","foregroundcolor","autostart","passthrough","width","overstretch","linktarget","playlistsize","backgroundcolor","debug","fgcolor","lightcolor","height","thumbs","screencolor","bgcolor","showpause","download","allowfullscreen","linkfromdisplay","id","target","foreground","thumbnails","playlistthumbnails","video","showtimeline","playlist","preview","group"] },
"cfvideoplayerparam":    { "attributes": ["show","flash","image","index","link","video","author","title","preview"] },
"cfwddx":                { "attributes": ["xmlconform","toplevelvariable","output","usetimezoneinfo","input","action","validate"] },
"cfwhile":               { "attributes": ["condition"] },
"cfwindow":              { "attributes": ["height","refreshonshow","source","minWidth","draggable","y","onBindError","buttons","width","x","resizable","name","modal","initShow","jslib","title","minHeight"] },
"cfxml":                 { "attributes": ["variable","validator","casesensitive"] },
"cfzip":                 { "attributes": ["prefix","charset","source","filter","variable","recurse","storePath","showDirectory","file","name","entrypath","overwrite","destination","action"] },
"cfzipparam":            { "attributes": ["prefix","content","charset","source","filter","recurse","entrypath"] }
}
