{
  "formats" : [
    "4cs",
    "6502acme",
    "6502kickass",
    "6502tasm",
    "abap",
    "actionscript",
    "actionscript3",
    "ada",
    "aimms",
    "algol68",
    "apache",
    "applescript",
    "apt_sources",
    "arm",
    "asm",
    "asp",
    "asymptote",
    "autoconf",
    "autohotkey",
    "autoit",
    "avisynth",
    "awk",
    "bascomavr",
    "bash",
    "basic4gl",
    "dos",
    "bibtex",
    "blitzbasic",
    "b3d",
    "bmx",
    "bnf",
    "boo",
    "bf",
    "c",
    "c_winapi",
    "c_mac",
    "cil",
    "csharp",
    "cpp",
    "cpp-winapi",
    "cpp-qt",
    "c_loadrunner",
    "caddcl",
    "cadlisp",
    "cfdg",
    "chaiscript",
    "chapel",
    "clojure",
    "klonec",
    "klonecpp",
    "cmake",
    "cobol",
    "coffeescript",
    "cfm",
    "css",
    "cuesheet",
    "d",
    "dart",
    "dcl",
    "dcpu16",
    "dcs",
    "delphi",
    "oxygene",
    "diff",
    "div",
    "dot",
    "e",
    "ezt",
    "ecmascript",
    "eiffel",
    "email",
    "epc",
    "erlang",
    "euphoria",
    "fsharp",
    "falcon",
    "filemaker",
    "fo",
    "f1",
    "fortran",
    "freebasic",
    "freeswitch",
    "gambas",
    "gml",
    "gdb",
    "genero",
    "genie",
    "gettext",
    "go",
    "groovy",
    "gwbasic",
    "haskell",
    "haxe",
    "hicest",
    "hq9plus",
    "html4strict",
    "html5",
    "icon",
    "idl",
    "ini",
    "inno",
    "intercal",
    "io",
    "ispfpanel",
    "j",
    "java",
    "java5",
    "javascript",
    "jcl",
    "jquery",
    "json",
    "julia",
    "kixtart",
    "latex",
    "ldif",
    "lb",
    "lsl2",
    "lisp",
    "llvm",
    "locobasic",
    "logtalk",
    "lolcode",
    "lotusformulas",
    "lotusscript",
    "lscript",
    "lua",
    "m68k",
    "magiksf",
    "make",
    "mapbasic",
    "markdown",
    "matlab",
    "mirc",
    "mmix",
    "modula2",
    "modula3",
    "68000devpac",
    "mpasm",
    "mxml",
    "mysql",
    "nagios",
    "netrexx",
    "newlisp",
    "nginx",
    "nimrod",
    "text",
    "nsis",
    "oberon2",
    "objeck",
    "objc",
    "ocaml-brief",
    "ocaml",
    "octave",
    "oorexx",
    "pf",
    "glsl",
    "oobas",
    "oracle11",
    "oracle8",
    "oz",
    "parasail",
    "parigp",
    "pascal",
    "pawn",
    "pcre",
    "per",
    "perl",
    "perl6",
    "php",
    "php-brief",
    "pic16",
    "pike",
    "pixelbender",
    "pli",
    "plsql",
    "postgresql",
    "postscript",
    "povray",
    "powershell",
    "powerbuilder",
    "proftpd",
    "progress",
    "prolog",
    "properties",
    "providex",
    "puppet",
    "purebasic",
    "pycon",
    "python",
    "pys60",
    "q",
    "qbasic",
    "qml",
    "rsplus",
    "racket",
    "rails",
    "rbs",
    "rebol",
    "reg",
    "rexx",
    "robots",
    "rpmspec",
    "ruby",
    "gnuplot",
    "rust",
    "sas",
    "scala",
    "scheme",
    "scilab",
    "scl",
    "sdlbasic",
    "smalltalk",
    "smarty",
    "spark",
    "sparql",
    "sqf",
    "sql",
    "standardml",
    "stonescript",
    "sclang",
    "swift",
    "systemverilog",
    "tsql",
    "tcl",
    "teraterm",
    "thinbasic",
    "typoscript",
    "unicon",
    "uscript",
    "upc",
    "urbi",
    "vala",
    "vbnet",
    "vbscript",
    "vedit",
    "verilog",
    "vhdl",
    "vim",
    "visualprolog",
    "vb",
    "visualfoxpro",
    "whitespace",
    "whois",
    "winbatch",
    "xbasic",
    "xml",
    "xorg_conf",
    "xpp",
    "yaml",
    "z80",
    "zxbasic"
  ],
  "expiration" : [
    {
      "display": "Never",
      "value": "N"
    },
    {
      "display": "10 minutes",
      "value": "10M"
    },
    {
      "display": "1 hour",
      "value": "1H"
    },
    {
      "display": "1 Day",
      "value": "1D"
    },
    {
      "display": "1 Week",
      "value": "1W"
    },
    {
      "display": "2 Weeks",
      "value": "2W"
    },
    {
      "display": "1 Month",
      "value": "1M"
    }
  ],
  "expousure" : [
    {
      "display" : "Public, guest",
      "value" : 0
    },
    {
      "display" : "Unlisted, guest",
      "value" : 1
    },
    {
      "display" : "Private, logged user",
      "value" : 2
    },
    {
      "display" : "Public, logged user",
      "value" : 3
    }
  ]
}
