{
    "tags": {
        "abstract": {"value":"@abstract", "Desc":"This member must be implemented (or overridden) by the inheritor.\nsynonyms: @virtual"},
        "access": {"value":"@access [[Access<private|protected|public>]]", "Desc":"Specify the access level of this member (private, package-private, public, or protected)."},
        "alias": {"value":"@alias [[Link]]", "Desc":"Treat a member as if it had a different name."},
        "async": {"value":"@async", "Desc":"Indicate that a function is asynchronous."},
        "augments": {"value":"@augments [[Link]]", "Desc":"Indicate that a symbol inherits from, and adds to, a parent symbol.\nsynonyms: @extends"},
        "author": {"value":"@author [[Author]]", "Desc":"Identify the author of an item."},
        "borrows": {"value":"@borrows [[Property]] as [[Property]]", "Desc":"This object uses something from another object."},
        "callback": {"value":"@callback [[callLink]]", "Desc":"Document a callback function."},
        "class": {"value":"@class", "Desc":"This function is intended to be called with the \"new\" keyword.\nsynonyms: @constructor"},
        "classdesc": {"value":"@classdesc [[Description]]", "Desc":"Use the following text to describe the entire class."},
        "constant": {"value":"@constant {[[Type]]} [[Description]]", "Desc":"Document an object as a constant.\nsynonyms: @const"},
        "constructs": {"value":"@constructs [[Link]]", "Desc":"This function member will be the constructor for the previous class."},
        "copyright": {"value":"@copyright [[Description]]", "Desc":"Document some copyright information."},
        "createDate": {"value":"@createDate [[Date]]", "Desc":"Date of writing this piece of code"},
        "default": {"value":"@default [[Description]]", "Desc":"Document the default value.\nsynonyms: @defaultvalue"},
        "deprecated": {"value":"@deprecated [[Description]]", "Desc":"Document that this is no longer the preferred way."},
        "description": {"value":"@description [[Description]]", "Desc":"Describe a symbol.\nsynonyms: @desc"},
        "enum": {"value":"@enum {[[Type]]}", "Desc":"Document a collection of related properties."},
        "event": {"value":"@event [[Link]]#[[Description]]", "Desc":"Document an event."},
        "example": {"value":"@example [[Description]]", "Desc":"Provide an example of how to use a documented item."},
        "exports": {"value":"@exports [[Descriptions]]", "Desc":"Identify the member that is exported by a JavaScript module."},
        "external": {"value":"@external [[Description]]", "Desc":"Identifies an external class, namespace, or module.\nsynonyms: @host"},
        "file": {"value":"@file [[Description]]", "Desc":"Describe a file.\nsynonyms: @fileoverview, @overview"},
        "fires": {"value":"@fires [[Link]]#[[Description]]", "Desc":"Describe the events this method may fire.\nsynonyms: @emits"},
        "function": {"value":"@function [[Description]]", "Desc":"Describe a function or method.\nsynonyms: @func, @method"},
        "generator": {"value":"@generator", "Desc":"Indicate that a function is a generator function."},
        "global": {"value":"@global", "Desc":"Document a global object."},
        "hideconstructor": {"value":"@hideconstructor", "Desc":"Indicate that the constructor should not be displayed."},
        "ignore": {"value":"@ignore", "Desc":"Omit a symbol from the documentation."},
        "implements": {"value":"@implements", "Desc":"This symbol implements an interface."},
        "inheritdoc": {"value":"@inheritdoc", "Desc":"Indicate that a symbol should inherit its parent's documentation."},
        "inner": {"value":"@inner", "Desc":"Document an inner object."},
        "instance": {"value":"@instance", "Desc":"Document an instance member."},
        "interface": {"value":"@interface", "Desc":"This symbol is an interface that others can implement."},
        "kind": {"value":"@kind", "Desc":"What kind of symbol is this?"},
        "lastmodifiedBy": {"value":"@lastmodifiedBy [[Name]]", "Desc":""},
        "lastmodifiedDate": {"value":"@lastmodifiedDate [[Date]]", "Desc":""},
        "lends": {"value":"@lends [[Link]]", "Desc":"Document properties on an object literal as if they belonged to a symbol with a given name."},
        "license": {"value":"@license [[License]]", "Desc":"Identify the license that applies to this code."},
        "link": {"value":"{@link [[Link]] [[Description]]}", "Desc":"Link to another item in the documentation.\nsynonyms: {@linkcode}, {@linkplain}"},
        "listens": {"value":"@listens [[Description]]", "Desc":"List the events that a symbol listens for."},
        "member": {"value":"@member {[[Type]]} [[Description]]", "Desc":"Document a member.\nsynonyms: @var"},
        "memberof": {"value":"@memberof [[Link]]", "Desc":"This symbol belongs to a parent symbol."},
        "mixes": {"value":"@mixes [[Link]]", "Desc":"This object mixes in all the members from another object."},
        "mixin": {"value":"@mixin [[Description]]", "Desc":"Document a mixin object."},
        "module": {"value":"@module {[[Type]]} [[Description]]", "Desc":"Document a JavaScript module."},
        "name": {"value":"@name [[Description]]", "Desc":"Document the name of an object."},
        "namespace": {"value":"@namespace [[Description]]", "Desc":"Document a namespace object."},
        "override": {"value":"@override", "Desc":"Indicate that a symbol overrides its parent."},
        "package": {"value":"@package", "Desc":"This symbol is meant to be package-private."},
        "param": {"value":"@param {[[Type]]} [[Description]]", "Desc":"Document the parameter to a function.\nsynonyms: @arg, @argument"},
        "private": {"value":"@private", "Desc":"This symbol is meant to be private."},
        "property": {"value":"@property {[[Type]]} [[Description]]", "Desc":"Document a property of an object.\nsynonyms: @prop"},
        "protected": {"value":"@protected", "Desc":"This symbol is meant to be protected."},
        "public": {"value":"@public", "Desc":"This symbol is meant to be public."},
        "readonly": {"value":"@readonly", "Desc":"This symbol is meant to be read-only."},
        "requires": {"value":"@requires [[Description]]", "Desc":"This file requires a JavaScript module."},
        "returns": {"value":"@returns {[[Type]]} [[Description]]", "Desc":"Document the return value of a function.\nsynonyms: @return"},
        "return": {"value":"@return {[[Type]]} [[Description]]", "Desc":"Document the return value of a function."},
        "see": {"value":"@see [[Description]]", "Desc":"Refer to some other documentation for more information."},
        "since": {"value":"@since [[Description]]", "Desc":"When was this feature added?"},
        "static": {"value":"@static", "Desc":"Document a static member."},
        "summary": {"value":"@summary [[Description]]", "Desc":"A shorter version of the full description."},
        "this": {"value":"@this [[Link]]", "Desc":"What does the 'this' keyword refer to here?"},
        "throws": {"value":"@throws", "Desc":"Describe what errors could be thrown.\nsynonyms: @exception"},
        "todo": {"value":"@todo [[Description]]", "Desc":"Document tasks to be completed."},
        "tutorial": {"value":"@tutorial [[Description]]", "Desc":"Insert a link to an included tutorial file."},
        "type": {"value":"@type {[[Type]]}", "Desc":"Document the type of an object."},
        "typedef": {"value":"@typedef {[[Type]]} [[Description]]", "Desc":"Document a custom type."},
        "variation": {"value":"@variation [[Description]]", "Desc":"Distinguish different objects with the same name."},
        "version": {"value":"@version [[Description]]", "Desc":"Documents the version number of an item."},
        "yields": {"value":"@yields [[Description]]", "Desc":"Document the value yielded by a generator function.\nsynonyms: @yield"}
    },
    "types": {
        "number": {"value":"number"},
        "string": {"value":"string"},
        "boolean": {"value":"boolean"},
        "array": {"value":"Array"},
        "object": {"value":"object"},
        "regexp": {"value":"RegExp"},
        "function": {"value":"function"},
        "promise": {"value": "promise"}
    }
}	