{
"cfabort/showerror":                            { "attribOption": [] },
"cfapplet/appletsource":                        { "attribOption": [] },
"cfapplet/name":                                { "attribOption": [] },
"cfapplet/height":                              { "attribOption": [] },
"cfapplet/width":                               { "attribOption": [] },
"cfapplet/vspace":                              { "attribOption": [] },
"cfapplet/hspace":                              { "attribOption": [] },
"cfapplet/align":                               { "attribOption": ["absbottom","absmiddle","baseline","bottom","left","middle","right","texttop","top"] },
"cfapplet/notsupported":                        { "attribOption": [] },
"cfapplication/name":                           { "attribOption": [] },
"cfapplication/loginstorage":                   { "attribOption": ["cookie","session"] },
"cfapplication/clientmanagement":               { "attribOption": ["true","false"], "type": "boolean" },
"cfapplication/clientstorage":                  { "attribOption": ["cookie","datasource_name","registry"] },
"cfapplication/setclientcookies":               { "attribOption": ["true","false"], "type": "boolean" },
"cfapplication/sessionmanagement":              { "attribOption": ["true","false"], "type": "boolean" },
"cfapplication/sessiontimeout":                 { "attribOption": [] },
"cfapplication/applicationtimeout":             { "attribOption": [] },
"cfapplication/setdomaincookies":               { "attribOption": ["true","false"], "type": "boolean" },
"cfapplication/scriptprotect":                  { "attribOption": ["all","cgi","cookie","form","form,url","form,url,cookie","form,url,cookie,cgi","none","url"] },
"cfargument/name":                              { "attribOption": [] },
"cfargument/type":                              { "attribOption": ["any","array","binary","boolean","date","guid","numeric","query","string","struct","uuid","variablename","xml"] },
"cfargument/required":                          { "attribOption": ["true","false"], "type": "boolean" },
"cfargument/default":                           { "attribOption": [] },
"cfargument/displayname":                       { "attribOption": [] },
"cfargument/hint":                              { "attribOption": [] },
"cfassociate/basetag":                          { "attribOption": [] },
"cfassociate/datacollection":                   { "attribOption": [] },
"cfcache/action":                               { "attribOption": ["cache","clientcache","flush","optimal","servercache"] },
"cfcache/directory":                            { "attribOption": [] },
"cfcache/Timespan":                             { "attribOption": [] },
"cfcache/expireurl":                            { "attribOption": [] },
"cfcache/username":                             { "attribOption": [] },
"cfcache/password":                             { "attribOption": [] },
"cfcache/port":                                 { "attribOption": [] },
"cfcache/protocol":                             { "attribOption": ["http://","https://"] },
"cfcalendar/name":                              { "attribOption": [] },
"cfcalendar/height":                            { "attribOption": [] },
"cfcalendar/width":                             { "attribOption": [] },
"cfcalendar/selecteddate":                      { "attribOption": [] },
"cfcalendar/startrange":                        { "attribOption": [] },
"cfcalendar/endrange":                          { "attribOption": [] },
"cfcalendar/disabled":                          { "attribOption": ["true","false"], "type": "boolean" },
"cfcalendar/mask":                              { "attribOption": ["DD/MM/YYYY","EEE DD. MMM YYYY","MM/DD/YYYY","MM/YY","MM/YYYY","YYYY-MM-DD"] },
"cfcalendar/firstdayofweek":                    { "attribOption": ["0","1","2","3","4","5","6"] },
"cfcalendar/daynames":                          { "attribOption": ["S,M,T,W,Th,F,S","Sun,Mon,Tue,Wed,Thu,Fri,Sat","Sunday,Monday,Tuesday,Wednesday,Thursday,Friday,Saturday"] },
"cfcalendar/monthnames":                        { "attribOption": ["Jan,Feb,Mar,Apr,May,Jun,Jul,Aug,Sep,Oct,Nov,Dec","January,February,March,April,May,June,July,August,September,October,November,December"] },
"cfcalendar/enabled":                           { "attribOption": ["true","false"], "type": "boolean" },
"cfcalendar/visible":                           { "attribOption": ["true","false"], "type": "boolean" },
"cfcalendar/tooltip":                           { "attribOption": [] },
"cfcalendar/style":                             { "attribOption": ["haloBlue","haloGreen","haloOrange","haloSilver"] },
"cfcalendar/onchange":                          { "attribOption": [] },
"cfcase/value":                                 { "attribOption": [] },
"cfcase/delimiters":                            { "attribOption": [",",":",";","|"] },
"cfcatch/type":                                 { "attribOption": ["any","application","custom_type","database","expression","lock","missinginclude","object","searchengine","security","template"] },
"cfchart/chartheight":                          { "attribOption": [] },
"cfchart/chartwidth":                           { "attribOption": [] },
"cfchart/scalefrom":                            { "attribOption": [] },
"cfchart/scaleto":                              { "attribOption": [] },
"cfchart/showxgridlines":                       { "attribOption": ["true","false"], "type": "boolean" },
"cfchart/showygridlines":                       { "attribOption": ["true","false"], "type": "boolean" },
"cfchart/gridlines":                            { "attribOption": [] },
"cfchart/seriesplacement":                      { "attribOption": ["cluster","default","percent","stacked"] },
"cfchart/foregroundcolor":                      { "attribOption": ["aqua","black","blue","fuchsia","green","grey","lime","maroon","navy","olive","purple","red","silver","teal","white","yellow"] },
"cfchart/backgroundcolor":                      { "attribOption": ["aqua","black","blue","fuchsia","green","grey","lime","maroon","navy","olive","purple","red","silver","teal","white","yellow"] },
"cfchart/showborder":                           { "attribOption": ["true","false"], "type": "boolean" },
"cfchart/databackgroundcolor":                  { "attribOption": ["aqua","black","blue","fuchsia","green","grey","lime","maroon","navy","olive","purple","red","silver","teal","white","yellow"] },
"cfchart/font":                                 { "attribOption": ["arial","arialunicodeMS","courier","times"] },
"cfchart/fontsize":                             { "attribOption": [] },
"cfchart/fontitalic":                           { "attribOption": ["true","false"], "type": "boolean" },
"cfchart/fontbold":                             { "attribOption": ["true","false"], "type": "boolean" },
"cfchart/labelformat":                          { "attribOption": ["currency","date","number","percent"] },
"cfchart/xaxistitle":                           { "attribOption": [] },
"cfchart/yaxistitle":                           { "attribOption": [] },
"cfchart/xaxistype":                            { "attribOption": ["category","scale"] },
"cfchart/yaxistype":                            { "attribOption": ["category","scale"] },
"cfchart/sortxaxis":                            { "attribOption": ["true","false"], "type": "boolean" },
"cfchart/show3d":                               { "attribOption": ["true","false"], "type": "boolean" },
"cfchart/xoffset":                              { "attribOption": [] },
"cfchart/yoffset":                              { "attribOption": [] },
"cfchart/showlegend":                           { "attribOption": ["true","false"], "type": "boolean" },
"cfchart/rotated":                              { "attribOption": ["true","false"], "type": "boolean" },
"cfchart/tipstyle":                             { "attribOption": ["mouseDown","mouseOver","none"] },
"cfchart/tipbgcolor":                           { "attribOption": ["aqua","black","blue","fuchsia","green","grey","lime","maroon","navy","olive","purple","red","silver","teal","white","yellow"] },
"cfchart/showmarkers":                          { "attribOption": ["true","false"], "type": "boolean" },
"cfchart/markersize":                           { "attribOption": [] },
"cfchart/pieslicestyle":                        { "attribOption": ["sliced","solid"] },
"cfchart/URL":                                  { "attribOption": [ ], "type": "url" },
"cfchart/name":                                 { "attribOption": [] },
"cfchart/style":                                { "attribOption": ["beige","blue","default","red","silver","yellow"] },
"cfchart/title":                                { "attribOption": [] },
"cfchart/format":                               { "attribOption": ["flash","jpg","png"] },
"cfchartdata/item":                             { "attribOption": [] },
"cfchartdata/value":                            { "attribOption": [] },
"cfchartseries/type":                           { "attribOption": ["area","bar","cone","curve","cylinder","horizontalbar","line","pie","pyramid","scatter","step"] },
"cfchartseries/query":                          { "attribOption": [] },
"cfchartseries/itemcolumn":                     { "attribOption": [] },
"cfchartseries/valuecolumn":                    { "attribOption": [] },
"cfchartseries/serieslabel":                    { "attribOption": [] },
"cfchartseries/paintstyle":                     { "attribOption": ["light","plain","raise","shade"] },
"cfchartseries/markerstyle":                    { "attribOption": ["circle","diamond","letter","mcross","rcross","rectangle","snow","triangle"] },
"cfchartseries/colorlist":                      { "attribOption": [] },
"cfchartseries/datalabelstyle":                 { "attribOption": ["columnlabel","none","pattern","rowlabel","value"] },
"cfchartseries/seriescolor":                    { "attribOption": [] },
"cfcol/header":                                 { "attribOption": [] },
"cfcol/width":                                  { "attribOption": [] },
"cfcol/align":                                  { "attribOption": ["center","left","right"] },
"cfcol/text":                                   { "attribOption": [] },
"cfcollection/action":                          { "attribOption": ["categorylist","create","delete","list","map","optimize","repair"] },
"cfcollection/collection":                      { "attribOption": [] },
"cfcollection/path":                            { "attribOption": [] },
"cfcollection/language":                        { "attribOption": [] },
"cfcollection/name":                            { "attribOption": [] },
"cfcollection/categories":                      { "attribOption": ["true","false"], "type": "boolean" },
"cfcomponent/extends":                          { "attribOption": [] },
"cfcomponent/output":                           { "attribOption": ["true","false"], "type": "boolean" },
"cfcomponent/displayname":                      { "attribOption": [] },
"cfcomponent/name":                             { "attribOption": [] },
"cfcomponent/hint":                             { "attribOption": [] },
"cfcomponent/style":                            { "attribOption": ["document","rpc"] },
"cfcomponent/namespace":                        { "attribOption": [] },
"cfcomponent/serviceportname":                  { "attribOption": [] },
"cfcomponent/porttypename":                     { "attribOption": [] },
"cfcomponent/bindingname":                      { "attribOption": [] },
"cfcomponent/wsdlfile":                         { "attribOption": [] },
"cfcontent/type":                               { "attribOption": [] },
"cfcontent/deletefile":                         { "attribOption": ["true","false"], "type": "boolean" },
"cfcontent/file":                               { "attribOption": [] },
"cfcontent/variable":                           { "attribOption": [] },
"cfcontent/reset":                              { "attribOption": ["true","false"], "type": "boolean" },
"cfcookie/name":                                { "attribOption": [] },
"cfcookie/value":                               { "attribOption": [] },
"cfcookie/expires":                             { "attribOption": [] },
"cfcookie/secure":                              { "attribOption": ["true","false"], "type": "boolean" },
"cfcookie/path":                                { "attribOption": [] },
"cfcookie/domain":                              { "attribOption": [] },
"cfdirectory/action":                           { "attribOption": ["create","delete","list","rename"] },
"cfdirectory/directory":                        { "attribOption": [] },
"cfdirectory/name":                             { "attribOption": [] },
"cfdirectory/filter":                           { "attribOption": [] },
"cfdirectory/mode":                             { "attribOption": [] },
"cfdirectory/sort":                             { "attribOption": ["asc","desc"] },
"cfdirectory/newdirectory":                     { "attribOption": [] },
"cfdirectory/recurse":                          { "attribOption": ["true","false"], "type": "boolean" },
"cfdocument/format":                            { "attribOption": ["FlashPaper","PDF"] },
"cfdocument/filename":                          { "attribOption": [] },
"cfdocument/overwrite":                         { "attribOption": ["true","false"], "type": "boolean" },
"cfdocument/name":                              { "attribOption": [] },
"cfdocument/pagetype":                          { "attribOption": ["A4","A5","B5","custom","legal","letter"] },
"cfdocument/pageheight":                        { "attribOption": [] },
"cfdocument/pagewidth":                         { "attribOption": [] },
"cfdocument/orientation":                       { "attribOption": ["landscape","portrait"] },
"cfdocument/margintop":                         { "attribOption": [] },
"cfdocument/marginbottom":                      { "attribOption": [] },
"cfdocument/marginleft":                        { "attribOption": [] },
"cfdocument/marginright":                       { "attribOption": [] },
"cfdocument/unit":                              { "attribOption": ["cm","in"] },
"cfdocument/encryption":                        { "attribOption": ["128-bit","40-bit","none"] },
"cfdocument/ownerpassword":                     { "attribOption": [] },
"cfdocument/userpassword":                      { "attribOption": [] },
"cfdocument/permissions":                       { "attribOption": ["AllowAssembly","AllowCopy","AllowDegradedPrinting","AllowFillIn","AllowModifyAnnotations","AllowModifyContents","AllowPrinting","AllowPrinting,AllowCopy,AllowScreenReaders","AllowPrinting,AllowModifyContents,AllowCopy,AllowModifyAnnotations,AllowFillIn,AllowScreenReaders,AllowAssembly,AllowDegradedPrinting","AllowScreenReaders"] },
"cfdocument/fontembed":                         { "attribOption": ["true","false"], "type": "boolean" },
"cfdocument/backgroundvisible":                 { "attribOption": ["true","false"], "type": "boolean" },
"cfdocument/scale":                             { "attribOption": ["10","100","20","30","40","50","60","70","80","90"] },
"cfdocumentitem/type":                          { "attribOption": ["footer","header","pagebreak"] },
"cfdocumentsection/margintop":                  { "attribOption": [] },
"cfdocumentsection/marginbottom":               { "attribOption": [] },
"cfdocumentsection/marginleft":                 { "attribOption": [] },
"cfdocumentsection/marginright":                { "attribOption": [] },
"cfdump/var":                                   { "attribOption": [] },
"cfdump/expand":                                { "attribOption": ["true","false"], "type": "boolean" },
"cfdump/label":                                 { "attribOption": [] },
"cferror/type":                                 { "attribOption": ["exception","monitor","request","validation"] },
"cferror/template":                             { "attribOption": [] },
"cferror/mailto":                               { "attribOption": [] },
"cferror/exception":                            { "attribOption": ["any","application","custom_type","database","expression","lock","missinginclude","object","security","template"] },
"cfexecute/name":                               { "attribOption": [] },
"cfexecute/arguments":                          { "attribOption": [] },
"cfexecute/outputfile":                         { "attribOption": [] },
"cfexecute/variable":                           { "attribOption": [] },
"cfexecute/timeout":                            { "attribOption": [] },
"cfexit/method":                                { "attribOption": ["exittag","exittemplate","loop"] },
"cffile/action":                                { "attribOption": ["append","copy","delete","move","read","readbinary","rename","upload","write"] },
"cffile/file":                                  { "attribOption": [] },
"cffile/mode":                                  { "attribOption": [] },
"cffile/output":                                { "attribOption": [] },
"cffile/addnewline":                            { "attribOption": ["true","false"], "type": "boolean" },
"cffile/attributes":                            { "attribOption": ["hidden","normal","readonly","system","temporary"] },
"cffile/charset":                               { "attribOption": ["big5","euc-cn","euc-jp","euc-kr","iso-2022-jp","iso-8859-1","shift_jis","us-ascii","utf-16","utf-8","windows-1252"] },
"cffile/source":                                { "attribOption": [] },
"cffile/destination":                           { "attribOption": [] },
"cffile/variable":                              { "attribOption": [] },
"cffile/filefield":                             { "attribOption": [] },
"cffile/nameconflict":                          { "attribOption": ["error","makeunique","overwrite","skip"] },
"cffile/accept":                                { "attribOption": [] },
"cffile/result":                                { "attribOption": [] },
"cffile/fixnewline":                            { "attribOption": ["false","true"] },
"cfflush/interval":                             { "attribOption": [] },
"cfform/name":                                  { "attribOption": [] },
"cfform/action":                                { "attribOption": [] },
"cfform/method":                                { "attribOption": ["get","post"] },
"cfform/format":                                { "attribOption": ["flash","html","xml"] },
"cfform/skin":                                  { "attribOption": ["basic","basiccss","beige","blue","bluegray","default","haloBlue","haloGreen","haloOrange","haloSilver","lightgray","none","red","silver"] },
"cfform/preservedata":                          { "attribOption": ["true","false"], "type": "boolean" },
"cfform/onload":                                { "attribOption": [] },
"cfform/onsubmit":                              { "attribOption": [] },
"cfform/codebase":                              { "attribOption": [] },
"cfform/archive":                               { "attribOption": [] },
"cfform/height":                                { "attribOption": [] },
"cfform/width":                                 { "attribOption": [] },
"cfform/onerror":                               { "attribOption": [] },
"cfform/wmode":                                 { "attribOption": ["opaque","transparent","window"] },
"cfform/accessible":                            { "attribOption": ["true","false"], "type": "boolean" },
"cfform/preloader":                             { "attribOption": ["true","false"], "type": "boolean" },
"cfform/timeout":                               { "attribOption": [] },
"cfform/scriptsrc":                             { "attribOption": [] },
"cfform/style":                                 { "attribOption": [] },
"cfform/onreset":                               { "attribOption": [] },
"cfform/id":                                    { "attribOption": [] },
"cfform/target":                                { "attribOption": [] },
"cfform/passthrough":                           { "attribOption": [] },
"cfform/enctype":                               { "attribOption": ["application/x-www-form-urlencoded","multipart/form-data","text/plain"] },
"cfform/class":                                 { "attribOption": [] },
"cfform/enablecab":                             { "attribOption": [] },
"cfformgroup/type":                             { "attribOption": ["accordion","fieldset","hbox","hdividedbox","horizontal","page","panel","repeater","tabnavigator","tile","vbox","vdividedbox","vertical"] },
"cfformgroup/query":                            { "attribOption": [] },
"cfformgroup/startrow":                         { "attribOption": [] },
"cfformgroup/maxrows":                          { "attribOption": [] },
"cfformgroup/label":                            { "attribOption": [] },
"cfformgroup/id":                               { "attribOption": [] },
"cfformgroup/style":                            { "attribOption": [] },
"cfformgroup/selectedindex":                    { "attribOption": [] },
"cfformgroup/width":                            { "attribOption": [] },
"cfformgroup/height":                           { "attribOption": [] },
"cfformgroup/enabled":                          { "attribOption": ["true","false"], "type": "boolean" },
"cfformgroup/visible":                          { "attribOption": ["true","false"], "type": "boolean" },
"cfformgroup/onchange":                         { "attribOption": [] },
"cfformgroup/tooltip":                          { "attribOption": [] },
"cfformitem/type":                              { "attribOption": ["hrule","html","script","spacer","text","vrule"] },
"cfformitem/style":                             { "attribOption": [] },
"cfformitem/width":                             { "attribOption": [] },
"cfformitem/height":                            { "attribOption": [] },
"cfformitem/enabled":                           { "attribOption": ["true","false"], "type": "boolean" },
"cfformitem/visible":                           { "attribOption": ["true","false"], "type": "boolean" },
"cfformitem/tooltip":                           { "attribOption": [] },
"cfformitem/bind":                              { "attribOption": [] },
"cfftp/action":                                 { "attribOption": ["changedir","close","createdir","exists","existsdir","existsfile","getcurrentdir","getcurrenturl","getfile","listdir","open","putfile","remove","removedir","rename"] },
"cfftp/username":                               { "attribOption": [] },
"cfftp/password":                               { "attribOption": [] },
"cfftp/server":                                 { "attribOption": [] },
"cfftp/timeout":                                { "attribOption": [] },
"cfftp/port":                                   { "attribOption": [] },
"cfftp/connection":                             { "attribOption": [] },
"cfftp/proxyserver":                            { "attribOption": [] },
"cfftp/retrycount":                             { "attribOption": [] },
"cfftp/stoponerror":                            { "attribOption": ["true","false"], "type": "boolean" },
"cfftp/passive":                                { "attribOption": ["true","false"], "type": "boolean" },
"cfftp/transfermode":                           { "attribOption": ["ascii","auto","binary"] },
"cfftp/failifexists":                           { "attribOption": ["true","false"], "type": "boolean" },
"cfftp/directory":                              { "attribOption": [] },
"cfftp/localfile":                              { "attribOption": [] },
"cfftp/remotefile":                             { "attribOption": [] },
"cfftp/item":                                   { "attribOption": [] },
"cfftp/existing":                               { "attribOption": [] },
"cfftp/new":                                    { "attribOption": [] },
"cfftp/name":                                   { "attribOption": [] },
"cfftp/result":                                 { "attribOption": [] },
"cfftp/asciiextensionlist":                     { "attribOption": [] },
"cffunction/name":                              { "attribOption": [] },
"cffunction/returntype":                        { "attribOption": ["(component name)","Any","Array","Binary","boolean","date","guid","Numeric","Query","String","Struct","UUID","variablename","void","xml"] },
"cffunction/roles":                             { "attribOption": [] },
"cffunction/access":                            { "attribOption": ["package","private","public","remote"] },
"cffunction/output":                            { "attribOption": ["true","false"], "type": "boolean" },
"cffunction/displayname":                       { "attribOption": [] },
"cffunction/hint":                              { "attribOption": [] },
"cffunction/description":                       { "attribOption": [] },
"cfgrid/name":                                  { "attribOption": [] },
"cfgrid/format":                                { "attribOption": ["applet","flash","xml"] },
"cfgrid/height":                                { "attribOption": [] },
"cfgrid/width":                                 { "attribOption": [] },
"cfgrid/autowidth":                             { "attribOption": ["true","false"], "type": "boolean" },
"cfgrid/vspace":                                { "attribOption": [] },
"cfgrid/hspace":                                { "attribOption": [] },
"cfgrid/align":                                 { "attribOption": ["absbottom","absmiddle","baseline","bottom","left","middle","right","texttop","top"] },
"cfgrid/query":                                 { "attribOption": [] },
"cfgrid/insert":                                { "attribOption": ["true","false"], "type": "boolean" },
"cfgrid/delete":                                { "attribOption": ["true","false"], "type": "boolean" },
"cfgrid/sort":                                  { "attribOption": ["true","false"], "type": "boolean" },
"cfgrid/font":                                  { "attribOption": ["arial","arialunicodeMS","courier","times"] },
"cfgrid/fontsize":                              { "attribOption": [] },
"cfgrid/italic":                                { "attribOption": ["true","false"], "type": "boolean" },
"cfgrid/bold":                                  { "attribOption": ["true","false"], "type": "boolean" },
"cfgrid/textcolor":                             { "attribOption": ["black","blue","cyan","darkgray","lightgray","magenta","orange","pink","red","white","yellow"] },
"cfgrid/href":                                  { "attribOption": [] },
"cfgrid/hrefkey":                               { "attribOption": [] },
"cfgrid/target":                                { "attribOption": [] },
"cfgrid/appendkey":                             { "attribOption": ["true","false"], "type": "boolean" },
"cfgrid/highlighthref":                         { "attribOption": ["true","false"], "type": "boolean" },
"cfgrid/onvalidate":                            { "attribOption": [] },
"cfgrid/onerror":                               { "attribOption": [] },
"cfgrid/griddataalign":                         { "attribOption": ["center","left","right"] },
"cfgrid/gridlines":                             { "attribOption": ["true","false"], "type": "boolean" },
"cfgrid/rowheight":                             { "attribOption": [] },
"cfgrid/rowheaders":                            { "attribOption": ["true","false"], "type": "boolean" },
"cfgrid/rowheaderalign":                        { "attribOption": ["center","left","right"] },
"cfgrid/rowheaderfont":                         { "attribOption": [] },
"cfgrid/rowheaderfontsize":                     { "attribOption": [] },
"cfgrid/rowheaderitalic":                       { "attribOption": ["true","false"], "type": "boolean" },
"cfgrid/rowheaderbold":                         { "attribOption": ["true","false"], "type": "boolean" },
"cfgrid/rowheadertextcolor":                    { "attribOption": ["black","blue","cyan","darkgray","lightgray","magenta","orange","pink","red","white","yellow"] },
"cfgrid/colheaders":                            { "attribOption": ["true","false"], "type": "boolean" },
"cfgrid/colheaderalign":                        { "attribOption": ["center","left","right"] },
"cfgrid/colheaderfont":                         { "attribOption": [] },
"cfgrid/colheaderfontsize":                     { "attribOption": [] },
"cfgrid/colheaderitalic":                       { "attribOption": ["true","false"], "type": "boolean" },
"cfgrid/colheaderbold":                         { "attribOption": ["true","false"], "type": "boolean" },
"cfgrid/colheadertextcolor":                    { "attribOption": ["black","blue","cyan","darkgray","lightgray","magenta","orange","pink","red","white","yellow"] },
"cfgrid/bgcolor":                               { "attribOption": ["black","blue","cyan","darkgray","lightgray","magenta","orange","pink","red","white","yellow"] },
"cfgrid/selectcolor":                           { "attribOption": ["black","blue","cyan","darkgray","lightgray","magenta","orange","pink","red","white","yellow"] },
"cfgrid/selectmode":                            { "attribOption": ["browse","column","edit","row","single"] },
"cfgrid/maxrows":                               { "attribOption": [] },
"cfgrid/notsupported":                          { "attribOption": [] },
"cfgrid/picturebar":                            { "attribOption": ["true","false"], "type": "boolean" },
"cfgrid/insertbutton":                          { "attribOption": ["Add","Insert"] },
"cfgrid/deletebutton":                          { "attribOption": ["Delete","Remove"] },
"cfgrid/sortascendingbutton":                   { "attribOption": ["A -> Z","Asc","Ascending"] },
"cfgrid/sortdescendingbutton":                  { "attribOption": ["Desc","Descending","Z -> A"] },
"cfgrid/style":                                 { "attribOption": [] },
"cfgrid/enabled":                               { "attribOption": ["true","false"], "type": "boolean" },
"cfgrid/visible":                               { "attribOption": ["true","false"], "type": "boolean" },
"cfgrid/tooltip":                               { "attribOption": [] },
"cfgrid/onchange":                              { "attribOption": [] },
"cfgridcolumn/name":                            { "attribOption": [] },
"cfgridcolumn/header":                          { "attribOption": ["false","true"] },
"cfgridcolumn/width":                           { "attribOption": [] },
"cfgridcolumn/font":                            { "attribOption": ["arial","arialunicodeMS","courier","times"] },
"cfgridcolumn/fontsize":                        { "attribOption": [] },
"cfgridcolumn/italic":                          { "attribOption": ["true","false"], "type": "boolean" },
"cfgridcolumn/bold":                            { "attribOption": ["true","false"], "type": "boolean" },
"cfgridcolumn/bgcolor":                         { "attribOption": ["black","blue","cyan","darkgray","lightgray","magenta","orange","pink","red","white","yellow"] },
"cfgridcolumn/textcolor":                       { "attribOption": ["black","blue","cyan","darkgray","lightgray","magenta","orange","pink","red","white","yellow"] },
"cfgridcolumn/href":                            { "attribOption": [] },
"cfgridcolumn/hrefkey":                         { "attribOption": [] },
"cfgridcolumn/target":                          { "attribOption": [] },
"cfgridcolumn/select":                          { "attribOption": ["true","false"], "type": "boolean" },
"cfgridcolumn/display":                         { "attribOption": ["true","false"], "type": "boolean" },
"cfgridcolumn/type":                            { "attribOption": ["cd","computer","currency","document","element","fixed","floppy","folder","remote"] },
"cfgridcolumn/headerfont":                      { "attribOption": [] },
"cfgridcolumn/headerfontsize":                  { "attribOption": [] },
"cfgridcolumn/headeritalic":                    { "attribOption": ["true","false"], "type": "boolean" },
"cfgridcolumn/headerbold":                      { "attribOption": ["true","false"], "type": "boolean" },
"cfgridcolumn/headertextcolor":                 { "attribOption": ["black","blue","cyan","darkgray","lightgray","magenta","orange","pink","red","white","yellow"] },
"cfgridcolumn/dataalign":                       { "attribOption": ["center","left","right"] },
"cfgridcolumn/headeralign":                     { "attribOption": ["center","left","right"] },
"cfgridcolumn/numberformat":                    { "attribOption": [] },
"cfgridcolumn/values":                          { "attribOption": [] },
"cfgridcolumn/valuesdisplay":                   { "attribOption": [] },
"cfgridcolumn/valuesdelimiter":                 { "attribOption": [",",":",";","|"] },
"cfgridcolumn/mask":                            { "attribOption": [] },
"cfgridrow/data":                               { "attribOption": [] },
"cfgridupdate/grid":                            { "attribOption": [] },
"cfgridupdate/datasource":                      { "attribOption": [] },
"cfgridupdate/tablename":                       { "attribOption": [] },
"cfgridupdate/username":                        { "attribOption": [] },
"cfgridupdate/password":                        { "attribOption": [] },
"cfgridupdate/tableowner":                      { "attribOption": [] },
"cfgridupdate/tablequalifier":                  { "attribOption": [] },
"cfgridupdate/keyonly":                         { "attribOption": ["true","false"], "type": "boolean" },
"cfheader/name":                                { "attribOption": [] },
"cfheader/value":                               { "attribOption": [] },
"cfheader/charset":                             { "attribOption": ["big5","euc-cn","euc-jp","euc-kr","iso-2022-jp","iso-8859-1","shift_jis","us-ascii","utf-16","utf-8","windows-1252"] },
"cfheader/statuscode":                          { "attribOption": [] },
"cfheader/statustext":                          { "attribOption": [] },
"cfhtmlhead/text":                              { "attribOption": [] },
"cfhttp/url":                                   { "attribOption": [ ], "type": "url" },
"cfhttp/port":                                  { "attribOption": [] },
"cfhttp/method":                                { "attribOption": ["delete","get","head","options","post","put","trace"] },
"cfhttp/proxyserver":                           { "attribOption": [] },
"cfhttp/proxyport":                             { "attribOption": [] },
"cfhttp/proxyuser":                             { "attribOption": [] },
"cfhttp/proxypassword":                         { "attribOption": [] },
"cfhttp/username":                              { "attribOption": [] },
"cfhttp/password":                              { "attribOption": [] },
"cfhttp/useragent":                             { "attribOption": [] },
"cfhttp/charset":                               { "attribOption": ["big5","euc-cn","euc-jp","euc-kr","iso-2022-jp","iso-8859-1","shift_jis","us-ascii","utf-16","utf-8","windows-1252"] },
"cfhttp/resolveurl":                            { "attribOption": ["true","false"], "type": "boolean" },
"cfhttp/throwonerror":                          { "attribOption": ["true","false"], "type": "boolean" },
"cfhttp/redirect":                              { "attribOption": ["true","false"], "type": "boolean" },
"cfhttp/timeout":                               { "attribOption": [] },
"cfhttp/getasbinary":                           { "attribOption": ["auto","never","no","yes"] },
"cfhttp/result":                                { "attribOption": [] },
"cfhttp/delimiter":                             { "attribOption": [",",":",";","|"] },
"cfhttp/name":                                  { "attribOption": [] },
"cfhttp/columns":                               { "attribOption": [] },
"cfhttp/firstrowasheaders":                     { "attribOption": ["true","false"], "type": "boolean" },
"cfhttp/textqualifier":                         { "attribOption": ["\"","'"] },
"cfhttp/file":                                  { "attribOption": [] },
"cfhttp/multipart":                             { "attribOption": ["true","false"], "type": "boolean" },
"cfhttp/path":                                  { "attribOption": [] },
"cfhttpparam/type":                             { "attribOption": ["body","cgi","cookie","file","formfield","header","url","xml"] },
"cfhttpparam/name":                             { "attribOption": [] },
"cfhttpparam/value":                            { "attribOption": [] },
"cfhttpparam/file":                             { "attribOption": [] },
"cfhttpparam/encoded":                          { "attribOption": ["true","false"], "type": "boolean" },
"cfhttpparam/mimetype":                         { "attribOption": ["text/html","text/plain"] },
"cfimport/taglib":                              { "attribOption": [] },
"cfimport/prefix":                              { "attribOption": [] },
"cfinclude/template":                           { "attribOption": [] },
"cfindex/collection":                           { "attribOption": [] },
"cfindex/action":                               { "attribOption": ["delete","purge","refresh","update"] },
"cfindex/type":                                 { "attribOption": ["custom","file","path"] },
"cfindex/title":                                { "attribOption": [] },
"cfindex/key":                                  { "attribOption": [] },
"cfindex/body":                                 { "attribOption": [] },
"cfindex/custom1":                              { "attribOption": [] },
"cfindex/custom2":                              { "attribOption": [] },
"cfindex/custom3":                              { "attribOption": [] },
"cfindex/custom4":                              { "attribOption": [] },
"cfindex/category":                             { "attribOption": [] },
"cfindex/categoryTree":                         { "attribOption": [] },
"cfindex/urlpath":                              { "attribOption": [ ], "type": "url" },
"cfindex/extensions":                           { "attribOption": [] },
"cfindex/query":                                { "attribOption": [] },
"cfindex/recurse":                              { "attribOption": ["true","false"], "type": "boolean" },
"cfindex/language":                             { "attribOption": [] },
"cfindex/status":                               { "attribOption": [] },
"cfinput/name":                                 { "attribOption": [] },
"cfinput/id":                                   { "attribOption": [] },
"cfinput/type":                                 { "attribOption": ["button","checkbox","datefield","file","hidden","image","password","radio","reset","submit","text"] },
"cfinput/label":                                { "attribOption": [] },
"cfinput/style":                                { "attribOption": [] },
"cfinput/class":                                { "attribOption": [] },
"cfinput/required":                             { "attribOption": ["true","false"], "type": "boolean" },
"cfinput/mask":                                 { "attribOption": [] },
"cfinput/validate":                             { "attribOption": ["creditcard","date","eurodate","float","integer","regular_expression","social_security_number","telephone","time","zipcode"] },
"cfinput/validateat":                           { "attribOption": ["onBlur","onServer","onSubmit"] },
"cfinput/message":                              { "attribOption": [] },
"cfinput/range":                                { "attribOption": [] },
"cfinput/maxlength":                            { "attribOption": [] },
"cfinput/pattern":                              { "attribOption": [] },
"cfinput/onvalidate":                           { "attribOption": [] },
"cfinput/onerror":                              { "attribOption": [] },
"cfinput/size":                                 { "attribOption": [] },
"cfinput/value":                                { "attribOption": [] },
"cfinput/bind":                                 { "attribOption": [] },
"cfinput/checked":                              { "attribOption": ["true","false"], "type": "boolean" },
"cfinput/disabled":                             { "attribOption": ["true","false"], "type": "boolean" },
"cfinput/src":                                  { "attribOption": [] },
"cfinput/onkeyup":                              { "attribOption": [] },
"cfinput/onkeydown":                            { "attribOption": [] },
"cfinput/onmouseup":                            { "attribOption": [] },
"cfinput/onmousedown":                          { "attribOption": [] },
"cfinput/onchange":                             { "attribOption": [] },
"cfinput/onclick":                              { "attribOption": [] },
"cfinput/daynames":                             { "attribOption": ["S,M,T,W,Th,F,S","Sun,Mon,Tue,Wed,Thu,Fri,Sat","Sunday,Monday,Tuesday,Wednesday,Thursday,Friday,Saturday"] },
"cfinput/firstdayofweek":                       { "attribOption": ["0","1","2","3","4","5","6"] },
"cfinput/monthnames":                           { "attribOption": ["Jan,Feb,Mar,Apr,May,Jun,Jul,Aug,Sep,Oct,Nov,Dec","January,February,March,April,May,June,July,August,September,October,November,December"] },
"cfinput/enabled":                              { "attribOption": ["true","false"], "type": "boolean" },
"cfinput/visible":                              { "attribOption": ["true","false"], "type": "boolean" },
"cfinput/tooltip":                              { "attribOption": [] },
"cfinput/width":                                { "attribOption": [] },
"cfinput/height":                               { "attribOption": [] },
"cfinput/passthrough":                          { "attribOption": [] },
"cfinsert/datasource":                          { "attribOption": [] },
"cfinsert/tablename":                           { "attribOption": [] },
"cfinsert/tableowner":                          { "attribOption": [] },
"cfinsert/tablequalifier":                      { "attribOption": [] },
"cfinsert/username":                            { "attribOption": [] },
"cfinsert/password":                            { "attribOption": [] },
"cfinsert/formfields":                          { "attribOption": [] },
"cfinvoke/component":                           { "attribOption": [] },
"cfinvoke/method":                              { "attribOption": [] },
"cfinvoke/returnvariable":                      { "attribOption": [] },
"cfinvoke/argumentcollection":                  { "attribOption": [] },
"cfinvoke/username":                            { "attribOption": [] },
"cfinvoke/password":                            { "attribOption": [] },
"cfinvoke/webservice":                          { "attribOption": [ ], "type": "url" },
"cfinvoke/timeout":                             { "attribOption": [] },
"cfinvoke/proxyserver":                         { "attribOption": [] },
"cfinvoke/proxyport":                           { "attribOption": [] },
"cfinvoke/proxyuser":                           { "attribOption": [] },
"cfinvoke/proxypassword":                       { "attribOption": [] },
"cfinvoke/serviceport":                         { "attribOption": [] },
"cfinvokeargument/name":                        { "attribOption": [] },
"cfinvokeargument/value":                       { "attribOption": [] },
"cfinvokeargument/omit":                        { "attribOption": ["true","false"], "type": "boolean" },
"cfldap/server":                                { "attribOption": [] },
"cfldap/port":                                  { "attribOption": [] },
"cfldap/username":                              { "attribOption": [] },
"cfldap/password":                              { "attribOption": [] },
"cfldap/action":                                { "attribOption": ["add","delete","modify","modifyDN","query"] },
"cfldap/name":                                  { "attribOption": [] },
"cfldap/timeout":                               { "attribOption": [] },
"cfldap/maxrows":                               { "attribOption": [] },
"cfldap/start":                                 { "attribOption": [] },
"cfldap/scope":                                 { "attribOption": ["base","onelevel","subtree"] },
"cfldap/attributes":                            { "attribOption": [] },
"cfldap/returnasbinary":                        { "attribOption": [] },
"cfldap/filter":                                { "attribOption": [] },
"cfldap/sort":                                  { "attribOption": [] },
"cfldap/sortcontrol":                           { "attribOption": ["asc","desc","nocase","nocase, asc","nocase, desc"] },
"cfldap/dn":                                    { "attribOption": [] },
"cfldap/startrow":                              { "attribOption": [] },
"cfldap/modifytype":                            { "attribOption": ["add","delete","replace"] },
"cfldap/rebind":                                { "attribOption": ["true","false"], "type": "boolean" },
"cfldap/referral":                              { "attribOption": [] },
"cfldap/secure":                                { "attribOption": ["CFSSL_BASIC"] },
"cfldap/separator":                             { "attribOption": [",",":",";","|"] },
"cfldap/delimiter":                             { "attribOption": [",",":",";","|"] },
"cflocation/url":                               { "attribOption": [] },
"cflocation/addtoken":                          { "attribOption": ["true","false"], "type": "boolean" },
"cflock/timeout":                               { "attribOption": [] },
"cflock/scope":                                 { "attribOption": ["Application","Server","Session"] },
"cflock/name":                                  { "attribOption": [] },
"cflock/throwontimeout":                        { "attribOption": ["true","false"], "type": "boolean" },
"cflock/type":                                  { "attribOption": ["exclusive","readonly"] },
"cflog/text":                                   { "attribOption": [] },
"cflog/log":                                    { "attribOption": ["Application","Scheduler"] },
"cflog/file":                                   { "attribOption": [] },
"cflog/type":                                   { "attribOption": ["error","fatal","information","warning"] },
"cflog/application":                            { "attribOption": ["true","false"], "type": "boolean" },
"cflogin/idletimeout":                          { "attribOption": [] },
"cflogin/applicationtoken":                     { "attribOption": [] },
"cflogin/cookiedomain":                         { "attribOption": [] },
"cfloginuser/name":                             { "attribOption": [] },
"cfloginuser/password":                         { "attribOption": [] },
"cfloginuser/roles":                            { "attribOption": [] },
"cfloop/index":                                 { "attribOption": [] },
"cfloop/to":                                    { "attribOption": [] },
"cfloop/from":                                  { "attribOption": [] },
"cfloop/step":                                  { "attribOption": [] },
"cfloop/condition":                             { "attribOption": [] },
"cfloop/query":                                 { "attribOption": [] },
"cfloop/startrow":                              { "attribOption": [] },
"cfloop/endrow":                                { "attribOption": [] },
"cfloop/list":                                  { "attribOption": [] },
"cfloop/delimiters":                            { "attribOption": [",",":",";","|"] },
"cfloop/collection":                            { "attribOption": [] },
"cfloop/item":                                  { "attribOption": [] },
"cfmail/to":                                    { "attribOption": [] },
"cfmail/from":                                  { "attribOption": [] },
"cfmail/cc":                                    { "attribOption": [] },
"cfmail/bcc":                                   { "attribOption": [] },
"cfmail/subject":                               { "attribOption": [] },
"cfmail/replyto":                               { "attribOption": [] },
"cfmail/failto":                                { "attribOption": [] },
"cfmail/username":                              { "attribOption": [] },
"cfmail/password":                              { "attribOption": [] },
"cfmail/wraptext":                              { "attribOption": [] },
"cfmail/charset":                               { "attribOption": ["big5","euc-cn","euc-jp","euc-kr","iso-2022-jp","iso-8859-1","shift_jis","us-ascii","utf-16","utf-8","windows-1252"] },
"cfmail/type":                                  { "attribOption": ["html","plain","text","text/html","text/plain"] },
"cfmail/mimeattach":                            { "attribOption": [] },
"cfmail/query":                                 { "attribOption": [] },
"cfmail/group":                                 { "attribOption": [] },
"cfmail/groupcasesensitive":                    { "attribOption": ["true","false"], "type": "boolean" },
"cfmail/startrow":                              { "attribOption": [] },
"cfmail/maxrows":                               { "attribOption": [] },
"cfmail/server":                                { "attribOption": [] },
"cfmail/port":                                  { "attribOption": [] },
"cfmail/mailerid":                              { "attribOption": [] },
"cfmail/timeout":                               { "attribOption": [] },
"cfmail/spoolenable":                           { "attribOption": ["true","false"], "type": "boolean" },
"cfmail/debug":                                 { "attribOption": ["true","false"], "type": "boolean" },
"cfmailparam/file":                             { "attribOption": [] },
"cfmailparam/type":                             { "attribOption": ["html","plain","text","text/html","text/plain"] },
"cfmailparam/name":                             { "attribOption": ["Abuse-Reports-To","Apparently-To","Approved-By","Content-Alias","Content-Class","Content-Conversion","Content-Length","Content-SGML-Entity","Delivered-To","Envelope-To","Errors-To","Fax","Fcc","For-Approval","For-Comment","For-Handling","List-Digest","List-Software","List-URL","Mail-System-Version","Mailer","Mailing-List","Message-Context","Originating-Client","Originator-Info","Phone","Posted-To","Precedence","Read-Receipt-To","Register-Mail-Reply-Requested-By","Return-Receipt-Requested","Return-Receipt-To","Speech-Act","Status","Telefax","Translated-By","Translation-Of","User-Agent","X-Admin","X-Complaints-To","X-Confirm-reading-to","X-Envelope-From","X-Envelope-To","X-Face","X-IMAP","X-List-Host","X-Listserver","X-Loop","X-Mailer ","X-Mailing-List","X-MIME-Autoconverted","X-MimeOLE","X-MSMail-Priority","X-Newsreader","X-No-Archive","X-OriginalArrivalTime","X-Priority","X-RCPT-TO","X-Report-Abuse-To","X-Sender","X-UIDL","X-URI","X-URL","X-X-Sender"] },
"cfmailparam/value":                            { "attribOption": [] },
"cfmailparam/contentID":                        { "attribOption": [] },
"cfmailparam/disposition":                      { "attribOption": ["attachment","inline"] },
"cfmailpart/type":                              { "attribOption": ["text/html","text/plain"] },
"cfmailpart/wraptext":                          { "attribOption": [] },
"cfmailpart/charset":                           { "attribOption": ["big5","euc-cn","euc-jp","euc-kr","iso-2022-jp","iso-8859-1","shift_jis","us-ascii","utf-16","utf-8","windows-1252"] },
"cfmodule/template":                            { "attribOption": [] },
"cfmodule/name":                                { "attribOption": [] },
"cfmodule/attributecollection":                 { "attribOption": [] },
"cfntauthenticate/name":                        { "attribOption": [] },
"cfntauthenticate/password":                    { "attribOption": [] },
"cfntauthenticate/domain":                      { "attribOption": [] },
"cfntauthenticate/result":                      { "attribOption": [] },
"cfntauthenticate/listgroups":                  { "attribOption": ["true","false"], "type": "boolean" },
"cfntauthenticate/throwonerror":                { "attribOption": ["true","false"], "type": "boolean" },
"cfobject/type":                                { "attribOption": ["com","corba","java"] },
"cfobject/action":                              { "attribOption": ["connect","create"] },
"cfobject/class":                               { "attribOption": [] },
"cfobject/name":                                { "attribOption": [] },
"cfobject/context":                             { "attribOption": ["inproc","ior","local","nameservice","remote"] },
"cfobject/server":                              { "attribOption": [] },
"cfobject/component":                           { "attribOption": [] },
"cfobject/locale":                              { "attribOption": [] },
"cfobject/webservice":                          { "attribOption": [ ], "type": "url" },
"cfobjectcache/action":                         { "attribOption": ["clear"] },
"cfoutput/query":                               { "attribOption": [] },
"cfoutput/group":                               { "attribOption": [] },
"cfoutput/groupcasesensitive":                  { "attribOption": ["true","false"], "type": "boolean" },
"cfoutput/startrow":                            { "attribOption": [] },
"cfoutput/maxrows":                             { "attribOption": [] },
"cfparam/name":                                 { "attribOption": [] },
"cfparam/type":                                 { "attribOption": ["any","array","binary","boolean","creditcard","date","email","eurodate","float","guid","integer","numeric","query","range","regex","regular_expression","social_security_number","ssn","string","struct","telephone","time","url","usdate","uuid","variablename","xml","zipcode"] },
"cfparam/default":                              { "attribOption": [] },
"cfparam/max":                                  { "attribOption": [] },
"cfparam/min":                                  { "attribOption": [] },
"cfparam/pattern":                              { "attribOption": [] },
"cfpop/server":                                 { "attribOption": [] },
"cfpop/port":                                   { "attribOption": [] },
"cfpop/username":                               { "attribOption": [] },
"cfpop/password":                               { "attribOption": [] },
"cfpop/action":                                 { "attribOption": ["delete","getAll","getHeaderOnly"] },
"cfpop/name":                                   { "attribOption": [] },
"cfpop/messagenumber":                          { "attribOption": [] },
"cfpop/uid":                                    { "attribOption": [] },
"cfpop/attachmentpath":                         { "attribOption": [] },
"cfpop/timeout":                                { "attribOption": [] },
"cfpop/maxrows":                                { "attribOption": [] },
"cfpop/startrow":                               { "attribOption": [] },
"cfpop/generateuniquefilenames":                { "attribOption": ["true","false"], "type": "boolean" },
"cfprocessingdirective/suppresswhitespace":     { "attribOption": ["true","false"], "type": "boolean" },
"cfprocessingdirective/pageencoding":           { "attribOption": ["big5","euc-cn","euc-jp","euc-kr","iso-2022-jp","iso-8859-1","shift_jis","us-ascii","utf-16","utf-8","windows-1252"] },
"cfprocparam/type":                             { "attribOption": ["in","inout","out"] },
"cfprocparam/variable":                         { "attribOption": [] },
"cfprocparam/value":                            { "attribOption": [] },
"cfprocparam/cfsqltype":                        { "attribOption": ["CF_SQL_BIGINT","CF_SQL_BIT","CF_SQL_BLOB","CF_SQL_CHAR","CF_SQL_CLOB","CF_SQL_DATE","CF_SQL_DECIMAL","CF_SQL_DOUBLE","CF_SQL_FLOAT","CF_SQL_IDSTAMP","CF_SQL_INTEGER","CF_SQL_LONGVARCHAR","CF_SQL_MONEY","CF_SQL_MONEY4","CF_SQL_NUMERIC","CF_SQL_REAL","CF_SQL_REFCURSOR","CF_SQL_SMALLINT","CF_SQL_TIME","CF_SQL_TIMESTAMP","CF_SQL_TINYINT","CF_SQL_VARCHAR"] },
"cfprocparam/maxlength":                        { "attribOption": [] },
"cfprocparam/scale":                            { "attribOption": [] },
"cfprocparam/null":                             { "attribOption": ["true","false"], "type": "boolean" },
"cfprocparam/dbvarname":                        { "attribOption": [] },
"cfprocresult/name":                            { "attribOption": [] },
"cfprocresult/resultset":                       { "attribOption": [] },
"cfprocresult/maxrows":                         { "attribOption": [] },
"cfproperty/name":                              { "attribOption": [] },
"cfproperty/type":                              { "attribOption": ["any","array","binary","boolean","date","guid","numeric","query","string","struct","uuid"] },
"cfproperty/required":                          { "attribOption": ["true","false"], "type": "boolean" },
"cfproperty/default":                           { "attribOption": ["false","true"] },
"cfproperty/displayname":                       { "attribOption": [] },
"cfproperty/hint":                              { "attribOption": [] },
"cfquery/name":                                 { "attribOption": [] },
"cfquery/datasource":                           { "attribOption": [] },
"cfquery/dbtype":                               { "attribOption": ["query"] },
"cfquery/username":                             { "attribOption": [] },
"cfquery/password":                             { "attribOption": [] },
"cfquery/maxrows":                              { "attribOption": [] },
"cfquery/blockfactor":                          { "attribOption": [] },
"cfquery/timeout":                              { "attribOption": [] },
"cfquery/cachedafter":                          { "attribOption": [] },
"cfquery/cachedwithin":                         { "attribOption": [] },
"cfquery/debug":                                { "attribOption": ["true","false"], "type": "boolean" },
"cfquery/result":                               { "attribOption": [] },
"cfqueryparam/value":                           { "attribOption": [] },
"cfqueryparam/cfsqltype":                       { "attribOption": ["cf_sql_bigint","cf_sql_bit","cf_sql_blob","cf_sql_char","cf_sql_clob","cf_sql_date","cf_sql_decimal","cf_sql_double","cf_sql_float","cf_sql_idstamp","cf_sql_integer","cf_sql_longvarchar","cf_sql_money","cf_sql_money4","cf_sql_numeric","cf_sql_real","cf_sql_refcursor","cf_sql_smallint","cf_sql_time","cf_sql_timestamp","cf_sql_tinyint","cf_sql_varchar"] },
"cfqueryparam/maxlength":                       { "attribOption": [] },
"cfqueryparam/scale":                           { "attribOption": [] },
"cfqueryparam/null":                            { "attribOption": ["true","false"], "type": "boolean" },
"cfqueryparam/list":                            { "attribOption": ["true","false"], "type": "boolean" },
"cfqueryparam/separator":                       { "attribOption": [",",":",";","|"] },
"cfregistry/action":                            { "attribOption": ["delete","get","getAll","set"] },
"cfregistry/branch":                            { "attribOption": [] },
"cfregistry/entry":                             { "attribOption": [] },
"cfregistry/variable":                          { "attribOption": [] },
"cfregistry/type":                              { "attribOption": ["Any","dWord","key","String"] },
"cfregistry/sort":                              { "attribOption": ["asc","desc"] },
"cfregistry/directory":                         { "attribOption": [] },
"cfregistry/name":                              { "attribOption": [] },
"cfregistry/mode":                              { "attribOption": [] },
"cfregistry/newdirectory":                      { "attribOption": [] },
"cfregistry/recurse":                           { "attribOption": ["true","false"], "type": "boolean" },
"cfreport/template":                            { "attribOption": [] },
"cfreport/format":                              { "attribOption": ["Excel","FlashPaper","PDF"] },
"cfreport/name":                                { "attribOption": [] },
"cfreport/filename":                            { "attribOption": [] },
"cfreport/query":                               { "attribOption": [] },
"cfreport/overwrite":                           { "attribOption": ["true","false"], "type": "boolean" },
"cfreport/encryption":                          { "attribOption": ["128-bit","40-bit","none"] },
"cfreport/ownerpassword":                       { "attribOption": [] },
"cfreport/userpassword":                        { "attribOption": [] },
"cfreport/permissions":                         { "attribOption": ["AllowAssembly","AllowCopy","AllowDegradedPrinting","AllowFillIn","AllowModifyAnnotations","AllowModifyContents","AllowPrinting","AllowPrinting,AllowCopy,AllowScreenReaders","AllowPrinting,AllowModifyContents,AllowCopy,AllowModifyAnnotations,AllowFillIn,AllowScreenReaders,AllowAssembly,AllowDegradedPrinting","AllowScreenReaders"] },
"cfreport/datasource":                          { "attribOption": [] },
"cfreport/type":                                { "attribOption": ["microsoft","netscape","standard"] },
"cfreport/timeout":                             { "attribOption": [] },
"cfreport/report":                              { "attribOption": [] },
"cfreport/orderby":                             { "attribOption": [] },
"cfreport/username":                            { "attribOption": [] },
"cfreport/password":                            { "attribOption": [] },
"cfreport/formula":                             { "attribOption": [] },
"cfreportparam/name":                           { "attribOption": [] },
"cfreportparam/value":                          { "attribOption": [] },
"cfsavecontent/variable":                       { "attribOption": [] },
"cfschedule/action":                            { "attribOption": ["delete","run","update"] },
"cfschedule/task":                              { "attribOption": [] },
"cfschedule/operation":                         { "attribOption": ["HTTPRequest"] },
"cfschedule/file":                              { "attribOption": [] },
"cfschedule/path":                              { "attribOption": [] },
"cfschedule/startdate":                         { "attribOption": [] },
"cfschedule/starttime":                         { "attribOption": [] },
"cfschedule/URL":                               { "attribOption": [ ], "type": "url" },
"cfschedule/port":                              { "attribOption": [] },
"cfschedule/publish":                           { "attribOption": ["true","false"], "type": "boolean" },
"cfschedule/enddate":                           { "attribOption": [] },
"cfschedule/endtime":                           { "attribOption": [] },
"cfschedule/interval":                          { "attribOption": ["daily","monthly","once","weekly"] },
"cfschedule/requesttimeout":                    { "attribOption": [] },
"cfschedule/username":                          { "attribOption": [] },
"cfschedule/password":                          { "attribOption": [] },
"cfschedule/proxyserver":                       { "attribOption": [] },
"cfschedule/proxyport":                         { "attribOption": [] },
"cfschedule/proxyuser":                         { "attribOption": [] },
"cfschedule/proxypassword":                     { "attribOption": [] },
"cfschedule/resolveurl":                        { "attribOption": ["true","false"], "type": "boolean" },
"cfsearch/name":                                { "attribOption": [] },
"cfsearch/collection":                          { "attribOption": [] },
"cfsearch/category":                            { "attribOption": [] },
"cfsearch/categorytree":                        { "attribOption": [] },
"cfsearch/status":                              { "attribOption": [] },
"cfsearch/type":                                { "attribOption": ["explicit","internet","internet_basic","natural","simple"] },
"cfsearch/criteria":                            { "attribOption": [] },
"cfsearch/maxrows":                             { "attribOption": [] },
"cfsearch/startrow":                            { "attribOption": [] },
"cfsearch/suggestions":                         { "attribOption": ["10","5","always","never"] },
"cfsearch/contextpassages":                     { "attribOption": [] },
"cfsearch/contextbytes":                        { "attribOption": [] },
"cfsearch/contexthighlightbegin":               { "attribOption": ["<b>","<span class=\"highlight\">","<strong>"] },
"cfsearch/contexthighlightend":                 { "attribOption": ["</b>","</span>","</strong>"] },
"cfsearch/previouscriteria":                    { "attribOption": [] },
"cfselect/name":                                { "attribOption": [] },
"cfselect/id":                                  { "attribOption": [] },
"cfselect/label":                               { "attribOption": [] },
"cfselect/style":                               { "attribOption": [] },
"cfselect/size":                                { "attribOption": [] },
"cfselect/required":                            { "attribOption": ["true","false"], "type": "boolean" },
"cfselect/message":                             { "attribOption": [] },
"cfselect/onerror":                             { "attribOption": [] },
"cfselect/multiple":                            { "attribOption": ["true","false"], "type": "boolean" },
"cfselect/query":                               { "attribOption": [] },
"cfselect/value":                               { "attribOption": [] },
"cfselect/display":                             { "attribOption": [] },
"cfselect/group":                               { "attribOption": [] },
"cfselect/queryposition":                       { "attribOption": ["above","below"] },
"cfselect/selected":                            { "attribOption": [] },
"cfselect/onkeyup":                             { "attribOption": [] },
"cfselect/onkeydown":                           { "attribOption": [] },
"cfselect/onmouseup":                           { "attribOption": [] },
"cfselect/onmousedown":                         { "attribOption": [] },
"cfselect/onchange":                            { "attribOption": [] },
"cfselect/onclick":                             { "attribOption": [] },
"cfselect/enabled":                             { "attribOption": ["true","false"], "type": "boolean" },
"cfselect/visible":                             { "attribOption": ["true","false"], "type": "boolean" },
"cfselect/tooltip":                             { "attribOption": [] },
"cfselect/height":                              { "attribOption": [] },
"cfselect/width":                               { "attribOption": [] },
"cfselect/passthrough":                         { "attribOption": [] },
"cfsetting/enablecfoutputonly":                 { "attribOption": ["true","false"], "type": "boolean" },
"cfsetting/showdebugoutput":                    { "attribOption": ["true","false"], "type": "boolean" },
"cfsetting/requesttimeout":                     { "attribOption": [] },
"cfslider/name":                                { "attribOption": [] },
"cfslider/label":                               { "attribOption": [] },
"cfslider/range":                               { "attribOption": [] },
"cfslider/scale":                               { "attribOption": [] },
"cfslider/value":                               { "attribOption": [] },
"cfslider/onvalidate":                          { "attribOption": [] },
"cfslider/message":                             { "attribOption": [] },
"cfslider/height":                              { "attribOption": [] },
"cfslider/width":                               { "attribOption": [] },
"cfslider/vspace":                              { "attribOption": [] },
"cfslider/hspace":                              { "attribOption": [] },
"cfslider/align":                               { "attribOption": ["absbottom","absmiddle","baseline","bottom","left","middle","right","texttop","top"] },
"cfslider/lookandfeel":                         { "attribOption": ["metal","motif","windows"] },
"cfslider/vertical":                            { "attribOption": ["true","false"], "type": "boolean" },
"cfslider/bgcolor":                             { "attribOption": ["black","blue","cyan","darkgray","gray","lightgray","magenta","orange","pink","red","white","yellow"] },
"cfslider/textcolor":                           { "attribOption": ["black","blue","cyan","darkgray","gray","lightgray","magenta","orange","pink","red","white","yellow"] },
"cfslider/font":                                { "attribOption": ["arial","arialunicodeMS","courier","times"] },
"cfslider/fontsize":                            { "attribOption": [] },
"cfslider/italic":                              { "attribOption": ["true","false"], "type": "boolean" },
"cfslider/bold":                                { "attribOption": ["true","false"], "type": "boolean" },
"cfslider/notsupported":                        { "attribOption": [] },
"cfslider/onerror":                             { "attribOption": [] },
"cfstoredproc/procedure":                       { "attribOption": [] },
"cfstoredproc/datasource":                      { "attribOption": [] },
"cfstoredproc/username":                        { "attribOption": [] },
"cfstoredproc/password":                        { "attribOption": [] },
"cfstoredproc/blockfactor":                     { "attribOption": [] },
"cfstoredproc/debug":                           { "attribOption": ["true","false"], "type": "boolean" },
"cfstoredproc/returncode":                      { "attribOption": ["true","false"], "type": "boolean" },
"cfstoredproc/result":                          { "attribOption": [] },
"cfswitch/expression":                          { "attribOption": [] },
"cftable/query":                                { "attribOption": [] },
"cftable/maxrows":                              { "attribOption": [] },
"cftable/colspacing":                           { "attribOption": [] },
"cftable/headerlines":                          { "attribOption": [] },
"cftable/htmltable":                            { "attribOption": [] },
"cftable/border":                               { "attribOption": [] },
"cftable/colheaders":                           { "attribOption": [] },
"cftable/startrow":                             { "attribOption": [] },
"cftextarea/name":                              { "attribOption": [] },
"cftextarea/id":                                { "attribOption": [] },
"cftextarea/label":                             { "attribOption": [] },
"cftextarea/style":                             { "attribOption": [] },
"cftextarea/required":                          { "attribOption": ["true","false"], "type": "boolean" },
"cftextarea/validate":                          { "attribOption": [] },
"cftextarea/validateat":                        { "attribOption": ["onBlur","onServer","onSubmit"] },
"cftextarea/message":                           { "attribOption": [] },
"cftextarea/range":                             { "attribOption": [] },
"cftextarea/maxlength":                         { "attribOption": [] },
"cftextarea/pattern":                           { "attribOption": [] },
"cftextarea/onvalidate":                        { "attribOption": [] },
"cftextarea/onerror":                           { "attribOption": [] },
"cftextarea/disabled":                          { "attribOption": ["true","false"], "type": "boolean" },
"cftextarea/value":                             { "attribOption": [] },
"cftextarea/bind":                              { "attribOption": [] },
"cftextarea/onkeyup":                           { "attribOption": [] },
"cftextarea/onkeydown":                         { "attribOption": [] },
"cftextarea/onmouseup":                         { "attribOption": [] },
"cftextarea/onmousedown":                       { "attribOption": [] },
"cftextarea/onchange":                          { "attribOption": [] },
"cftextarea/onclick":                           { "attribOption": [] },
"cftextarea/enabled":                           { "attribOption": ["true","false"], "type": "boolean" },
"cftextarea/visible":                           { "attribOption": ["true","false"], "type": "boolean" },
"cftextarea/tooltip":                           { "attribOption": [] },
"cftextarea/height":                            { "attribOption": [] },
"cftextarea/width":                             { "attribOption": [] },
"cftextinput/name":                             { "attribOption": [] },
"cftextinput/value":                            { "attribOption": [] },
"cftextinput/required":                         { "attribOption": ["true","false"], "type": "boolean" },
"cftextinput/range":                            { "attribOption": [] },
"cftextinput/validate":                         { "attribOption": ["creditcard","date","eurodate","float","integer","regular_expression","social_security_number","telephone","time","zipcode"] },
"cftextinput/onvalidate":                       { "attribOption": [] },
"cftextinput/pattern":                          { "attribOption": [] },
"cftextinput/message":                          { "attribOption": [] },
"cftextinput/onerror":                          { "attribOption": [] },
"cftextinput/size":                             { "attribOption": [] },
"cftextinput/font":                             { "attribOption": ["arial","arialunicodeMS","courier","times"] },
"cftextinput/fontsize":                         { "attribOption": [] },
"cftextinput/italic":                           { "attribOption": ["true","false"], "type": "boolean" },
"cftextinput/bold":                             { "attribOption": ["true","false"], "type": "boolean" },
"cftextinput/height":                           { "attribOption": [] },
"cftextinput/width":                            { "attribOption": [] },
"cftextinput/vspace":                           { "attribOption": [] },
"cftextinput/hspace":                           { "attribOption": [] },
"cftextinput/align":                            { "attribOption": ["absbottom","absmiddle","baseline","bottom","left","middle","right","texttop","top"] },
"cftextinput/bgcolor":                          { "attribOption": ["black","blue","cyan","darkgray","gray","lightgray","magenta","orange","pink","red","white","yellow"] },
"cftextinput/textcolor":                        { "attribOption": ["black","blue","cyan","darkgray","gray","lightgray","magenta","orange","pink","red","white","yellow"] },
"cftextinput/maxlength":                        { "attribOption": [] },
"cftextinput/notsupported":                     { "attribOption": [] },
"cfthrow/type":                                 { "attribOption": ["Application"] },
"cfthrow/message":                              { "attribOption": [] },
"cfthrow/detail":                               { "attribOption": [] },
"cfthrow/errorcode":                            { "attribOption": [] },
"cfthrow/extendedinfo":                         { "attribOption": [] },
"cfthrow/object":                               { "attribOption": [] },
"cftimer/label":                                { "attribOption": [] },
"cftimer/type":                                 { "attribOption": ["comment","debug","inline","outline"] },
"cftrace/abort":                                { "attribOption": ["true","false"], "type": "boolean" },
"cftrace/category":                             { "attribOption": [] },
"cftrace/inline":                               { "attribOption": ["true","false"], "type": "boolean" },
"cftrace/text":                                 { "attribOption": [] },
"cftrace/type":                                 { "attribOption": ["error","fatal information","information","warning"] },
"cftrace/var":                                  { "attribOption": [] },
"cftransaction/action":                         { "attribOption": ["begin","commit","rollback"] },
"cftransaction/isolation":                      { "attribOption": ["read_committed","read_uncommitted","repeatable_read","serializable"] },
"cftree/name":                                  { "attribOption": [] },
"cftree/format":                                { "attribOption": ["applet","flash","object","xml"] },
"cftree/required":                              { "attribOption": ["true","false"], "type": "boolean" },
"cftree/delimiter":                             { "attribOption": [",",":",";","\\","|"] },
"cftree/completepath":                          { "attribOption": ["true","false"], "type": "boolean" },
"cftree/appendkey":                             { "attribOption": ["true","false"], "type": "boolean" },
"cftree/highlighthref":                         { "attribOption": ["true","false"], "type": "boolean" },
"cftree/onvalidate":                            { "attribOption": [] },
"cftree/message":                               { "attribOption": [] },
"cftree/onerror":                               { "attribOption": [] },
"cftree/lookandfeel":                           { "attribOption": ["metal","motif","windows"] },
"cftree/font":                                  { "attribOption": ["arial","arialunicodeMS","courier","times"] },
"cftree/fontsize":                              { "attribOption": [] },
"cftree/italic":                                { "attribOption": ["true","false"], "type": "boolean" },
"cftree/bold":                                  { "attribOption": ["true","false"], "type": "boolean" },
"cftree/height":                                { "attribOption": [] },
"cftree/width":                                 { "attribOption": [] },
"cftree/vspace":                                { "attribOption": [] },
"cftree/hspace":                                { "attribOption": [] },
"cftree/align":                                 { "attribOption": ["absbottom","absmiddle","baseline","bottom","left","middle","right","texttop","top"] },
"cftree/border":                                { "attribOption": ["true","false"], "type": "boolean" },
"cftree/hscroll":                               { "attribOption": ["true","false"], "type": "boolean" },
"cftree/vscroll":                               { "attribOption": ["true","false"], "type": "boolean" },
"cftree/style":                                 { "attribOption": [] },
"cftree/enabled":                               { "attribOption": ["true","false"], "type": "boolean" },
"cftree/visible":                               { "attribOption": ["true","false"], "type": "boolean" },
"cftree/tooltip":                               { "attribOption": [] },
"cftree/onchange":                              { "attribOption": [] },
"cftree/onblur":                                { "attribOption": [] },
"cftree/onfocus":                               { "attribOption": [] },
"cftree/notsupported":                          { "attribOption": [] },
"cftreeitem/value":                             { "attribOption": [] },
"cftreeitem/display":                           { "attribOption": [] },
"cftreeitem/parent":                            { "attribOption": [] },
"cftreeitem/img":                               { "attribOption": ["cd","computer","document","element","fixed","floppy","folder","remote"] },
"cftreeitem/imgopen":                           { "attribOption": [] },
"cftreeitem/href":                              { "attribOption": [] },
"cftreeitem/target":                            { "attribOption": [] },
"cftreeitem/query":                             { "attribOption": [] },
"cftreeitem/queryAsRoot":                       { "attribOption": [] },
"cftreeitem/expand":                            { "attribOption": ["true","false"], "type": "boolean" },
"cfupdate/datasource":                          { "attribOption": [] },
"cfupdate/tablename":                           { "attribOption": [] },
"cfupdate/tableowner":                          { "attribOption": [] },
"cfupdate/tablequalifier":                      { "attribOption": [] },
"cfupdate/username":                            { "attribOption": [] },
"cfupdate/password":                            { "attribOption": [] },
"cfupdate/formfields":                          { "attribOption": [] },
"cfwddx/action":                                { "attribOption": ["cfml2js","cfml2wddx","wddx2cfml","wddx2js"] },
"cfwddx/input":                                 { "attribOption": [] },
"cfwddx/output":                                { "attribOption": [] },
"cfwddx/toplevelvariable":                      { "attribOption": [] },
"cfwddx/usetimezoneinfo":                       { "attribOption": ["true","false"], "type": "boolean" },
"cfwddx/validate":                              { "attribOption": ["true","false"], "type": "boolean" },
"cfxml/variable":                               { "attribOption": [] },
"cfxml/casesensitive":                          { "attribOption": ["true","false"], "type": "boolean" }
}
