{
"cfabort":               { "attributes": ["showerror"] },
"cfapplet":              { "attributes": ["appletsource","name","height","width","vspace","hspace","align","notsupported"] },
"cfapplication":         { "attributes": ["name","loginstorage","clientmanagement","clientstorage","setclientcookies","sessionmanagement","sessiontimeout","applicationtimeout","setdomaincookies","scriptprotect"] },
"cfargument":            { "attributes": ["name","type","required","default","displayname","hint"] },
"cfassociate":           { "attributes": ["basetag","datacollection"] },
"cfbreak":               { "attributes": [ ] },
"cfcache":               { "attributes": ["action","directory","Timespan","expireurl","username","password","port","protocol"] },
"cfcalendar":            { "attributes": ["name","height","width","selecteddate","startrange","endrange","disabled","mask","firstdayofweek","daynames","monthnames","enabled","visible","tooltip","style","onchange"] },
"cfcase":                { "attributes": ["value","delimiters"] },
"cfcatch":               { "attributes": ["type"] },
"cfchart":               { "attributes": ["chartheight","chartwidth","scalefrom","scaleto","showxgridlines","showygridlines","gridlines","seriesplacement","foregroundcolor","backgroundcolor","showborder","databackgroundcolor","font","fontsize","fontitalic","fontbold","labelformat","xaxistitle","yaxistitle","xaxistype","yaxistype","sortxaxis","show3d","xoffset","yoffset","showlegend","rotated","tipstyle","tipbgcolor","showmarkers","markersize","pieslicestyle","URL","name","style","title","format"] },
"cfchartdata":           { "attributes": ["item","value"] },
"cfchartseries":         { "attributes": ["type","query","itemcolumn","valuecolumn","serieslabel","paintstyle","markerstyle","colorlist","datalabelstyle","seriescolor"] },
"cfcol":                 { "attributes": ["header","width","align","text"] },
"cfcollection":          { "attributes": ["action","collection","path","language","name","categories"] },
"cfcomponent":           { "attributes": ["extends","output","displayname","name","hint","style","namespace","serviceportname","porttypename","bindingname","wsdlfile"] },
"cfcontent":             { "attributes": ["type","deletefile","file","variable","reset"] },
"cfcookie":              { "attributes": ["name","value","expires","secure","path","domain"] },
"cfdefaultcase":         { "attributes": [ ] },
"cfdirectory":           { "attributes": ["action","directory","name","filter","mode","sort","newdirectory","recurse"] },
"cfdocument":            { "attributes": ["format","filename","overwrite","name","pagetype","pageheight","pagewidth","orientation","margintop","marginbottom","marginleft","marginright","unit","encryption","ownerpassword","userpassword","permissions","fontembed","backgroundvisible","scale"] },
"cfdocumentitem":        { "attributes": ["type"] },
"cfdocumentsection":     { "attributes": ["margintop","marginbottom","marginleft","marginright"] },
"cfdump":                { "attributes": ["var","expand","label"] },
"cfelse":                { "attributes": [ ] },
"cfelseif":              { "attributes": [ ] },
"cferror":               { "attributes": ["type","template","mailto","exception"] },
"cfexecute":             { "attributes": ["name","arguments","outputfile","variable","timeout"] },
"cfexit":                { "attributes": ["method"] },
"cffile":                { "attributes": ["action","file","mode","output","addnewline","attributes","charset","source","destination","variable","filefield","nameconflict","accept","result","fixnewline"] },
"cfflush":               { "attributes": ["interval"] },
"cfform":                { "attributes": ["name","action","method","format","skin","preservedata","onload","onsubmit","codebase","archive","height","width","onerror","wmode","accessible","preloader","timeout","scriptsrc","style","onreset","id","target","passthrough","enctype","class","enablecab"] },
"cfformgroup":           { "attributes": ["type","query","startrow","maxrows","label","id","style","selectedindex","width","height","enabled","visible","onchange","tooltip"] },
"cfformitem":            { "attributes": ["type","style","width","height","enabled","visible","tooltip","bind"] },
"cfftp":                 { "attributes": ["action","username","password","server","timeout","port","connection","proxyserver","retrycount","stoponerror","passive","transfermode","failifexists","directory","localfile","remotefile","item","existing","new","name","result","asciiextensionlist"] },
"cffunction":            { "attributes": ["name","returntype","roles","access","output","displayname","hint","description"] },
"cfgrid":                { "attributes": ["name","format","height","width","autowidth","vspace","hspace","align","query","insert","delete","sort","font","fontsize","italic","bold","textcolor","href","hrefkey","target","appendkey","highlighthref","onvalidate","onerror","griddataalign","gridlines","rowheight","rowheaders","rowheaderalign","rowheaderfont","rowheaderfontsize","rowheaderitalic","rowheaderbold","rowheadertextcolor","colheaders","colheaderalign","colheaderfont","colheaderfontsize","colheaderitalic","colheaderbold","colheadertextcolor","bgcolor","selectcolor","selectmode","maxrows","notsupported","picturebar","insertbutton","deletebutton","sortascendingbutton","sortdescendingbutton","style","enabled","visible","tooltip","onchange"] },
"cfgridcolumn":          { "attributes": ["name","header","width","font","fontsize","italic","bold","bgcolor","textcolor","href","hrefkey","target","select","display","type","headerfont","headerfontsize","headeritalic","headerbold","headertextcolor","dataalign","headeralign","numberformat","values","valuesdisplay","valuesdelimiter","mask"] },
"cfgridrow":             { "attributes": ["data"] },
"cfgridupdate":          { "attributes": ["grid","datasource","tablename","username","password","tableowner","tablequalifier","keyonly"] },
"cfheader":              { "attributes": ["name","value","charset","statuscode","statustext"] },
"cfhtmlhead":            { "attributes": ["text"] },
"cfhttp":                { "attributes": ["url","port","method","proxyserver","proxyport","proxyuser","proxypassword","username","password","useragent","charset","resolveurl","throwonerror","redirect","timeout","getasbinary","result","delimiter","name","columns","firstrowasheaders","textqualifier","file","multipart","path"] },
"cfhttpparam":           { "attributes": ["type","name","value","file","encoded","mimetype"] },
"cfif":                  { "attributes": [ ] },
"cfimport":              { "attributes": ["taglib","prefix"] },
"cfinclude":             { "attributes": ["template"] },
"cfindex":               { "attributes": ["collection","action","type","title","key","body","custom1","custom2","custom3","custom4","category","categoryTree","urlpath","extensions","query","recurse","language","status"] },
"cfinput":               { "attributes": ["name","id","type","label","style","class","required","mask","validate","validateat","message","range","maxlength","pattern","onvalidate","onerror","size","value","bind","checked","disabled","src","onkeyup","onkeydown","onmouseup","onmousedown","onchange","onclick","daynames","firstdayofweek","monthnames","enabled","visible","tooltip","width","height","passthrough"] },
"cfinsert":              { "attributes": ["datasource","tablename","tableowner","tablequalifier","username","password","formfields"] },
"cfinvoke":              { "attributes": ["component","method","returnvariable","argumentcollection","username","password","webservice","timeout","proxyserver","proxyport","proxyuser","proxypassword","serviceport"] },
"cfinvokeargument":      { "attributes": ["name","value","omit"] },
"cfldap":                { "attributes": ["server","port","username","password","action","name","timeout","maxrows","start","scope","attributes","returnasbinary","filter","sort","sortcontrol","dn","startrow","modifytype","rebind","referral","secure","separator","delimiter"] },
"cflocation":            { "attributes": ["url","addtoken"] },
"cflock":                { "attributes": ["timeout","scope","name","throwontimeout","type"] },
"cflog":                 { "attributes": ["text","log","file","type","application"] },
"cflogin":               { "attributes": ["idletimeout","applicationtoken","cookiedomain"] },
"cfloginuser":           { "attributes": ["name","password","roles"] },
"cflogout":              { "attributes": [ ] },
"cfloop":                { "attributes": ["index","to","from","step","condition","query","startrow","endrow","list","delimiters","collection","item"] },
"cfmail":                { "attributes": ["to","from","cc","bcc","subject","replyto","failto","username","password","wraptext","charset","type","mimeattach","query","group","groupcasesensitive","startrow","maxrows","server","port","mailerid","timeout","spoolenable","debug"] },
"cfmailparam":           { "attributes": ["file","type","name","value","contentID","disposition"] },
"cfmailpart":            { "attributes": ["type","wraptext","charset"] },
"cfmodule":              { "attributes": ["template","name","attributecollection"] },
"cfntauthenticate":      { "attributes": ["name","password","domain","result","listgroups","throwonerror"] },
"cfobject":              { "attributes": ["type","action","class","name","context","server","component","locale","webservice"] },
"cfobjectcache":         { "attributes": ["action"] },
"cfoutput":              { "attributes": ["query","group","groupcasesensitive","startrow","maxrows"] },
"cfparam":               { "attributes": ["name","type","default","max","min","pattern"] },
"cfpop":                 { "attributes": ["server","port","username","password","action","name","messagenumber","uid","attachmentpath","timeout","maxrows","startrow","generateuniquefilenames"] },
"cfprocessingdirective": { "attributes": ["suppresswhitespace","pageencoding"] },
"cfprocparam":           { "attributes": ["type","variable","value","cfsqltype","maxlength","scale","null","dbvarname"] },
"cfprocresult":          { "attributes": ["name","resultset","maxrows"] },
"cfproperty":            { "attributes": ["name","type","required","default","displayname","hint"] },
"cfquery":               { "attributes": ["name","datasource","dbtype","username","password","maxrows","blockfactor","timeout","cachedafter","cachedwithin","debug","result"] },
"cfqueryparam":          { "attributes": ["value","cfsqltype","maxlength","scale","null","list","separator"] },
"cfregistry":            { "attributes": ["action","branch","entry","variable","type","sort","directory","name","mode","newdirectory","recurse"] },
"cfreport":              { "attributes": ["template","format","name","filename","query","overwrite","encryption","ownerpassword","userpassword","permissions","datasource","type","timeout","report","orderby","username","password","formula"] },
"cfreportparam":         { "attributes": ["name","value"] },
"cfrethrow":             { "attributes": [ ] },
"cfreturn":              { "attributes": [ ] },
"cfsavecontent":         { "attributes": ["variable"] },
"cfschedule":            { "attributes": ["action","task","operation","file","path","startdate","starttime","URL","port","publish","enddate","endtime","interval","requesttimeout","username","password","proxyserver","proxyport","proxyuser","proxypassword","resolveurl"] },
"cfscript":              { "attributes": [ ] },
"cfsearch":              { "attributes": ["name","collection","category","categorytree","status","type","criteria","maxrows","startrow","suggestions","contextpassages","contextbytes","contexthighlightbegin","contexthighlightend","previouscriteria"] },
"cfselect":              { "attributes": ["name","id","label","style","size","required","message","onerror","multiple","query","value","display","group","queryposition","selected","onkeyup","onkeydown","onmouseup","onmousedown","onchange","onclick","enabled","visible","tooltip","height","width","passthrough"] },
"cfset":                 { "attributes": [ ] },
"cfsetting":             { "attributes": ["enablecfoutputonly","showdebugoutput","requesttimeout"] },
"cfsilent":              { "attributes": [ ] },
"cfslider":              { "attributes": ["name","label","range","scale","value","onvalidate","message","height","width","vspace","hspace","align","lookandfeel","vertical","bgcolor","textcolor","font","fontsize","italic","bold","notsupported","onerror"] },
"cfstoredproc":          { "attributes": ["procedure","datasource","username","password","blockfactor","debug","returncode","result"] },
"cfswitch":              { "attributes": ["expression"] },
"cftable":               { "attributes": ["query","maxrows","colspacing","headerlines","htmltable","border","colheaders","startrow"] },
"cftextarea":            { "attributes": ["name","id","label","style","required","validate","validateat","message","range","maxlength","pattern","onvalidate","onerror","disabled","value","bind","onkeyup","onkeydown","onmouseup","onmousedown","onchange","onclick","enabled","visible","tooltip","height","width"] },
"cftextinput":           { "attributes": ["name","value","required","range","validate","onvalidate","pattern","message","onerror","size","font","fontsize","italic","bold","height","width","vspace","hspace","align","bgcolor","textcolor","maxlength","notsupported"] },
"cfthrow":               { "attributes": ["type","message","detail","errorcode","extendedinfo","object"] },
"cftimer":               { "attributes": ["label","type"] },
"cftrace":               { "attributes": ["abort","category","inline","text","type","var"] },
"cftransaction":         { "attributes": ["action","isolation"] },
"cftree":                { "attributes": ["name","format","required","delimiter","completepath","appendkey","highlighthref","onvalidate","message","onerror","lookandfeel","font","fontsize","italic","bold","height","width","vspace","hspace","align","border","hscroll","vscroll","style","enabled","visible","tooltip","onchange","onblur","onfocus","notsupported"] },
"cftreeitem":            { "attributes": ["value","display","parent","img","imgopen","href","target","query","queryAsRoot","expand"] },
"cftry":                 { "attributes": [ ] },
"cfupdate":              { "attributes": ["datasource","tablename","tableowner","tablequalifier","username","password","formfields"] },
"cfwddx":                { "attributes": ["action","input","output","toplevelvariable","usetimezoneinfo","validate"] },
"cfxml":                 { "attributes": ["variable","casesensitive"] }
}
