<?xml version="1.0"?>
<device xmlns:xsd="http://www.w3.org/2001/XMLSchema" xmlns:xsi="http://www.w3.org/2001/XMLSchema-instance" pairingmethod="0" osversion="10.0" swversion="6.94.17" name="Craft Advanced Keyboard" image="6b350.png" id="0x6b350" extendedid="0" bustype="1" devicetype="0">
  <features>
    <feature id="0x1000">
      <params>
        <param name="numberOfLevels" value="4" />
        <param name="flags" value="4" />
        <param name="nominalBatteryLife" value="49157" />
        <param name="batteryCriticalLife" value="10" />
      </params>
      <controlids />
      <fn_controlids />
      <gestures />
      <fn_gestures />
      <events />
    </feature>
    <feature id="0x1814">
      <params>
        <param name="nbHost" value="3" />
      </params>
      <controlids />
      <fn_controlids />
      <gestures />
      <fn_gestures />
      <events />
    </feature>
    <feature id="0x1815">
      <params>
        <param name="nbHost" value="3" />
        <param name="eQuadHDCapability" value="0" />
        <param name="USBHDCapability" value="0" />
        <param name="BTHDCapability" value="1" />
        <param name="BLEHDCapability" value="0" />
        <param name="GetNameCapability" value="1" />
        <param name="SetNameCapability" value="1" />
        <param name="MoveHostCapability" value="0" />
        <param name="DeleteHostCapability" value="0" />
      </params>
      <controlids />
      <fn_controlids />
      <gestures />
      <fn_gestures />
      <events />
    </feature>
    <feature id="0x1982">
      <params>
        <param name="enableBacklight" value="1" />
        <param name="wow" value="1" />
        <param name="crown" value="0" />
      </params>
      <controlids />
      <fn_controlids />
      <gestures />
      <fn_gestures />
      <events />
    </feature>
    <feature id="0x1b04">
      <params />
      <controlids>
        <controlid rawxy="0" id="0x000a" reprogrammable="true" type="hotkey" taskidlist="calculatorList">
          <task id="0x000a" class="filelauncher">
            <params commandlineargs="" exe="calc.exe" lookuppath="1" />
          </task>
          <remappableids />
          <actions />
        </controlid>
        <controlid rawxy="0" id="0x006e" reprogrammable="true" type="fkey" fpos="5" taskidlist="showdesktopTaskidList">
          <task id="0x0043" class="keystroke">
            <params command="*d" />
          </task>
          <remappableids />
          <actions />
        </controlid>
        <controlid rawxy="0" id="0x006f" reprogrammable="true" type="hotkey" taskidlist="lockScreenTaskidList">
          <task id="0x0044" class="powermanagement">
            <params command="lockpc" />
          </task>
          <remappableids />
          <actions />
        </controlid>
        <controlid rawxy="0" id="0x00bf" reprogrammable="true" type="hotkey" taskidlist="printscreenTaskidList">
          <task divert="0" id="0x009b" class="donothing">
            <params />
          </task>
          <remappableids />
          <actions />
        </controlid>
        <controlid rawxy="0" id="0x00c7" reprogrammable="true" type="fkey" fpos="1" taskidlist="brightnessDownTaskidlist">
          <task id="0x00a3" class="brightnesscommand">
            <params command="down" />
          </task>
          <remappableids />
          <actions />
        </controlid>
        <controlid rawxy="0" id="0x00c8" reprogrammable="true" type="fkey" fpos="2" taskidlist="brightnessUpTaskidlist">
          <task id="0x00a4" class="brightnesscommand">
            <params command="up" />
          </task>
          <remappableids />
          <actions />
        </controlid>
        <controlid generic="1" rawxy="0" id="0x00d1" reprogrammable="false" type="hotkey">
          <task id="0xffff" class="donothing">
            <params />
          </task>
          <remappableids />
          <actions />
        </controlid>
        <controlid generic="1" rawxy="0" id="0x00d2" reprogrammable="false" type="hotkey">
          <task id="0xffff" class="donothing">
            <params />
          </task>
          <remappableids />
          <actions />
        </controlid>
        <controlid generic="1" rawxy="0" id="0x00d3" reprogrammable="false" type="hotkey">
          <task duplicate="45" id="0x00b0" class="keystroke">
            <params command7="*f" command8="*q" command10="*s" />
          </task>
          <remappableids />
          <actions />
        </controlid>
        <controlid rawxy="0" id="0x00e0" reprogrammable="true" type="fkey" fpos="3" taskidlist="taskviewTaskIdlist">
          <task id="0x00bf" class="taskview">
            <params />
          </task>
          <remappableids />
          <actions />
        </controlid>
        <controlid rawxy="0" id="0x00e1" reprogrammable="true" type="fkey" fpos="4" taskidlist="actionCenterTaskIdlist">
          <task id="0x00c0" class="keystroke">
            <params command7="*{TAB}" command8="*i" command10="*a" />
          </task>
          <remappableids />
          <actions />
        </controlid>
        <controlid rawxy="0" id="0x00e2" reprogrammable="true" type="fkey" fpos="6" taskidlist="backlightdownTaskIdlist">
          <task divert="0" id="0x00c1" class="virtualkey">
            <params />
          </task>
          <remappableids />
          <actions />
        </controlid>
        <controlid rawxy="0" id="0x00e3" reprogrammable="true" type="fkey" fpos="7" taskidlist="backlightupTaskIdlist">
          <task divert="0" id="0x00c2" class="virtualkey">
            <params />
          </task>
          <remappableids />
          <actions />
        </controlid>
        <controlid rawxy="0" id="0x00e4" reprogrammable="true" type="fkey" fpos="8" taskidlist="previousTrackTaskIdlist">
          <task id="0x0006" class="media">
            <params command="previous" />
          </task>
          <remappableids />
          <actions />
        </controlid>
        <controlid rawxy="0" id="0x00e5" reprogrammable="true" type="fkey" fpos="9" taskidlist="playpauseTrackTaskIdlist">
          <task id="0x0004" class="media">
            <params command="play_pause" />
          </task>
          <remappableids />
          <actions />
        </controlid>
        <controlid rawxy="0" id="0x00e6" reprogrammable="true" type="fkey" fpos="10" taskidlist="nextTrackTaskIdlist">
          <task id="0x0005" class="media">
            <params command="next" />
          </task>
          <remappableids />
          <actions />
        </controlid>
        <controlid rawxy="0" id="0x00e7" reprogrammable="true" type="fkey" fpos="11" taskidlist="muteTaskIdlist">
          <task id="0x0003" class="volumecommand">
            <params command="volmute" />
          </task>
          <remappableids />
          <actions />
        </controlid>
        <controlid rawxy="0" id="0x00e8" reprogrammable="true" type="fkey" fpos="12" taskidlist="volDownTaskIdlist">
          <task id="0x0002" class="volumecommand">
            <params command="voldown" />
          </task>
          <remappableids />
          <actions />
        </controlid>
        <controlid rawxy="0" id="0x00e9" reprogrammable="true" type="hotkey" taskidlist="volUpTaskIdlist">
          <task id="0x0001" class="volumecommand">
            <params command="volup" />
          </task>
          <remappableids />
          <actions />
        </controlid>
        <controlid rawxy="0" id="0x00ea" reprogrammable="true" type="hotkey" taskidlist="appMenuTaskIdlist">
          <task duplicate="57" id="0x00c3" class="mouseclick">
            <params />
          </task>
          <remappableids />
          <actions />
        </controlid>
        <controlid rawxy="0" id="0x00eb" reprogrammable="false" type="hotkey">
          <task id="0xffff" class="donothing">
            <params />
          </task>
          <remappableids />
          <actions />
        </controlid>
        <controlid rawxy="0" id="0x00ec" reprogrammable="false" type="hotkey">
          <task id="0xffff" class="donothing">
            <params />
          </task>
          <remappableids />
          <actions />
        </controlid>
      </controlids>
      <fn_controlids />
      <gestures />
      <fn_gestures />
      <events />
    </feature>
    <feature id="0x40a3">
      <params>
        <param name="fnInversionState" value="0" />
        <param name="fnInversionDefaultState" value="1" />
      </params>
      <controlids />
      <fn_controlids />
      <gestures />
      <fn_gestures />
      <events />
    </feature>
    <feature id="0x4521">
      <params>
        <param name="winKey" value="0" />
        <param name="insertKey" value="0" />
        <param name="scrollLockKey" value="0" />
        <param name="numLockKey" value="0" />
        <param name="capsLockKey" value="0" />
      </params>
      <controlids />
      <fn_controlids />
      <gestures />
      <fn_gestures />
      <events />
    </feature>
    <feature id="0x4531">
      <params>
        <param name="nbHost" value="3" />
        <param name="osDetectionCapability" value="1" />
        <param name="setHostPlatformCapability" value="1" />
        <param name="autoHostSwitch" value="1" />
      </params>
      <controlids />
      <fn_controlids />
      <gestures />
      <fn_gestures />
      <events />
    </feature>
    <feature id="0x4600">
      <params />
      <controlids />
      <fn_controlids />
      <gestures />
      <fn_gestures />
      <events>
        <event id="rotate">
          <task id="0x10064" class="crownchangetoolvalue" name="changetoolvalue">
            <params configure="1" />
          </task>
          <longtasklist>
            <task id="0x10064" class="crownchangetoolvalue" name="changetoolvalue">
              <params configure="1" />
            </task>
            <task id="0x10059" class="crownvolume" name="crownvolume">
              <params />
            </task>
            <task id="0x1005b" class="crownbrightness" name="crownbrightness">
              <params />
            </task>
            <task id="0x1005c" class="crownmediacontrol" name="crownmediacontrol">
              <params />
            </task>
            <task id="0x1005d" class="crownexposeappswitch" name="crownexposeappswitch">
              <params />
            </task>
            <task id="0x1005f" class="crowntabscommand" name="crowntabscommand">
              <params />
            </task>
            <task minver="10" id="0x1005a" class="crownswitchdesktop" name="crownswitchdesktop">
              <params />
            </task>
            <task id="0x10061" class="crownzoom" name="crownzoom">
              <params />
            </task>
            <task id="0x10063" class="crowncustomkeyleftright" name="crowncustomkeyleftright">
              <params alt="0" ralt="0" configure="1" ctrl="0" rctrl="0" name="" ratchet="1" shift="0" rshift="0" vkey="0" rvkey="0" win="0" rwin="0" />
            </task>
            <task id="0x10067" class="crownhscroll" name="crownhscroll">
              <params />
            </task>
          </longtasklist>
          <shorttasklist>
            <task id="0x10059" class="crownvolume" name="crownvolume">
              <params />
            </task>
            <task id="0x1005b" class="crownbrightness" name="crownbrightness">
              <params />
            </task>
            <task id="0x1005c" class="crownmediacontrol" name="crownmediacontrol">
              <params />
            </task>
          </shorttasklist>
        </event>
        <event id="press">
          <task id="0x10000" class="virtualkey" name="keystrokeassignment">
            <params alt="0" configure="1" ctrl="0" extkey="0" shift="0" vkey="120" win="0" />
          </task>
          <longtasklist>
            <task minver="8" maxver="8.1" id="0x0079" class="keystroke" name="applicationmenu">
              <params command="*z" />
            </task>
            <task duplicate="60" id="0x003b" class="browsercommand" name="back">
              <params command="back" />
            </task>
            <task id="0x000a" class="filelauncher" name="calculator">
              <params commandlineargs="" exe="calc.exe" lookuppath="1" />
            </task>
            <task minver="8" maxver="8.1" id="0x007a" class="keystroke" name="charms">
              <params command="*c" />
            </task>
            <task id="0x000c" class="keystroke" name="closewindow">
              <params command="%{F4}" />
            </task>
            <task id="0x004e" class="keystroke" name="copy">
              <params command="^c" />
            </task>
            <task id="0x0051" class="keystroke" name="cut">
              <params command="^x" />
            </task>
            <task minver="8" id="0x0089" class="keystroke" name="devices">
              <params command="*^{F21}" />
            </task>
            <task minver="8" id="0x0049" class="folderlauncher" name="documents">
              <params foldername="CSIDL_PERSONAL" />
            </task>
            <task id="0x1000c" class="mouseclick" name="doubleclick">
              <params />
            </task>
            <task id="0x000e" class="email" name="email">
              <params clientname="default" />
            </task>
            <task duplicate="62" id="0x003d" class="browsercommand" name="forward">
              <params command="forward" />
            </task>
            <task minver="8" duplicate="26" id="0x0056" class="browsercommand" name="home">
              <params command="home" />
            </task>
            <task id="0x00ba" class="keystroke" name="inputlanguage">
              <params command="%+" />
            </task>
            <task id="0x10000" class="virtualkey" name="keystrokeassignment">
              <params alt="0" configure="1" ctrl="0" extkey="0" shift="0" vkey="122" win="0" />
            </task>
            <task id="0x10004" class="filelauncher" name="launchapplication">
              <params commandlineargs="" configure="1" exe="" />
            </task>
            <task id="0x0038" class="mouseclick" name="leftclick">
              <params />
            </task>
            <task id="0x0044" class="powermanagement" name="lock">
              <params command="lockpc" />
            </task>
            <task id="0x0095" class="sysmenu" name="maximizewindow">
              <params command="maximize" />
            </task>
            <task id="0x001d" class="media" name="mediaplayer">
              <params command="launch" />
            </task>
            <task id="0x003a" class="mouseclick" name="middlebutton">
              <params />
            </task>
            <task id="0x0094" class="sysmenu" name="minimizewindow">
              <params command="minimize" />
            </task>
            <task minver="8" id="0x0054" class="folderlauncher" name="music">
              <params foldername="CSIDL_MYMUSIC" />
            </task>
            <task id="0x0003" class="volumecommand" name="mute">
              <params command="volmute" />
            </task>
            <task maxver="7" id="0x0027" class="filelauncher" name="mycomputer">
              <params commandlineargs="::{20D04FE0-3AEA-1069-A2D8-08002B30309D}" exe="explorer.exe" lookuppath="0" />
            </task>
            <task maxver="7" id="0x0022" class="folderlauncher" name="mydocuments">
              <params foldername="CSIDL_PERSONAL" />
            </task>
            <task maxver="7" duplicate="86" id="0x001a" class="browsercommand" name="myhome">
              <params command="home" />
            </task>
            <task maxver="7" id="0x0023" class="folderlauncher" name="mymusic">
              <params foldername="CSIDL_MYMUSIC" />
            </task>
            <task maxver="7" id="0x0024" class="folderlauncher" name="mypictures">
              <params foldername="CSIDL_MYPICTURES" />
            </task>
            <task maxver="7" id="0x0026" class="folderlauncher" name="myvideos">
              <params foldername="CSIDL_MYVIDEO" />
            </task>
            <task id="0x0005" class="media" name="next">
              <params command="next" />
            </task>
            <task id="0x10008" class="filelauncher" name="openfile">
              <params commandlineargs="" configure="1" exe="" lookuppath="1" openfile="1" />
            </task>
            <task id="0x10009" class="filelauncher" name="openfolder">
              <params commandlineargs="" configure="1" exe="" lookuppath="1" openfolder="1" />
            </task>
            <task id="0x1000a" class="openwebpage" name="openwebpage">
              <params configure="1" weburl="" />
            </task>
            <task id="0x0085" class="keystroke" name="paste">
              <params command="^v" />
            </task>
            <task minver="8" id="0x0050" class="folderlauncher" name="pictures">
              <params foldername="CSIDL_MYPICTURES" />
            </task>
            <task id="0x0004" class="media" name="playpause">
              <params command="play_pause" />
            </task>
            <task id="0x0006" class="media" name="previous">
              <params command="previous" />
            </task>
            <task duplicate="152" id="0x0039" class="mouseclick" name="rightclick">
              <params />
            </task>
            <task id="0x002d" class="keystroke" name="search">
              <params command7="*f" command8="*q" command10="*s" />
            </task>
            <task minver="8" id="0x008a" class="keystroke" name="settings">
              <params command="*{F21}" />
            </task>
            <task minver="8" id="0x0088" class="keystroke" name="share">
              <params command="*%{F21}" />
            </task>
            <task id="0x0043" class="keystroke" name="showhidedesktop">
              <params command="*d" />
            </task>
            <task id="0x10002" class="powermanagement" name="shutdown">
              <params command="shutdown" />
            </task>
            <task id="0x10001" class="powermanagement" name="signout">
              <params command="logoff" />
            </task>
            <task id="0x002f" class="powermanagement" name="sleep">
              <params command="standby" />
            </task>
            <task minver="8" id="0x0090" class="keystroke" name="startscreen">
              <params command="*" />
            </task>
            <task id="0x0007" class="media" name="stop">
              <params command="stop" />
            </task>
            <task duplicate="150" id="0x0008" class="switchapp" name="appswitch">
              <params />
            </task>
            <task id="0x0093" class="switchscreen" name="switchscreen">
              <params />
            </task>
            <task minver="8" id="0x0048" class="filelauncher" name="thispc">
              <params commandlineargs="::{20D04FE0-3AEA-1069-A2D8-08002B30309D}" exe="explorer.exe" lookuppath="0" />
            </task>
            <task minver="8" id="0x0055" class="folderlauncher" name="videos">
              <params foldername="CSIDL_MYVIDEO" />
            </task>
            <task id="0x0037" class="zoomcommand" name="zoomreset">
              <params command="zoomreset" />
            </task>
            <task minver="10" id="0x10042" class="virtualkeyex" name="createvirtualdesktop">
              <params alt="0" configure="0" ctrl="1" shift="0" vkey="68" win="1" />
            </task>
            <task minver="10" id="0x10043" class="virtualkey" name="clonevirtualdesktop">
              <params alt="0" configure="0" ctrl="1" shift="0" vkey="115" win="1" />
            </task>
            <task minver="10" id="0x10044" class="virtualkeyex" name="nextvirtualdesktop">
              <params alt="0" configure="0" ctrl="1" shift="0" vkey="39" win="1" />
            </task>
            <task minver="10" id="0x10045" class="virtualkeyex" name="previousvirtualdesktop">
              <params alt="0" configure="0" ctrl="1" shift="0" vkey="37" win="1" />
            </task>
            <task maxver="7" id="0x10051" class="exposeappswitch" name="teskview">
              <params />
            </task>
            <task minver="10" id="0x10053" class="virtualkey" name="teskview10">
              <params alt="0" configure="0" ctrl="0" shift="0" vkey="9" win="1" />
            </task>
            <task minver="10" id="0x10055" class="cortana" name="cortana">
              <params />
            </task>
            <task minver="10" id="0x10052" class="virtualkey" name="actioncenter">
              <params alt="0" configure="0" ctrl="0" shift="0" vkey="65" win="1" />
            </task>
          </longtasklist>
          <shorttasklist>
            <task id="0x0004" class="media" name="playpause">
              <params command="play_pause" />
            </task>
            <task id="0x0003" class="volumecommand" name="mute">
              <params command="volmute" />
            </task>
            <task id="0x0043" class="keystroke" name="showhidedesktop">
              <params command="*d" />
            </task>
          </shorttasklist>
        </event>
      </events>
    </feature>
  </features>
  <appsettings>
    <param name="appProfilesEnabled" value="1" />
    <param name="showFlowTutorial" value="1" />
  </appsettings>
</device>
