[
    {
        "name": "Function",
        "trigger": "f",
        "usage": "f myFunc",
        "description": "Create a javascript function",
        "template": "function $${name}() {\n!!{cursor}\n}"
    },
    {
        "name": "For Loop",
        "trigger": "for",
        "usage": "for x someArray",
        "description": "Create a javascript for loop",
        "template": "var $${iterator};\nvar $${limit} = $${container}.length;\nfor ($${iterator} = 0; $${iterator} < $${limit}; $${iterator}++) {\n!!{cursor}\n}"
    },
    {
        "name": "For Each",
        "trigger": "foreach",
        "usage": "foreach itemList item",
        "description": "Create a javascript foreach loop",
        "template": "$${container}.forEach(function ($${subject}) {\n!!{cursor}\n});"
    },
    {
        "name": "Requires",
        "trigger": "req",
        "usage": "req reference module",
        "description": "Create a javascript requires block",
        "template": "var $${name} = require(\"$${path}\");"
    },
    {
        "name": "Immediately-Invoked Function",
        "trigger": "iife",
        "usage": "iife",
        "description": "Create a javascript immediately-invoked function",
        "template": "(function () {\n\"use strict\";\n\n!!{cursor}\n}());"
    },
    {
        "name": "Sample inline script for console logging",
        "trigger": "log",
        "usage": "log x",
        "description": "Log a message into console",
        "template": "console.log($${message});!!{cursor}",
        "inline": true
    }
]
