{
    "bodyBeginHTML": {
        "attributes": [],
        "context": [
            "HTMLWidget", 
            "value", 
            "trueVal",
            "falseVal"
        ]
    },
    "bodyEndHTML": {
        "attributes": [],
        "context": [
            "HTMLWidget", 
            "value", 
            "trueVal",
            "falseVal"
        ]
    },
    "bool": {
        "attributes": [
            "defaultValue", 
            "label", 
            "name", 
            "toolTip"
        ],
        "context": ["parameters", "section"]
    },
    "builtIn": {
        "attributes": [
            "name", 
            "supportedLocales"
        ],
        "context": ["parameters", "section"]    
    },
    "color": {
        "attributes": [
            "formatHexColor", 
            "label", 
            "defaultValue", 
            "name", 
            "rgbColor", 
            "supportsNoneColor",
            "toolTip"
        ],
        "context": ["parameters", "section"]    
    },
    "documentReadyJS": {
        "attributes": [],
        "context": [
            "HTMLWidget", 
            "value", 
            "trueVal",
            "falseVal"
        ]
    },    
    "falseVal": {
        "attributes": [
            "disableOptions", 
            "value"
        ],
        "context": ["bool"]
    },
    "file": {
        "attributes": [
            "filterLabel", 
            "fileTypes", 
            "fileRequiredForOutput", 
            "label", 
            "name",
            "toolTip",
            "asAbsoluteURL"
        ],
        "context": ["parameters", "section"]    
    },
    "headHTML": {
        "attributes": [],
        "context": [
            "HTMLWidget", 
            "value", 
            "trueVal",
            "falseVal"
        ]
    },
    "HTMLWidget": {
        "attributes": [
            "creator", 
            "defaultHeight", 
            "defaultWidth", 
            "formatNumber", 
            "isResizable", 
            "localization", 
            "maxWidth", 
            "maxHeight", 
            "minHeight", 
            "minWidth", 
            "name", 
            "termsURL", 
            "termsText",
            "supportsGlobalAndOptionContentTags",
            "isResponsive"
        ],
        "context": ["/root$"]
    },
    "info": {
        "attributes": [
            "label",
            "linkURL" 
        ],
        "context": ["parameters", "section"]    
    },
    "list": {
        "attributes": [
            "defaultValue", 
            "label", 
            "name", 
            "toolTip"
        ],
        "context": ["parameters", "section"]    
    },
    "locale": {
        "attributes": ["name"],
        "context": ["stringTable"]
    },
    "number": {
        "attributes": [
            "defaultValue", 
            "digitsPrecision", 
            "label", 
            "max", 
            "min", 
            "name", 
            "snap", 
            "toolTip", 
            "step"
        ],
        "context": ["parameters", "section"]    
    },
    "pageItemHTML": {
        "attributes": [],
        "context": [
            "HTMLWidget", 
            "value", 
            "trueVal",
            "falseVal"
        ]
    },
    "pageItemPosterHTML": {
        "attributes": [],
        "context": [
            "HTMLWidget"
        ]
    },
    "parameters": {
        "attributes": [],
        "context": ["HTMLWidget"]
    },
    "section": {
        "attributes": [
            "expanded",
            "label",
            "name"
        ],
        "context": ["parameters"]
    },
    "separator": {
        "attributes": [],
        "context": ["parameters", "section"]    
    },
    "string": {
        "attributes": [
            "keyString", 
            "translation"
        ],
        "context": ["locale"]    
    },
    "stringTable": {
        "attributes": [],
        "context": ["HTMLWidget"]
    },
    "text": {
        "attributes": [
            "defaultIllegalForOutput", 
            "defaultValue", 
            "label", 
            "toolTip", 
            "multiline", 
            "name", 
            "paramEncoding"
        ],
        "context": ["parameters", "section"]    
    },
    "trueVal": {
        "attributes": [
            "disableOptions", 
            "value"
        ],
        "context": ["bool"]
    },
    "url": {
        "attributes": [
            "currentPageOrURL", 
            "defaultIllegalForOutput", 
            "defaultValue", 
            "dummyDomainPrefix", 
            "label", 
            "name", 
            "toolTip", 
            "urlStart"
        ],
        "context": ["parameters", "section"]    
    },
    "value": {
        "attributes": [
            "disableOptions", 
            "label", 
            "name"
        ],
        "context": ["list"]
    }
}
