{
  "extensions": {
    "brackets-beautify": true,
    "brackets-darker": true,
    "drewkoch.icons": true,
    "zaggino.brackets-git": true,
    "hirse.outline-list": true,
    "edc.brackets-snippets": true,
    "dnbard.documents-toolbar": true,
    "codemirror.esnext.highlight": true,
    "brackets-emmet": true,
    "milosh86.extensions-bulk-installer": false,
    "dnbard.extensions-rating": true,
    "funcdocr": true,
    "brackets-hoganjs-language": true,
    "le717.html-skeleton": true,
    "pflynn.regex-editor": true,
    "jslint.configurator": true,
    "gruehle.markdown-preview": true,
    "brackets-mustache-language": true,
    "brackets-mystique-theme": true,
    "brackets-nodejs": true,
    "renanveroneze.brackets-open-terminal-here": true,
    "brackets-pep8": true,
    "quickdocsjs": true,
    "asgerf.bracket-rename": true,
    "brackets-semicenter": true,
    "spell-check": true,
    "ternific": true
  }
}