{"createSocket":{"y":"dgram.createSocket(type, [callback])","s":"<p>Creates a datagram Socket of the specified types.  Valid types are <code>udp4<\/code>\nand <code>udp6<\/code>.\n\n<\/p>\n<p>Takes an optional callback which is added as a listener for <code>message<\/code> events.\n\n<\/p>\n<p>Call <code>socket.bind<\/code> if you want to receive datagrams. <code>socket.bind()<\/code> will bind\nto the &quot;all interfaces&quot; address on a random port (it does the right thing for\nboth <code>udp4<\/code> and <code>udp6<\/code> sockets). You can then retrieve the address and port\nwith <code>socket.address().address<\/code> and <code>socket.address().port<\/code>.\n\n<\/p>\n","p":[{"o":false,"t":"type","d":"String. Either 'udp4' or 'udp6'","type":""},{"o":true,"t":"callback","d":"Function. Attached as a listener to `message` events.","type":""}]}}
