{"lookup":{"y":"dns.lookup(domain, [family], callback)","s":"<p>Resolves a domain (e.g. <code>&#39;google.com&#39;<\/code>) into the first found A (IPv4) or\nAAAA (IPv6) record.\nThe <code>family<\/code> can be the integer <code>4<\/code> or <code>6<\/code>. Defaults to <code>null<\/code> that indicates\nboth Ip v4 and v6 address family.\n\n<\/p>\n<p>The callback has arguments <code>(err, address, family)<\/code>.  The <code>address<\/code> argument\nis a string representation of a IP v4 or v6 address. The <code>family<\/code> argument\nis either the integer 4 or 6 and denotes the family of <code>address<\/code> (not\nnecessarily the value initially passed to <code>lookup<\/code>).\n\n<\/p>\n<p>On error, <code>err<\/code> is an <code>Error<\/code> object, where <code>err.code<\/code> is the error code.\nKeep in mind that <code>err.code<\/code> will be set to <code>&#39;ENOENT&#39;<\/code> not only when\nthe domain does not exist but also when the lookup fails in other ways\nsuch as no available file descriptors.\n\n\n<\/p>\n","p":[{"o":false,"t":"domain","d":"","type":""},{"o":true,"t":"family","d":"","type":""},{"o":false,"t":"callback","d":"","type":""}]},"resolve":{"y":"dns.resolve(domain, [rrtype], callback)","s":"<p>Resolves a domain (e.g. <code>&#39;google.com&#39;<\/code>) into an array of the record types\nspecified by rrtype. Valid rrtypes are <code>&#39;A&#39;<\/code> (IPV4 addresses, default),\n<code>&#39;AAAA&#39;<\/code> (IPV6 addresses), <code>&#39;MX&#39;<\/code> (mail exchange records), <code>&#39;TXT&#39;<\/code> (text\nrecords), <code>&#39;SRV&#39;<\/code> (SRV records), <code>&#39;PTR&#39;<\/code> (used for reverse IP lookups),\n<code>&#39;NS&#39;<\/code> (name server records) and <code>&#39;CNAME&#39;<\/code> (canonical name records).\n\n<\/p>\n<p>The callback has arguments <code>(err, addresses)<\/code>.  The type of each item\nin <code>addresses<\/code> is determined by the record type, and described in the\ndocumentation for the corresponding lookup methods below.\n\n<\/p>\n<p>On error, <code>err<\/code> is an <code>Error<\/code> object, where <code>err.code<\/code> is\none of the error codes listed below.\n\n\n<\/p>\n","p":[{"o":false,"t":"domain","d":"","type":""},{"o":true,"t":"rrtype","d":"","type":""},{"o":false,"t":"callback","d":"","type":""}]},"resolve4":{"y":"dns.resolve4(domain, callback)","s":"<p>The same as <code>dns.resolve()<\/code>, but only for IPv4 queries (<code>A<\/code> records).\n<code>addresses<\/code> is an array of IPv4 addresses (e.g.\n<code>[&#39;74.125.79.104&#39;, &#39;74.125.79.105&#39;, &#39;74.125.79.106&#39;]<\/code>).\n\n<\/p>\n","p":[{"o":false,"t":"domain","d":"","type":""},{"o":false,"t":"callback","d":"","type":""}]},"resolve6":{"y":"dns.resolve6(domain, callback)","s":"<p>The same as <code>dns.resolve4()<\/code> except for IPv6 queries (an <code>AAAA<\/code> query).\n\n\n<\/p>\n","p":[{"o":false,"t":"domain","d":"","type":""},{"o":false,"t":"callback","d":"","type":""}]},"resolveMx":{"y":"dns.resolveMx(domain, callback)","s":"<p>The same as <code>dns.resolve()<\/code>, but only for mail exchange queries (<code>MX<\/code> records).\n\n<\/p>\n<p><code>addresses<\/code> is an array of MX records, each with a priority and an exchange\nattribute (e.g. <code>[{&#39;priority&#39;: 10, &#39;exchange&#39;: &#39;mx.example.com&#39;},...]<\/code>).\n\n<\/p>\n","p":[{"o":false,"t":"domain","d":"","type":""},{"o":false,"t":"callback","d":"","type":""}]},"resolveTxt":{"y":"dns.resolveTxt(domain, callback)","s":"<p>The same as <code>dns.resolve()<\/code>, but only for text queries (<code>TXT<\/code> records).\n<code>addresses<\/code> is an array of the text records available for <code>domain<\/code> (e.g.,\n<code>[&#39;v=spf1 ip4:0.0.0.0 ~all&#39;]<\/code>).\n\n<\/p>\n","p":[{"o":false,"t":"domain","d":"","type":""},{"o":false,"t":"callback","d":"","type":""}]},"resolveSrv":{"y":"dns.resolveSrv(domain, callback)","s":"<p>The same as <code>dns.resolve()<\/code>, but only for service records (<code>SRV<\/code> records).\n<code>addresses<\/code> is an array of the SRV records available for <code>domain<\/code>. Properties\nof SRV records are priority, weight, port, and name (e.g.,\n<code>[{&#39;priority&#39;: 10, {&#39;weight&#39;: 5, &#39;port&#39;: 21223, &#39;name&#39;: &#39;service.example.com&#39;}, ...]<\/code>).\n\n<\/p>\n","p":[{"o":false,"t":"domain","d":"","type":""},{"o":false,"t":"callback","d":"","type":""}]},"resolveNs":{"y":"dns.resolveNs(domain, callback)","s":"<p>The same as <code>dns.resolve()<\/code>, but only for name server records (<code>NS<\/code> records).\n<code>addresses<\/code> is an array of the name server records available for <code>domain<\/code>\n(e.g., <code>[&#39;ns1.example.com&#39;, &#39;ns2.example.com&#39;]<\/code>).\n\n<\/p>\n","p":[{"o":false,"t":"domain","d":"","type":""},{"o":false,"t":"callback","d":"","type":""}]},"resolveCname":{"y":"dns.resolveCname(domain, callback)","s":"<p>The same as <code>dns.resolve()<\/code>, but only for canonical name records (<code>CNAME<\/code>\nrecords). <code>addresses<\/code> is an array of the canonical name records available for\n<code>domain<\/code> (e.g., <code>[&#39;bar.example.com&#39;]<\/code>).\n\n<\/p>\n","p":[{"o":false,"t":"domain","d":"","type":""},{"o":false,"t":"callback","d":"","type":""}]},"reverse":{"y":"dns.reverse(ip, callback)","s":"<p>Reverse resolves an ip address to an array of domain names.\n\n<\/p>\n<p>The callback has arguments <code>(err, domains)<\/code>.\n\n<\/p>\n<p>On error, <code>err<\/code> is an <code>Error<\/code> object, where <code>err.code<\/code> is\none of the error codes listed below.\n\n<\/p>\n","p":[{"o":false,"t":"ip","d":"","type":""},{"o":false,"t":"callback","d":"","type":""}]}}
