{"decode":{"y":"punycode.decode(string)","s":"<p>Converts a Punycode string of ASCII code points to a string of Unicode code\npoints.\n\n<\/p>\n<pre><code>\/\/ decode domain name parts\npunycode.decode(&#39;maana-pta&#39;); \/\/ &#39;ma\u00f1ana&#39;\npunycode.decode(&#39;--dqo34k&#39;); \/\/ &#39;\u2603-\u2318&#39;<\/code><\/pre>\n","p":[{"o":false,"t":"string","d":"","type":""}]},"encode":{"y":"punycode.encode(string)","s":"<p>Converts a string of Unicode code points to a Punycode string of ASCII code\npoints.\n\n<\/p>\n<pre><code>\/\/ encode domain name parts\npunycode.encode(&#39;ma\u00f1ana&#39;); \/\/ &#39;maana-pta&#39;\npunycode.encode(&#39;\u2603-\u2318&#39;); \/\/ &#39;--dqo34k&#39;<\/code><\/pre>\n","p":[{"o":false,"t":"string","d":"","type":""}]},"toUnicode":{"y":"punycode.toUnicode(domain)","s":"<p>Converts a Punycode string representing a domain name to Unicode. Only the\nPunycoded parts of the domain name will be converted, i.e. it doesn&#39;t matter if\nyou call it on a string that has already been converted to Unicode.\n\n<\/p>\n<pre><code>\/\/ decode domain names\npunycode.toUnicode(&#39;xn--maana-pta.com&#39;); \/\/ &#39;ma\u00f1ana.com&#39;\npunycode.toUnicode(&#39;xn----dqo34k.com&#39;); \/\/ &#39;\u2603-\u2318.com&#39;<\/code><\/pre>\n","p":[{"o":false,"t":"domain","d":"","type":""}]},"toASCII":{"y":"punycode.toASCII(domain)","s":"<p>Converts a Unicode string representing a domain name to Punycode. Only the\nnon-ASCII parts of the domain name will be converted, i.e. it doesn&#39;t matter if\nyou call it with a domain that&#39;s already in ASCII.\n\n<\/p>\n<pre><code>\/\/ encode domain names\npunycode.toASCII(&#39;ma\u00f1ana.com&#39;); \/\/ &#39;xn--maana-pta.com&#39;\npunycode.toASCII(&#39;\u2603-\u2318.com&#39;); \/\/ &#39;xn----dqo34k.com&#39;<\/code><\/pre>\n","p":[{"o":false,"t":"domain","d":"","type":""}]}}
