{"runInThisContext":{"y":"vm.runInThisContext(code, [filename])","s":"<p><code>vm.runInThisContext()<\/code> compiles <code>code<\/code>, runs it and returns the result. Running\ncode does not have access to local scope. <code>filename<\/code> is optional, it&#39;s used only\nin stack traces.\n\n<\/p>\n<p>Example of using <code>vm.runInThisContext<\/code> and <code>eval<\/code> to run the same code:\n\n<\/p>\n<pre><code>var localVar = 123,\n    usingscript, evaled,\n    vm = require(&#39;vm&#39;);\n\nusingscript = vm.runInThisContext(&#39;localVar = 1;&#39;,\n  &#39;myfile.vm&#39;);\nconsole.log(&#39;localVar: &#39; + localVar + &#39;, usingscript: &#39; +\n  usingscript);\nevaled = eval(&#39;localVar = 1;&#39;);\nconsole.log(&#39;localVar: &#39; + localVar + &#39;, evaled: &#39; +\n  evaled);\n\n\/\/ localVar: 123, usingscript: 1\n\/\/ localVar: 1, evaled: 1<\/code><\/pre>\n<p><code>vm.runInThisContext<\/code> does not have access to the local scope, so <code>localVar<\/code> is unchanged.\n<code>eval<\/code> does have access to the local scope, so <code>localVar<\/code> is changed.\n\n<\/p>\n<p>In case of syntax error in <code>code<\/code>, <code>vm.runInThisContext<\/code> emits the syntax error to stderr\nand throws an exception.\n\n\n<\/p>\n","p":[{"o":false,"t":"code","d":"","type":""},{"o":true,"t":"filename","d":"","type":""}]},"runInNewContext":{"y":"vm.runInNewContext(code, [sandbox], [filename])","s":"<p><code>vm.runInNewContext<\/code> compiles <code>code<\/code>, then runs it in <code>sandbox<\/code> and returns the\nresult. Running code does not have access to local scope. The object <code>sandbox<\/code>\nwill be used as the global object for <code>code<\/code>.\n<code>sandbox<\/code> and <code>filename<\/code> are optional, <code>filename<\/code> is only used in stack traces.\n\n<\/p>\n<p>Example: compile and execute code that increments a global variable and sets a new one.\nThese globals are contained in the sandbox.\n\n<\/p>\n<pre><code>var util = require(&#39;util&#39;),\n    vm = require(&#39;vm&#39;),\n    sandbox = {\n      animal: &#39;cat&#39;,\n      count: 2\n    };\n\nvm.runInNewContext(&#39;count += 1; name = &quot;kitty&quot;&#39;, sandbox, &#39;myfile.vm&#39;);\nconsole.log(util.inspect(sandbox));\n\n\/\/ { animal: &#39;cat&#39;, count: 3, name: &#39;kitty&#39; }<\/code><\/pre>\n<p>Note that running untrusted code is a tricky business requiring great care.  To prevent accidental\nglobal variable leakage, <code>vm.runInNewContext<\/code> is quite useful, but safely running untrusted code\nrequires a separate process.\n\n<\/p>\n<p>In case of syntax error in <code>code<\/code>, <code>vm.runInNewContext<\/code> emits the syntax error to stderr\nand throws an exception.\n\n<\/p>\n","p":[{"o":false,"t":"code","d":"","type":""},{"o":true,"t":"sandbox","d":"","type":""},{"o":true,"t":"filename","d":"","type":""}]},"runInContext":{"y":"vm.runInContext(code, context, [filename])","s":"<p><code>vm.runInContext<\/code> compiles <code>code<\/code>, then runs it in <code>context<\/code> and returns the\nresult. A (V8) context comprises a global object, together with a set of\nbuilt-in objects and functions. Running code does not have access to local scope\nand the global object held within <code>context<\/code> will be used as the global object\nfor <code>code<\/code>.\n<code>filename<\/code> is optional, it&#39;s used only in stack traces.\n\n<\/p>\n<p>Example: compile and execute code in a existing context.\n\n<\/p>\n<pre><code>var util = require(&#39;util&#39;),\n    vm = require(&#39;vm&#39;),\n    initSandbox = {\n      animal: &#39;cat&#39;,\n      count: 2\n    },\n    context = vm.createContext(initSandbox);\n\nvm.runInContext(&#39;count += 1; name = &quot;CATT&quot;&#39;, context, &#39;myfile.vm&#39;);\nconsole.log(util.inspect(context));\n\n\/\/ { animal: &#39;cat&#39;, count: 3, name: &#39;CATT&#39; }<\/code><\/pre>\n<p>Note that <code>createContext<\/code> will perform a shallow clone of the supplied sandbox object in order to\ninitialize the global object of the freshly constructed context.\n\n<\/p>\n<p>Note that running untrusted code is a tricky business requiring great care.  To prevent accidental\nglobal variable leakage, <code>vm.runInContext<\/code> is quite useful, but safely running untrusted code\nrequires a separate process.\n\n<\/p>\n<p>In case of syntax error in <code>code<\/code>, <code>vm.runInContext<\/code> emits the syntax error to stderr\nand throws an exception.\n\n<\/p>\n","p":[{"o":false,"t":"code","d":"","type":""},{"o":false,"t":"context","d":"","type":""},{"o":true,"t":"filename","d":"","type":""}]},"createContext":{"y":"vm.createContext([initSandbox])","s":"<p><code>vm.createContext<\/code> creates a new context which is suitable for use as the 2nd argument of a subsequent\ncall to <code>vm.runInContext<\/code>. A (V8) context comprises a global object together with a set of\nbuild-in objects and functions. The optional argument <code>initSandbox<\/code> will be shallow-copied\nto seed the initial contents of the global object used by the context.\n\n<\/p>\n","p":[{"o":true,"t":"initSandbox","d":"","type":""}]},"createScript":{"y":"vm.createScript(code, [filename])","s":"<p><code>createScript<\/code> compiles <code>code<\/code> but does not run it. Instead, it returns a\n<code>vm.Script<\/code> object representing this compiled code. This script can be run\nlater many times using methods below. The returned script is not bound to any\nglobal object. It is bound before each run, just for that run. <code>filename<\/code> is\noptional, it&#39;s only used in stack traces.\n\n<\/p>\n<p>In case of syntax error in <code>code<\/code>, <code>createScript<\/code> prints the syntax error to stderr\nand throws an exception.\n\n\n<\/p>\n","p":[{"o":false,"t":"code","d":"","type":""},{"o":true,"t":"filename","d":"","type":""}]}}
