{"createGzip":{"y":"zlib.createGzip([options])","s":"<p>Returns a new <a href=\"#zlib_class_zlib_gzip\">Gzip<\/a> object with an\n<a href=\"#zlib_options\">options<\/a>.\n\n<\/p>\n","p":[{"o":true,"t":"options","d":"","type":""}]},"createGunzip":{"y":"zlib.createGunzip([options])","s":"<p>Returns a new <a href=\"#zlib_class_zlib_gunzip\">Gunzip<\/a> object with an\n<a href=\"#zlib_options\">options<\/a>.\n\n<\/p>\n","p":[{"o":true,"t":"options","d":"","type":""}]},"createDeflate":{"y":"zlib.createDeflate([options])","s":"<p>Returns a new <a href=\"#zlib_class_zlib_deflate\">Deflate<\/a> object with an\n<a href=\"#zlib_options\">options<\/a>.\n\n<\/p>\n","p":[{"o":true,"t":"options","d":"","type":""}]},"createInflate":{"y":"zlib.createInflate([options])","s":"<p>Returns a new <a href=\"#zlib_class_zlib_inflate\">Inflate<\/a> object with an\n<a href=\"#zlib_options\">options<\/a>.\n\n<\/p>\n","p":[{"o":true,"t":"options","d":"","type":""}]},"createDeflateRaw":{"y":"zlib.createDeflateRaw([options])","s":"<p>Returns a new <a href=\"#zlib_class_zlib_deflateraw\">DeflateRaw<\/a> object with an\n<a href=\"#zlib_options\">options<\/a>.\n\n<\/p>\n","p":[{"o":true,"t":"options","d":"","type":""}]},"createInflateRaw":{"y":"zlib.createInflateRaw([options])","s":"<p>Returns a new <a href=\"#zlib_class_zlib_inflateraw\">InflateRaw<\/a> object with an\n<a href=\"#zlib_options\">options<\/a>.\n\n<\/p>\n","p":[{"o":true,"t":"options","d":"","type":""}]},"createUnzip":{"y":"zlib.createUnzip([options])","s":"<p>Returns a new <a href=\"#zlib_class_zlib_unzip\">Unzip<\/a> object with an\n<a href=\"#zlib_options\">options<\/a>.\n\n\n<\/p>\n","p":[{"o":true,"t":"options","d":"","type":""}]},"deflate":{"y":"zlib.deflate(buf, callback)","s":"<p>Compress a string with Deflate.\n\n<\/p>\n","p":[{"o":false,"t":"buf","d":"","type":""},{"o":false,"t":"callback","d":"","type":""}]},"deflateRaw":{"y":"zlib.deflateRaw(buf, callback)","s":"<p>Compress a string with DeflateRaw.\n\n<\/p>\n","p":[{"o":false,"t":"buf","d":"","type":""},{"o":false,"t":"callback","d":"","type":""}]},"gzip":{"y":"zlib.gzip(buf, callback)","s":"<p>Compress a string with Gzip.\n\n<\/p>\n","p":[{"o":false,"t":"buf","d":"","type":""},{"o":false,"t":"callback","d":"","type":""}]},"gunzip":{"y":"zlib.gunzip(buf, callback)","s":"<p>Decompress a raw Buffer with Gunzip.\n\n<\/p>\n","p":[{"o":false,"t":"buf","d":"","type":""},{"o":false,"t":"callback","d":"","type":""}]},"inflate":{"y":"zlib.inflate(buf, callback)","s":"<p>Decompress a raw Buffer with Inflate.\n\n<\/p>\n","p":[{"o":false,"t":"buf","d":"","type":""},{"o":false,"t":"callback","d":"","type":""}]},"inflateRaw":{"y":"zlib.inflateRaw(buf, callback)","s":"<p>Decompress a raw Buffer with InflateRaw.\n\n<\/p>\n","p":[{"o":false,"t":"buf","d":"","type":""},{"o":false,"t":"callback","d":"","type":""}]},"unzip":{"y":"zlib.unzip(buf, callback)","s":"<p>Decompress a raw Buffer with Unzip.\n\n<\/p>\n","p":[{"o":false,"t":"buf","d":"","type":""},{"o":false,"t":"callback","d":"","type":""}]}}
