{
    "cc-section":           { "attributes": [] },
    "cc-repeater":          { "attributes": [] },
    "cc-partgroup":         { "attributes": [] },
    "cc-singleline":        { "attributes": ["DynamicListIds", "DynamicSegmentId", "allowLink", "isInternalLink"] },
    "cc-datetime":          { "attributes": ["DynamicListIds", "DynamicSegmentId", "format", "culture"] },
    "cc-multiline":         { "attributes": ["DynamicListIds", "DynamicSegmentId"] },
    "cc-richeditor":        { "attributes": ["DynamicListIds", "DynamicSegmentId", "toolbar", "enableP"] },
    "cc-image":             { "attributes": ["DynamicListIds", "DynamicSegmentId", "width", "height", "allowLink", "isInternalLink"] },
    "cc-linkimage":         { "attributes": ["DynamicListIds", "DynamicSegmentId", "imgUrl", "width", "height", "alt"] },
    "cc-advancedtoc":       { "attributes": ["DynamicListIds", "DynamicSegmentId", "headerTags", "AddTable", "TableWidth", "TableClass"] },
    "cc-content":           { "attributes": ["DynamicListIds", "DynamicSegmentId"] },
    "cc-itemtemplate":      { "attributes": ["DynamicListIds", "DynamicSegmentId"] },
    "cc-toc":               { "attributes": ["DynamicListIds", "DynamicSegmentId"] },
    "cc-rssreader":         { "attributes": ["DynamicListIds", "DynamicSegmentId", "feed", "count"] },
    "cc-rssitemselector":   { "attributes": ["DynamicListIds", "DynamicSegmentId", "feedUrl", "feedName", "itemLimit"] },    
    "cc-libraryreference":  { "attributes": ["DynamicListIds", "DynamicSegmentId", "libraryRecordName"] },
    "cc-librarysnapshot":   { "attributes": ["DynamicListIds", "DynamicSegmentId", "libraryRecordName"] },
    "cc-configvaluewriter": { "attributes": ["DynamicListIds", "DynamicSegmentId"] },
    "cc-partgroupcolorvariables": { "attributes": ["colorVariableName", "editor", "initialValue", "allowEmpty", "values", "showHtmlColors", "options", "spectrumFlat", "spectrumShowInput", "spectrumShowInitial", "spectrumShowPalette", "spectrumShowPaletteOnly", "spectrumToggleMoreAndLessButton", "spectrumClickoutFiresChange", "spectrumHideAfterPaletteSelect", "spectrumShowButtons"] },
    "cc-partgroupimage": { "attributes": ["configurationVariableName", "imageLocationVariableName", "minWidth", "maxWidth", "enableOverlayColor", "fallbackColorVariableName", "overlayColors",
                                          "imageUploaderLabelEN", "imageUploaderLabelNL", "imageUploaderLabelFR", "imageUploaderLabelDE",
                                         "overlayColorLabelEN", "overlayColorLabelNL", "overlayColorLabelFR", "overlayColorLabelDE",
                                         "overlayOpacityLabelEN", "overlayOpacityLabelNL", "overlayOpacityLabelFR", "overlayOpacityLabelDE",
                                         "overlayColorNamesEN", "overlayColorNamesNL", "overlayColorNamesFR", "overlayColorNamesDE"]},
    "cc-partgroupvariables": { "attributes": ["valueVariableName", "editor", "initialValue", "allowEmpty", "validateLink", "values", "options", "labelEN", "labelNL", "labelFR", "labelDE", "sourceImgs" ]},
    "spike":                { "attributes": ["data-spk-if", "data-spk-unless","data-spk-repeat","data-spk-repeat-content","data-spk-case","data-spk-when","data-spk-else"]},
    
    "a":          { "attributes": ["href", "hreflang", "media", "rel", "target", "type"] },
    "abbr":       { "attributes": [] },
    "acronym":    { "attributes": [] },
    "address":    { "attributes": [] },
    "area":       { "attributes": ["alt", "coords", "href", "hreflang", "media", "rel", "shape", "target", "type"] },
    "article":    { "attributes": [] },
    "aside":      { "attributes": [] },
    "audio":      { "attributes": ["autoplay", "buffered", "controls", "loop", "mediagroup", "muted", "played", "preload", "src"] },
    "b":          { "attributes": [] },
    "base":       { "attributes": ["href", "target"] },
    "bdi":        { "attributes": [] },
    "bdo":        { "attributes": [] },
    "big":        { "attributes": [] },
    "blockquote": { "attributes": ["cite"] },
    "body":       { "attributes": ["onafterprint", "onbeforeprint", "onbeforeunload", "onhashchange", "onmessage", "onoffline", "ononline",
                                   "onpagehide", "onpageshow", "onpopstate", "onredo", "onresize", "onstorage", "onundo", "onunload"] },
    "br":         { "attributes": [] },
    "button":     { "attributes": ["autofocus", "disabled", "form", "formaction", "formenctype", "formmethod", "formnovalidate", "formtarget",
                                   "name", "type", "value"] },
    "canvas":     { "attributes": ["height", "width"] },
    "caption":    { "attributes": [] },
    "center":     { "attributes": [] },
    "cite":       { "attributes": [] },
    "code":       { "attributes": [] },
    "col":        { "attributes": ["span"] },
    "colgroup":   { "attributes": ["span"] },
    "command":    { "attributes": ["checked", "disabled", "icon", "label", "radiogroup", "type"] },
    "content":    { "attributes": [] },
    "datalist":   { "attributes": [] },
    "dd":         { "attributes": [] },
    "del":        { "attributes": ["cite", "datetime"] },
    "details":    { "attributes": ["open"] },
    "dfn":        { "attributes": [] },
    "dialog":     { "attributes": ["open"] },
    "div":        { "attributes": [] },
    "dl":         { "attributes": [] },
    "dt":         { "attributes": [] },
    "em":         { "attributes": [] },
    "embed":      { "attributes": ["height", "src", "type", "width"] },
    "fieldset":   { "attributes": ["disabled", "form", "name"] },
    "figcaption": { "attributes": [] },
    "figure":     { "attributes": [] },
    "footer":     { "attributes": [] },
    "form":       { "attributes": ["accept-charset", "action", "autocomplete", "enctype", "method", "name", "novalidate", "target"] },
    "frame":      { "attributes": ["frameborder", "name", "scrolling", "src"] },
    "frameset":   { "attributes": ["rows"] },
    "h1":         { "attributes": [] },
    "h2":         { "attributes": [] },
    "h3":         { "attributes": [] },
    "h4":         { "attributes": [] },
    "h5":         { "attributes": [] },
    "h6":         { "attributes": [] },
    "head":       { "attributes": [] },
    "header":     { "attributes": [] },
    "hgroup":     { "attributes": [] },
    "hr":         { "attributes": [] },
    "html":       { "attributes": ["manifest", "xml:lang", "xmlns"] },
    "i":          { "attributes": [] },
    "iframe":     { "attributes": ["frameborder", "height", "name", "sandbox", "scrolling", "seamless", "src", "srcdoc", "width"] },
    "ilayer":     { "attributes": [] },
    "img":        { "attributes": ["alt", "height", "ismap", "longdesc", "sizes", "src", "srcset", "usemap", "width", "border"] },
    "input":      { "attributes": ["accept", "alt", "autocomplete", "autocorrect", "autofocus", "checked", "dirname", "disabled", "form", "formaction", "formenctype", "formmethod",
                                   "formnovalidate", "formtarget", "height", "inputmode", "list", "max", "maxlength", "min", "minlength", "multiple", "name", "pattern", "placeholder", "readonly",
                                   "required", "size", "src", "step", "type", "value", "width"] },
    "ins":        { "attributes": ["cite", "datetime"] },
    "kbd":        { "attributes": [] },
    "keygen":     { "attributes": ["autofocus", "challenge", "disabled", "form", "keytype", "name"] },
    "label":      { "attributes": ["for", "form"] },
    "legend":     { "attributes": [] },
    "li":         { "attributes": ["value"] },
    "link":       { "attributes": ["disabled", "href", "hreflang", "media", "rel", "sizes", "type","mm-inline","mm-minify"] },
    "main":       { "attributes": [] },
    "map":        { "attributes": ["name"] },
    "mark":       { "attributes": [] },
    "marquee":    { "attributes": ["align", "behavior", "bgcolor", "direction", "height", "hspace", "loop", "scrollamount", "scrolldelay", "truespeed", "vspace", "width"] },
    "menu":       { "attributes": ["label", "type"] },
    "meta":       { "attributes": ["charset", "content", "http-equiv", "name", "property"] },
    "meter":      { "attributes": ["form", "high", "low", "max", "min", "optimum", "value"] },
    "nav":        { "attributes": [] },
    "noscript":   { "attributes": [] },
    "object":     { "attributes": ["archive", "codebase", "codetype", "data", "declare", "form", "height", "name", "standby", "type", "usemap", "width"] },
    "ol":         { "attributes": ["reversed", "start", "type"] },
    "optgroup":   { "attributes": ["disabled", "label"] },
    "option":     { "attributes": ["disabled", "label", "selected", "value"] },
    "output":     { "attributes": ["for", "form", "name"] },
    "p":          { "attributes": [] },
    "param":      { "attributes": ["name", "value"] },
    "picture":    { "attributes": [] },
    "pre":        { "attributes": [] },
    "progress":   { "attributes": ["form", "max", "value"] },
    "q":          { "attributes": ["cite"] },
    "rp":         { "attributes": [] },
    "rt":         { "attributes": [] },
    "ruby":       { "attributes": [] },
    "samp":       { "attributes": [] },
    "script":     { "attributes": ["async", "charset", "defer", "src", "type"] },
    "section":    { "attributes": [] },
    "select":     { "attributes": ["autofocus", "disabled", "form", "multiple", "name", "required", "size"] },
    "small":      { "attributes": [] },
    "source":     { "attributes": ["media", "sizes", "src", "type", "srcset"] },
    "span":       { "attributes": [] },
    "strong":     { "attributes": [] },
    "style":      { "attributes": ["disabled", "media", "scoped", "type","mm-inline","mm-minify"] },
    "sub":        { "attributes": [] },
    "summary":    { "attributes": [] },
    "sup":        { "attributes": [] },
    "table":      { "attributes": ["border", "cellpadding", "cellspacing", "height", "width", "bgcolor", "align", "valign"] },
    "tbody":      { "attributes": [] },
    "td":         { "attributes": ["colspan", "headers", "rowspan", "bgcolor", "valign"] },
    "template":   { "attributes": [] },
    "textarea":   { "attributes": ["autocomplete", "autofocus", "cols", "dirname", "disabled", "form", "label", "maxlength", "name", "placeholder", "readonly", "required", "rows", "wrap"] },
    "tfoot":      { "attributes": [] },
    "th":         { "attributes": ["colspan", "headers", "rowspan", "scope"] },
    "thead":      { "attributes": [] },
    "time":       { "attributes": ["datetime", "pubdate"] },
    "title":      { "attributes": [] },
    "tr":         { "attributes": [] },
    "track":      { "attributes": ["default", "kind", "label", "src", "srclang"] },
    "tt":         { "attributes": [] },
    "ul":         { "attributes": [] },
    "var":        { "attributes": [] },
    "video":      { "attributes": ["autoplay", "buffered", "controls", "crossorigin", "height", "loop", "mediagroup", "muted", "played", "poster", "preload", "src", "width"] },
    "wbr":        { "attributes": [] }
}
