{"AISFinishHeal":true,"ASLToATL":true,"ATLToASL":true,"BIS_fnc_3Dcredits":true,"BIS_fnc_AAN":true,"BIS_fnc_FTLmanager":true,"BIS_fnc_GC":true,"BIS_fnc_GCinit":true,"BIS_fnc_GUIbackground":true,"BIS_fnc_GUIeditor":true,"BIS_fnc_GUIgrid":true,"BIS_fnc_GUIgridToProfile":true,"BIS_fnc_GUIhint":true,"BIS_fnc_GUImessage":true,"BIS_fnc_GUInewsfeed":true,"BIS_fnc_HUDLimits":true,"BIS_fnc_InstructorFigure":true,"BIS_fnc_KMLimport":true,"BIS_fnc_MP":true,"BIS_fnc_MPexec":true,"BIS_fnc_ORBATAddGroupOverlay":true,"BIS_fnc_ORBATAnimate":true,"BIS_fnc_ORBATConfigPreview":true,"BIS_fnc_ORBATGetGroupParams":true,"BIS_fnc_ORBATOpen":true,"BIS_fnc_ORBATRemoveGroupOverlay":true,"BIS_fnc_ORBATSetGroupFade":true,"BIS_fnc_ORBATSetGroupParams":true,"BIS_fnc_ORBATTooltip":true,"BIS_fnc_ObjectsGrabber":true,"BIS_fnc_ObjectsMapper":true,"BIS_fnc_PIP":true,"BIS_fnc_PosToGrid":true,"BIS_fnc_RespawnManager":true,"BIS_fnc_StrategicMapAnimate":true,"BIS_fnc_StrategicMapMouseButtonClick":true,"BIS_fnc_StrategicMapOpen":true,"BIS_fnc_UnitCapture":true,"BIS_fnc_UnitCaptureFiring":true,"BIS_fnc_UnitCaptureSimple":true,"BIS_fnc_UnitPlay":true,"BIS_fnc_UnitPlayFiring":true,"BIS_fnc_UnitPlaySimple":true,"BIS_fnc_VRCourseBallistics1":true,"BIS_fnc_VRCourseBallistics2":true,"BIS_fnc_VRCourseBallistics3":true,"BIS_fnc_VRCourseBallistics4":true,"BIS_fnc_VRCourseCommandingActions1":true,"BIS_fnc_VRCourseCommandingActions2":true,"BIS_fnc_VRCourseCommandingActions3":true,"BIS_fnc_VRCourseCommandingBehaviour1":true,"BIS_fnc_VRCourseCommandingBehaviour2":true,"BIS_fnc_VRCourseCommandingBehaviour3":true,"BIS_fnc_VRCourseCommandingMovement1":true,"BIS_fnc_VRCourseCommandingMovement2":true,"BIS_fnc_VRCourseCommandingVehicles1":true,"BIS_fnc_VRCourseCommandingVehicles2":true,"BIS_fnc_VRCourseCommandingVehicles3":true,"BIS_fnc_VRCourseLaunchers1":true,"BIS_fnc_VRCourseLaunchers2":true,"BIS_fnc_VRCourseLaunchers3":true,"BIS_fnc_VRCoursePlaceables1":true,"BIS_fnc_VRCoursePlaceables2":true,"BIS_fnc_VRCoursePlaceables3":true,"BIS_fnc_VRCourseTargetDesignation1":true,"BIS_fnc_VRCourseTargetDesignation2":true,"BIS_fnc_VRCourseTargetDesignation3":true,"BIS_fnc_VRDrawBorder":true,"BIS_fnc_VRDrawGrid":true,"BIS_fnc_VREffectKilled":true,"BIS_fnc_VRFadeIn":true,"BIS_fnc_VRFadeOut":true,"BIS_fnc_VRSpawnEffect":true,"BIS_fnc_VRSpawnSelector":true,"BIS_fnc_VRTimer":true,"BIS_fnc_absSpeed":true,"BIS_fnc_activateAddons":true,"BIS_fnc_addClassOO":true,"BIS_fnc_addCommMenuItem":true,"BIS_fnc_addCuratorAreaFromTrigger":true,"BIS_fnc_addCuratorChallenge":true,"BIS_fnc_addCuratorIcon":true,"BIS_fnc_addEvidence":true,"BIS_fnc_addRespawnInventory":true,"BIS_fnc_addRespawnPosition":true,"BIS_fnc_addScore":true,"BIS_fnc_addScriptedEventHandler":true,"BIS_fnc_addStackedEventHandler":true,"BIS_fnc_addSupportLink":true,"BIS_fnc_addToPairs":true,"BIS_fnc_addVirtualBackpackCargo":true,"BIS_fnc_addVirtualItemCargo":true,"BIS_fnc_addVirtualMagazineCargo":true,"BIS_fnc_addVirtualWeaponCargo":true,"BIS_fnc_addWeapon":true,"BIS_fnc_advHint":true,"BIS_fnc_advHintArg":true,"BIS_fnc_advHintCall":true,"BIS_fnc_advHintCredits":true,"BIS_fnc_alignTabs":true,"BIS_fnc_allSynchronizedObjects":true,"BIS_fnc_ambientAnim":true,"BIS_fnc_ambientAnimCombat":true,"BIS_fnc_ambientAnimGetParams":true,"BIS_fnc_ambientBlacklist":true,"BIS_fnc_ambientBlacklistAdd":true,"BIS_fnc_ambientBoats":true,"BIS_fnc_ambientFlyby":true,"BIS_fnc_ambientHelicopters":true,"BIS_fnc_ambientPlanes":true,"BIS_fnc_ambientPostprocess":true,"BIS_fnc_animType":true,"BIS_fnc_animViewer":true,"BIS_fnc_animalBehaviour":true,"BIS_fnc_animalSiteSpawn":true,"BIS_fnc_animateTaskWaypoint":true,"BIS_fnc_areEqual":true,"BIS_fnc_areFriendly":true,"BIS_fnc_arithmeticMean":true,"BIS_fnc_arrayCompare":true,"BIS_fnc_arrayFindDeep":true,"BIS_fnc_arrayInsert":true,"BIS_fnc_arrayPop":true,"BIS_fnc_arrayPush":true,"BIS_fnc_arrayPushStack":true,"BIS_fnc_arrayShift":true,"BIS_fnc_arrayShuffle":true,"BIS_fnc_arrayUnShift":true,"BIS_fnc_arsenal":true,"BIS_fnc_assignPlayerRole":true,"BIS_fnc_baseWeapon":true,"BIS_fnc_basicBackpack":true,"BIS_fnc_basicTask":true,"BIS_fnc_blackIn":true,"BIS_fnc_blackOut":true,"BIS_fnc_bleedTickets":true,"BIS_fnc_bloodEffect":true,"BIS_fnc_boundingBoxCorner":true,"BIS_fnc_boundingBoxDimensions":true,"BIS_fnc_boundingBoxMarker":true,"BIS_fnc_boundingCircle":true,"BIS_fnc_briefingAnimate":true,"BIS_fnc_briefingInit":true,"BIS_fnc_buildingPositions":true,"BIS_fnc_call":true,"BIS_fnc_callScriptedEventHandler":true,"BIS_fnc_camFollow":true,"BIS_fnc_camera":true,"BIS_fnc_cameraOld":true,"BIS_fnc_changeSupportRadioChannel":true,"BIS_fnc_cinemaBorder":true,"BIS_fnc_classMagazine":true,"BIS_fnc_classWeapon":true,"BIS_fnc_codePerformance":true,"BIS_fnc_colorConfigToRGBA":true,"BIS_fnc_colorRGBAtoHTML":true,"BIS_fnc_colorRGBAtoTexture":true,"BIS_fnc_colorRGBtoHTML":true,"BIS_fnc_commsMenuCreate":true,"BIS_fnc_commsMenuToggleAvailability":true,"BIS_fnc_commsMenuToggleVisibility":true,"BIS_fnc_completedCuratorChallengesCount":true,"BIS_fnc_conditionalSelect":true,"BIS_fnc_configPath":true,"BIS_fnc_configviewer":true,"BIS_fnc_consolidateArray":true,"BIS_fnc_convertUnits":true,"BIS_fnc_countdown":true,"BIS_fnc_counter":true,"BIS_fnc_createLogRecord":true,"BIS_fnc_createObjectOO":true,"BIS_fnc_createmenu":true,"BIS_fnc_credits":true,"BIS_fnc_credits_movie":true,"BIS_fnc_credits_movieConfig":true,"BIS_fnc_credits_movieSupport":true,"BIS_fnc_crewCount":true,"BIS_fnc_crossProduct":true,"BIS_fnc_crows":true,"BIS_fnc_ctrlFitToTextHeight":true,"BIS_fnc_ctrlSetScale":true,"BIS_fnc_ctrlTextHeight":true,"BIS_fnc_curatorAttachObject":true,"BIS_fnc_curatorAttributes":true,"BIS_fnc_curatorAutomatic":true,"BIS_fnc_curatorAutomaticPositions":true,"BIS_fnc_curatorChallengeDestroyVehicle":true,"BIS_fnc_curatorChallengeFindIntel":true,"BIS_fnc_curatorChallengeFireWeapon":true,"BIS_fnc_curatorChallengeGetInVehicle":true,"BIS_fnc_curatorChallengeIlluminate":true,"BIS_fnc_curatorChallengeSpawnLightning":true,"BIS_fnc_curatorHint":true,"BIS_fnc_curatorObjectEdited":true,"BIS_fnc_curatorObjectPlaced":true,"BIS_fnc_curatorObjectRegistered":true,"BIS_fnc_curatorObjectRegisteredTable":true,"BIS_fnc_curatorPinged":true,"BIS_fnc_curatorRespawn":true,"BIS_fnc_curatorSayMessage":true,"BIS_fnc_curatorVisionModes":true,"BIS_fnc_curatorWaypointPlaced":true,"BIS_fnc_customGPS":true,"BIS_fnc_customGPSVideo":true,"BIS_fnc_customGPSvideo":true,"BIS_fnc_cutDecimals":true,"BIS_fnc_damageChanged":true,"BIS_fnc_damagePulsing":true,"BIS_fnc_dbClassCheck":true,"BIS_fnc_dbClassId":true,"BIS_fnc_dbClassIndex":true,"BIS_fnc_dbClassList":true,"BIS_fnc_dbClassRemove":true,"BIS_fnc_dbClassReturn":true,"BIS_fnc_dbClassSet":true,"BIS_fnc_dbConfigPath":true,"BIS_fnc_dbImportConfig":true,"BIS_fnc_dbImportXML":true,"BIS_fnc_dbPrint":true,"BIS_fnc_dbSymbolClass":true,"BIS_fnc_dbSymbolValue":true,"BIS_fnc_dbValueCheck":true,"BIS_fnc_dbValueId":true,"BIS_fnc_dbValueIndex":true,"BIS_fnc_dbValueList":true,"BIS_fnc_dbValueRemove":true,"BIS_fnc_dbValueReturn":true,"BIS_fnc_dbValueSet":true,"BIS_fnc_dbisClass":true,"BIS_fnc_dbisValue":true,"BIS_fnc_deleteInventory":true,"BIS_fnc_deleteTask":true,"BIS_fnc_destroyCity":true,"BIS_fnc_diagAAR":true,"BIS_fnc_diagAARrecord":true,"BIS_fnc_diagAnim":true,"BIS_fnc_diagBulletCam":true,"BIS_fnc_diagConfig":true,"BIS_fnc_diagFindMissingAuthors":true,"BIS_fnc_diagHit":true,"BIS_fnc_diagKey":true,"BIS_fnc_diagKeyLayout":true,"BIS_fnc_diagKeyTest":true,"BIS_fnc_diagKnownAsTarget":true,"BIS_fnc_diagKnownTargets":true,"BIS_fnc_diagLoop":true,"BIS_fnc_diagMacros":true,"BIS_fnc_diagMacrosAuthor":true,"BIS_fnc_diagMacrosMapSize":true,"BIS_fnc_diagMacrosNameSound":true,"BIS_fnc_diagMacrosVerify":true,"BIS_fnc_diagMissionPositions":true,"BIS_fnc_diagMissionWeapons":true,"BIS_fnc_diagPreview":true,"BIS_fnc_diagPreviewCycle":true,"BIS_fnc_diagPreviewVehicleCrew":true,"BIS_fnc_diagRadio":true,"BIS_fnc_diagVehicleIcons":true,"BIS_fnc_diagWiki":true,"BIS_fnc_diaryHints":true,"BIS_fnc_diaryMaps":true,"BIS_fnc_dirIndicator":true,"BIS_fnc_dirTo":true,"BIS_fnc_dirtEffect":true,"BIS_fnc_disableSaving":true,"BIS_fnc_displayClouds":true,"BIS_fnc_displayColorGet":true,"BIS_fnc_displayColorSet":true,"BIS_fnc_displayControls":true,"BIS_fnc_displayLoading":true,"BIS_fnc_displayMission":true,"BIS_fnc_displayName":true,"BIS_fnc_displayResize":true,"BIS_fnc_distance2D":true,"BIS_fnc_distance2Dsqr":true,"BIS_fnc_dotProduct":true,"BIS_fnc_drawAO":true,"BIS_fnc_drawCuratorDeaths":true,"BIS_fnc_drawCuratorLocations":true,"BIS_fnc_drawCuratorRespawnMarkers":true,"BIS_fnc_drawMinefields":true,"BIS_fnc_drawRespawnPositions":true,"BIS_fnc_dynamicText":true,"BIS_fnc_earthquake":true,"BIS_fnc_effectFired":true,"BIS_fnc_effectFiredArtillery":true,"BIS_fnc_effectFiredFlares":true,"BIS_fnc_effectFiredHeliRocket":true,"BIS_fnc_effectFiredLongSmoke":true,"BIS_fnc_effectFiredRifle":true,"BIS_fnc_effectFiredRocket":true,"BIS_fnc_effectFiredSmokeLauncher":true,"BIS_fnc_effectFiredSmokeLauncher_boat":true,"BIS_fnc_effectKilled":true,"BIS_fnc_effectKilledAirDestruction":true,"BIS_fnc_effectKilledAirDestructionStage2":true,"BIS_fnc_effectKilledSecondaries":true,"BIS_fnc_effectPlankton":true,"BIS_fnc_enableSaving":true,"BIS_fnc_endLoadingScreen":true,"BIS_fnc_endMission":true,"BIS_fnc_endMissionServer":true,"BIS_fnc_enemyDetected":true,"BIS_fnc_enemySides":true,"BIS_fnc_enemyTargets":true,"BIS_fnc_error":true,"BIS_fnc_errorMsg":true,"BIS_fnc_establishingShot":true,"BIS_fnc_estimatedTimeLeft":true,"BIS_fnc_execFSM":true,"BIS_fnc_execRemote":true,"BIS_fnc_execVM":true,"BIS_fnc_executeStackedEventHandler":true,"BIS_fnc_exportCfgGroups":true,"BIS_fnc_exportCfgHints":true,"BIS_fnc_exportCfgMagazines":true,"BIS_fnc_exportCfgPatches":true,"BIS_fnc_exportCfgVehicles":true,"BIS_fnc_exportCfgWeapons":true,"BIS_fnc_exportCuratorCostTable":true,"BIS_fnc_exportFunctionsToWiki":true,"BIS_fnc_exportGroupFormations":true,"BIS_fnc_exportInventory":true,"BIS_fnc_exportMapToBiTXT":true,"BIS_fnc_fadeEffect":true,"BIS_fnc_fatigueEffect":true,"BIS_fnc_feedbackInit":true,"BIS_fnc_feedbackMain":true,"BIS_fnc_filterString":true,"BIS_fnc_findExtreme":true,"BIS_fnc_findInPairs":true,"BIS_fnc_findNestedElement":true,"BIS_fnc_findOverwatch":true,"BIS_fnc_findSafePos":true,"BIS_fnc_finishCuratorChallenge":true,"BIS_fnc_fixDate":true,"BIS_fnc_flamesEffect":true,"BIS_fnc_flies":true,"BIS_fnc_forceCuratorInterface":true,"BIS_fnc_forceEnd":true,"BIS_fnc_formatCuratorChallengeObjects":true,"BIS_fnc_fps":true,"BIS_fnc_friendlySides":true,"BIS_fnc_functionMeta":true,"BIS_fnc_functionPath":true,"BIS_fnc_functionsDebug":true,"BIS_fnc_genericSentence":true,"BIS_fnc_genericSentenceInit":true,"BIS_fnc_geometricMean":true,"BIS_fnc_getCfgData":true,"BIS_fnc_getCfgDataArray":true,"BIS_fnc_getCfgDataBool":true,"BIS_fnc_getCfgDataObject":true,"BIS_fnc_getCfgDataPool":true,"BIS_fnc_getCfgIsClass":true,"BIS_fnc_getCfgSubClasses":true,"BIS_fnc_getFactions":true,"BIS_fnc_getFromPairs":true,"BIS_fnc_getIDC":true,"BIS_fnc_getIDD":true,"BIS_fnc_getLineDist":true,"BIS_fnc_getParamValue":true,"BIS_fnc_getPitchBank":true,"BIS_fnc_getRespawnInventories":true,"BIS_fnc_getRespawnMarkers":true,"BIS_fnc_getRespawnPositions":true,"BIS_fnc_getServerVariable":true,"BIS_fnc_getTurrets":true,"BIS_fnc_getUnitByUid":true,"BIS_fnc_getUnitInsignia":true,"BIS_fnc_getVirtualBackpackCargo":true,"BIS_fnc_getVirtualItemCargo":true,"BIS_fnc_getVirtualMagazineCargo":true,"BIS_fnc_getVirtualWeaponCargo":true,"BIS_fnc_greatestNum":true,"BIS_fnc_groupIndicator":true,"BIS_fnc_groupVehicles":true,"BIS_fnc_guiEffectTiles":true,"BIS_fnc_guiMessage":true,"BIS_fnc_halo":true,"BIS_fnc_halt":true,"BIS_fnc_healing":true,"BIS_fnc_healthEffects":true,"BIS_fnc_helicopterCanFly":true,"BIS_fnc_helicopterDamage":true,"BIS_fnc_helicopterGetHitpoints":true,"BIS_fnc_helicopterSeat":true,"BIS_fnc_helicopterSeatMove":true,"BIS_fnc_helicopterType":true,"BIS_fnc_help":true,"BIS_fnc_importImageLinks":true,"BIS_fnc_inAngleSector":true,"BIS_fnc_inString":true,"BIS_fnc_inTrigger":true,"BIS_fnc_incapacitatedEffect":true,"BIS_fnc_indicateBleeding":true,"BIS_fnc_infoText":true,"BIS_fnc_initCuratorAttribute":true,"BIS_fnc_initExpo":true,"BIS_fnc_initIntelObject":true,"BIS_fnc_initModules":true,"BIS_fnc_initMultiplayer":true,"BIS_fnc_initParams":true,"BIS_fnc_initPlayable":true,"BIS_fnc_initRespawn":true,"BIS_fnc_initRespawnBackpack":true,"BIS_fnc_initVirtualUnit":true,"BIS_fnc_interpolateWeather":true,"BIS_fnc_inv":true,"BIS_fnc_invAdd":true,"BIS_fnc_invCodeToArray":true,"BIS_fnc_invRemove":true,"BIS_fnc_invSlotType":true,"BIS_fnc_invSlots":true,"BIS_fnc_invSlotsEmpty":true,"BIS_fnc_invString":true,"BIS_fnc_isBuildingEnterable":true,"BIS_fnc_isCampaign":true,"BIS_fnc_isCurator":true,"BIS_fnc_isCuratorEditable":true,"BIS_fnc_isDemo":true,"BIS_fnc_isForcedCuratorInterface":true,"BIS_fnc_isInFrontOf":true,"BIS_fnc_isInZoom":true,"BIS_fnc_isInsideArea":true,"BIS_fnc_isLeapYear":true,"BIS_fnc_isLoading":true,"BIS_fnc_isLocalized":true,"BIS_fnc_isPosBlacklisted":true,"BIS_fnc_isUnitVirtual":true,"BIS_fnc_itemType":true,"BIS_fnc_jukebox":true,"BIS_fnc_kbCanSpeak":true,"BIS_fnc_kbCreateDummy":true,"BIS_fnc_kbIsSpeaking":true,"BIS_fnc_kbMenu":true,"BIS_fnc_kbPriority":true,"BIS_fnc_kbSentence":true,"BIS_fnc_kbSkip":true,"BIS_fnc_kbTell":true,"BIS_fnc_kbTellLocal":true,"BIS_fnc_kbTopicConfig":true,"BIS_fnc_keyCode":true,"BIS_fnc_keypointsExport":true,"BIS_fnc_keypointsExportFromKML":true,"BIS_fnc_limitSupport":true,"BIS_fnc_linearConversion":true,"BIS_fnc_listCuratorPlayers":true,"BIS_fnc_listPlayers":true,"BIS_fnc_liveFeed":true,"BIS_fnc_liveFeedEffects":true,"BIS_fnc_liveFeedModuleEffects":true,"BIS_fnc_liveFeedModuleInit":true,"BIS_fnc_liveFeedModuleSetSource":true,"BIS_fnc_liveFeedModuleSetTarget":true,"BIS_fnc_liveFeedSetSource":true,"BIS_fnc_liveFeedSetTarget":true,"BIS_fnc_liveFeedTerminate":true,"BIS_fnc_loadClass":true,"BIS_fnc_loadEntry":true,"BIS_fnc_loadFunctions":true,"BIS_fnc_loadInventory":true,"BIS_fnc_locWeaponInfo":true,"BIS_fnc_localize":true,"BIS_fnc_locationDescription":true,"BIS_fnc_locations":true,"BIS_fnc_log":true,"BIS_fnc_logFormat":true,"BIS_fnc_loop":true,"BIS_fnc_lowestNum":true,"BIS_fnc_magnitude":true,"BIS_fnc_magnitudeSqr":true,"BIS_fnc_manageCuratorAddons":true,"BIS_fnc_manageCuratorChallenges":true,"BIS_fnc_mapSize":true,"BIS_fnc_markWaypoints":true,"BIS_fnc_markerCreate":true,"BIS_fnc_markerParams":true,"BIS_fnc_markerPath":true,"BIS_fnc_markerToTrigger":true,"BIS_fnc_maxDiffArray":true,"BIS_fnc_mirrorCuratorSettings":true,"BIS_fnc_miscanim":true,"BIS_fnc_missileLaunchPositionFix":true,"BIS_fnc_missionConversations":true,"BIS_fnc_missionConversationsLocal":true,"BIS_fnc_missionFlow":true,"BIS_fnc_missionHandlers":true,"BIS_fnc_missionRespawnType":true,"BIS_fnc_missionTasks":true,"BIS_fnc_missionTasksLocal":true,"BIS_fnc_missionTimeLeft":true,"BIS_fnc_moduleAI":true,"BIS_fnc_moduleAmmo":true,"BIS_fnc_moduleAnimals":true,"BIS_fnc_moduleArsenal":true,"BIS_fnc_moduleBleedTickets":true,"BIS_fnc_moduleBootcampStage":true,"BIS_fnc_moduleCAS":true,"BIS_fnc_moduleChat":true,"BIS_fnc_moduleCombatGetIn":true,"BIS_fnc_moduleCountdown":true,"BIS_fnc_moduleCoverMap":true,"BIS_fnc_moduleCreateDiaryRecord":true,"BIS_fnc_moduleCreateProjectile":true,"BIS_fnc_moduleCurator":true,"BIS_fnc_moduleCuratorAddAddons":true,"BIS_fnc_moduleCuratorAddCameraArea":true,"BIS_fnc_moduleCuratorAddEditableObjects":true,"BIS_fnc_moduleCuratorAddEditingArea":true,"BIS_fnc_moduleCuratorAddEditingAreaPlayers":true,"BIS_fnc_moduleCuratorAddIcon":true,"BIS_fnc_moduleCuratorAddPoints":true,"BIS_fnc_moduleCuratorSetAttributes":true,"BIS_fnc_moduleCuratorSetCamera":true,"BIS_fnc_moduleCuratorSetCoefs":true,"BIS_fnc_moduleCuratorSetCostsDefault":true,"BIS_fnc_moduleCuratorSetCostsSide":true,"BIS_fnc_moduleCuratorSetCostsVehicleClass":true,"BIS_fnc_moduleCuratorSetEditingAreaType":true,"BIS_fnc_moduleCuratorSetObjectCost":true,"BIS_fnc_moduleDamage":true,"BIS_fnc_moduleDate":true,"BIS_fnc_moduleDiary":true,"BIS_fnc_moduleDoorOpen":true,"BIS_fnc_moduleEffectsBubbles":true,"BIS_fnc_moduleEffectsEmitterCreator":true,"BIS_fnc_moduleEffectsFire":true,"BIS_fnc_moduleEffectsPlankton":true,"BIS_fnc_moduleEffectsShells":true,"BIS_fnc_moduleEffectsSmoke":true,"BIS_fnc_moduleEndMission":true,"BIS_fnc_moduleExecute":true,"BIS_fnc_moduleFDCPClear":true,"BIS_fnc_moduleFDCPIn":true,"BIS_fnc_moduleFDCPOut":true,"BIS_fnc_moduleFDFadeMarker":true,"BIS_fnc_moduleFDSkeetDestruction":true,"BIS_fnc_moduleFDStatsClear":true,"BIS_fnc_moduleFiringDrill":true,"BIS_fnc_moduleFriendlyFire":true,"BIS_fnc_moduleFuel":true,"BIS_fnc_moduleGenericRadio":true,"BIS_fnc_moduleGroupID":true,"BIS_fnc_moduleHQ":true,"BIS_fnc_moduleHandle":true,"BIS_fnc_moduleHealth":true,"BIS_fnc_moduleHint":true,"BIS_fnc_moduleInit":true,"BIS_fnc_moduleLightning":true,"BIS_fnc_moduleMPTypeDefense":true,"BIS_fnc_moduleMPTypeGameMaster":true,"BIS_fnc_moduleMPTypeSectorControl":true,"BIS_fnc_moduleMPTypeSeize":true,"BIS_fnc_moduleMine":true,"BIS_fnc_moduleMissionName":true,"BIS_fnc_moduleMode":true,"BIS_fnc_moduleModules":true,"BIS_fnc_moduleObjective":true,"BIS_fnc_moduleObjectiveFind":true,"BIS_fnc_moduleObjectiveGetIn":true,"BIS_fnc_moduleObjectiveMove":true,"BIS_fnc_moduleObjectiveRaceCP":true,"BIS_fnc_moduleObjectiveRaceFinish":true,"BIS_fnc_moduleObjectiveRaceStart":true,"BIS_fnc_moduleObjectiveSector":true,"BIS_fnc_moduleObjectiveTarget":true,"BIS_fnc_modulePositioning":true,"BIS_fnc_modulePoster":true,"BIS_fnc_modulePostprocess":true,"BIS_fnc_moduleProjectile":true,"BIS_fnc_modulePunishment":true,"BIS_fnc_moduleRadioChannelCreate":true,"BIS_fnc_moduleRank":true,"BIS_fnc_moduleRating":true,"BIS_fnc_moduleRemoteControl":true,"BIS_fnc_moduleRespawnInventory":true,"BIS_fnc_moduleRespawnPosition":true,"BIS_fnc_moduleRespawnTickets":true,"BIS_fnc_moduleRespawnVehicle":true,"BIS_fnc_moduleSFX":true,"BIS_fnc_moduleSaveGame":true,"BIS_fnc_moduleSector":true,"BIS_fnc_moduleShowHide":true,"BIS_fnc_moduleSimulationManager":true,"BIS_fnc_moduleSkill":true,"BIS_fnc_moduleSkiptime":true,"BIS_fnc_moduleSound":true,"BIS_fnc_moduleStrategicMapImage":true,"BIS_fnc_moduleStrategicMapInit":true,"BIS_fnc_moduleStrategicMapMission":true,"BIS_fnc_moduleStrategicMapORBAT":true,"BIS_fnc_moduleStrategicMapOpen":true,"BIS_fnc_moduleTTCPClear":true,"BIS_fnc_moduleTTCPIn":true,"BIS_fnc_moduleTTCPOut":true,"BIS_fnc_moduleTTCPTrigger":true,"BIS_fnc_moduleTTCPTriggerBehind":true,"BIS_fnc_moduleTTStatsClear":true,"BIS_fnc_moduleTaskCreate":true,"BIS_fnc_moduleTaskSetDescription":true,"BIS_fnc_moduleTaskSetDestination":true,"BIS_fnc_moduleTaskSetState":true,"BIS_fnc_moduleTimeTrial":true,"BIS_fnc_moduleTracers":true,"BIS_fnc_moduleTrident":true,"BIS_fnc_moduleTriggers":true,"BIS_fnc_moduleUnits":true,"BIS_fnc_moduleUnlockArea":true,"BIS_fnc_moduleUnlockObject":true,"BIS_fnc_moduleVolume":true,"BIS_fnc_moduleWeather":true,"BIS_fnc_moduleZoneProtection":true,"BIS_fnc_moduleZoneRestriction":true,"BIS_fnc_monthDays":true,"BIS_fnc_moveAction":true,"BIS_fnc_moveIn":true,"BIS_fnc_moveToRespawnPosition":true,"BIS_fnc_music":true,"BIS_fnc_nearestHelipad":true,"BIS_fnc_nearestNum":true,"BIS_fnc_nearestPosition":true,"BIS_fnc_nearestRoad":true,"BIS_fnc_neutralizeUnit":true,"BIS_fnc_noFlyZone":true,"BIS_fnc_noFlyZonesCreate":true,"BIS_fnc_noFlyZonesExport":true,"BIS_fnc_numberDigits":true,"BIS_fnc_numberText":true,"BIS_fnc_objectHeight":true,"BIS_fnc_objectSide":true,"BIS_fnc_objectType":true,"BIS_fnc_objectVar":true,"BIS_fnc_objectsGrabber":true,"BIS_fnc_onDiaryChanged":true,"BIS_fnc_onEnd":true,"BIS_fnc_onLoad":true,"BIS_fnc_onPlayerConnected":true,"BIS_fnc_ordinalNumber":true,"BIS_fnc_overviewAuthor":true,"BIS_fnc_overviewDifficulty":true,"BIS_fnc_overviewMission":true,"BIS_fnc_overviewTerrain":true,"BIS_fnc_overviewTimeTrial":true,"BIS_fnc_packStaticWeapon":true,"BIS_fnc_param":true,"BIS_fnc_paramCountdown":true,"BIS_fnc_paramDaytime":true,"BIS_fnc_paramGuerFriendly":true,"BIS_fnc_paramIn":true,"BIS_fnc_paramRespawnTickets":true,"BIS_fnc_paramWeather":true,"BIS_fnc_parseNumber":true,"BIS_fnc_phoneticalWord":true,"BIS_fnc_playEndMusic":true,"BIS_fnc_playMusic":true,"BIS_fnc_playSound":true,"BIS_fnc_playVideo":true,"BIS_fnc_playerName":true,"BIS_fnc_playerSideFaction":true,"BIS_fnc_posDegToWorld":true,"BIS_fnc_posDegtoUTM":true,"BIS_fnc_posUTMToDeg":true,"BIS_fnc_position":true,"BIS_fnc_preload":true,"BIS_fnc_prepareAO":true,"BIS_fnc_progressLoadingScreen":true,"BIS_fnc_quotations":true,"BIS_fnc_radialRed":true,"BIS_fnc_radialRedOut":true,"BIS_fnc_radioSetChannel":true,"BIS_fnc_radioSetPlaylist":true,"BIS_fnc_radioSetTrack":true,"BIS_fnc_randomIndex":true,"BIS_fnc_randomInt":true,"BIS_fnc_randomNum":true,"BIS_fnc_randomPos":true,"BIS_fnc_randomPosTrigger":true,"BIS_fnc_rankParams":true,"BIS_fnc_recompile":true,"BIS_fnc_refreshCommMenu":true,"BIS_fnc_registerCuratorObject":true,"BIS_fnc_relPos":true,"BIS_fnc_relPosObject":true,"BIS_fnc_relScaledDist":true,"BIS_fnc_relativeDirTo":true,"BIS_fnc_removeAllScriptedEventHandlers":true,"BIS_fnc_removeCommMenuItem":true,"BIS_fnc_removeCuratorIcon":true,"BIS_fnc_removeDestroyedCuratorEditableObjects":true,"BIS_fnc_removeFromPairs":true,"BIS_fnc_removeIndex":true,"BIS_fnc_removeNestedElement":true,"BIS_fnc_removeRespawnInventory":true,"BIS_fnc_removeRespawnPosition":true,"BIS_fnc_removeScriptedEventHandler":true,"BIS_fnc_removeStackedEventHandler":true,"BIS_fnc_removeSupportLink":true,"BIS_fnc_removeVirtualBackpackCargo":true,"BIS_fnc_removeVirtualItemCargo":true,"BIS_fnc_removeVirtualMagazineCargo":true,"BIS_fnc_removeVirtualWeaponCargo":true,"BIS_fnc_respawnBase":true,"BIS_fnc_respawnConfirm":true,"BIS_fnc_respawnCounter":true,"BIS_fnc_respawnEndMission":true,"BIS_fnc_respawnGroup":true,"BIS_fnc_respawnInstant":true,"BIS_fnc_respawnMenuInventory":true,"BIS_fnc_respawnMenuPosition":true,"BIS_fnc_respawnMenuSpectator":true,"BIS_fnc_respawnNone":true,"BIS_fnc_respawnRounds":true,"BIS_fnc_respawnSeagull":true,"BIS_fnc_respawnSide":true,"BIS_fnc_respawnSpectator":true,"BIS_fnc_respawnTickets":true,"BIS_fnc_respawnTimePenalty":true,"BIS_fnc_respawnWave":true,"BIS_fnc_respect":true,"BIS_fnc_returnChildren":true,"BIS_fnc_returnConfigEntry":true,"BIS_fnc_returnGroupComposition":true,"BIS_fnc_returnNestedElement":true,"BIS_fnc_returnParents":true,"BIS_fnc_returnVehicleTurrets":true,"BIS_fnc_romanNumeral":true,"BIS_fnc_rotateVector2D":true,"BIS_fnc_roundDir":true,"BIS_fnc_roundNum":true,"BIS_fnc_rscLayer":true,"BIS_fnc_runLater":true,"BIS_fnc_sandstorm":true,"BIS_fnc_saveGame":true,"BIS_fnc_saveInventory":true,"BIS_fnc_sayMessage":true,"BIS_fnc_sceneAreaClearance":true,"BIS_fnc_sceneCheckWeapons":true,"BIS_fnc_sceneCreateSceneTrigger":true,"BIS_fnc_sceneCreateSoundEntities":true,"BIS_fnc_sceneGetObjects":true,"BIS_fnc_sceneGetParticipants":true,"BIS_fnc_sceneGetPositionByAngle":true,"BIS_fnc_sceneIntruderDetector":true,"BIS_fnc_sceneMiscStuff":true,"BIS_fnc_sceneRotate":true,"BIS_fnc_sceneSetAnimationsForGroup":true,"BIS_fnc_sceneSetBehaviour":true,"BIS_fnc_sceneSetObjects":true,"BIS_fnc_sceneSetPosFormation":true,"BIS_fnc_scriptedMove":true,"BIS_fnc_scriptedWaypointType":true,"BIS_fnc_secondsToString":true,"BIS_fnc_selectCrew":true,"BIS_fnc_selectDiarySubject":true,"BIS_fnc_selectRandom":true,"BIS_fnc_selectRandomWeighted":true,"BIS_fnc_selectRespawnTemplate":true,"BIS_fnc_setCuratorAttributes":true,"BIS_fnc_setCuratorCamera":true,"BIS_fnc_setCuratorVisionModes":true,"BIS_fnc_setDate":true,"BIS_fnc_setFog":true,"BIS_fnc_setHeight":true,"BIS_fnc_setIDCStreamFriendly":true,"BIS_fnc_setNestedElement":true,"BIS_fnc_setObjectTexture":true,"BIS_fnc_setOvercast":true,"BIS_fnc_setPPeffectTemplate":true,"BIS_fnc_setPitchBank":true,"BIS_fnc_setRank":true,"BIS_fnc_setRespawnDelay":true,"BIS_fnc_setRespawnInventory":true,"BIS_fnc_setServerVariable":true,"BIS_fnc_setTask":true,"BIS_fnc_setTaskLocal":true,"BIS_fnc_setToPairs":true,"BIS_fnc_setUnitInsignia":true,"BIS_fnc_shakeCuratorCamera":true,"BIS_fnc_shakeGauges":true,"BIS_fnc_showCuratorAttributes":true,"BIS_fnc_showCuratorFeedbackMessage":true,"BIS_fnc_showMarkers":true,"BIS_fnc_showNotification":true,"BIS_fnc_showRespawnMenu":true,"BIS_fnc_showTime":true,"BIS_fnc_showUnitInfo":true,"BIS_fnc_shutdown":true,"BIS_fnc_sideColor":true,"BIS_fnc_sideID":true,"BIS_fnc_sideName":true,"BIS_fnc_sideType":true,"BIS_fnc_singleMissionConfig":true,"BIS_fnc_singleMissionKeys":true,"BIS_fnc_singleMissionName":true,"BIS_fnc_skirmishTrigger":true,"BIS_fnc_sortAlphabetically":true,"BIS_fnc_sortBy":true,"BIS_fnc_sortNum":true,"BIS_fnc_spawn":true,"BIS_fnc_spawnCrew":true,"BIS_fnc_spawnEnemy":true,"BIS_fnc_spawnGroup":true,"BIS_fnc_spawnObjects":true,"BIS_fnc_spawnVehicle":true,"BIS_fnc_splitString":true,"BIS_fnc_spotter":true,"BIS_fnc_startLoadingScreen":true,"BIS_fnc_subClasses":true,"BIS_fnc_subSelect":true,"BIS_fnc_supplydrop":true,"BIS_fnc_supplydropService":true,"BIS_fnc_swapVars":true,"BIS_fnc_target":true,"BIS_fnc_taskAttack":true,"BIS_fnc_taskChildren":true,"BIS_fnc_taskCompleted":true,"BIS_fnc_taskCreate":true,"BIS_fnc_taskCurrent":true,"BIS_fnc_taskDefend":true,"BIS_fnc_taskDescription":true,"BIS_fnc_taskDestination":true,"BIS_fnc_taskExists":true,"BIS_fnc_taskHandler":true,"BIS_fnc_taskHint":true,"BIS_fnc_taskParent":true,"BIS_fnc_taskPatrol":true,"BIS_fnc_taskReal":true,"BIS_fnc_taskSetCurrent":true,"BIS_fnc_taskSetDescription":true,"BIS_fnc_taskSetDestination":true,"BIS_fnc_taskSetState":true,"BIS_fnc_taskState":true,"BIS_fnc_taskVar":true,"BIS_fnc_tasksUnit":true,"BIS_fnc_teamColor":true,"BIS_fnc_terrainGradAngle":true,"BIS_fnc_textTiles":true,"BIS_fnc_textureMarker":true,"BIS_fnc_textureVehicleIcon":true,"BIS_fnc_threat":true,"BIS_fnc_timeToString":true,"BIS_fnc_titleText":true,"BIS_fnc_titlecard":true,"BIS_fnc_toUpperDisplayTexts":true,"BIS_fnc_toggleCuratorVisionMode":true,"BIS_fnc_traceBullets":true,"BIS_fnc_trackMissionTime":true,"BIS_fnc_transportService":true,"BIS_fnc_tridentClient":true,"BIS_fnc_tridentExecute":true,"BIS_fnc_tridentGetRelationship":true,"BIS_fnc_tridentHandleDamage":true,"BIS_fnc_tridentSetRelationship":true,"BIS_fnc_triggerToMarker":true,"BIS_fnc_trimString":true,"BIS_fnc_typeText":true,"BIS_fnc_typeText2":true,"BIS_fnc_uniqueClasses":true,"BIS_fnc_unitAddon":true,"BIS_fnc_unitVector":true,"BIS_fnc_unpackStaticWeapon":true,"BIS_fnc_updatePlayerArray":true,"BIS_fnc_validateParametersOO":true,"BIS_fnc_variableSpaceAdd":true,"BIS_fnc_variableSpaceRemove":true,"BIS_fnc_vectorAdd":true,"BIS_fnc_vectorDiff":true,"BIS_fnc_vectorFromXToY":true,"BIS_fnc_vectorMultiply":true,"BIS_fnc_vehicleRoles":true,"BIS_fnc_version":true,"BIS_fnc_weaponAddon":true,"BIS_fnc_weaponComponents":true,"BIS_fnc_worldArea":true,"BIS_fnc_wpArtillery":true,"BIS_fnc_wpLand":true,"BIS_fnc_wpPatrol":true,"BIS_fnc_wpRelax":true,"BIS_fnc_wpSuppress":true,"BIS_fnc_zzRotate":true,"HUDMovementLevels":true,"UAVControl":true,"WFSideText":true,"abs":true,"accTime":true,"acos":true,"action":true,"actionKeys":true,"actionKeysImages":true,"actionKeysNames":true,"actionKeysNamesArray":true,"actionName":true,"activateAddons":true,"activateKey":true,"activatedAddons":true,"addAction":true,"addBackpack":true,"addBackpackCargo":true,"addBackpackCargoGlobal":true,"addBackpackGlobal":true,"addCamShake":true,"addCuratorAddons":true,"addCuratorCameraArea":true,"addCuratorEditableObjects":true,"addCuratorEditingArea":true,"addCuratorPoints":true,"addEditorObject":true,"addEventHandler":true,"addGoggles":true,"addGroupIcon":true,"addHandgunItem":true,"addHeadgear":true,"addItem":true,"addItemCargo":true,"addItemCargoGlobal":true,"addItemPool":true,"addItemToBackpack":true,"addItemToUniform":true,"addItemToVest":true,"addLiveStats":true,"addMPEventHandler":true,"addMagazine":true,"addMagazineAmmoCargo":true,"addMagazineCargo":true,"addMagazineCargoGlobal":true,"addMagazineGlobal":true,"addMagazinePool":true,"addMagazineTurret":true,"addMagazine_array":true,"addMagazines":true,"addMenu":true,"addMenuItem":true,"addMissionEventHandler":true,"addMusicEventHandler":true,"addPrimaryWeaponItem":true,"addPublicVariableEventHandler":true,"addRating":true,"addResources":true,"addScore":true,"addScoreSide":true,"addSecondaryWeaponItem":true,"addSwitchableUnit":true,"addTeamMember":true,"addToRemainsCollector":true,"addUniform":true,"addVehicle":true,"addVest":true,"addWaypoint":true,"addWeapon":true,"addWeaponCargo":true,"addWeaponCargoGlobal":true,"addWeaponGlobal":true,"addWeaponPool":true,"addWeaponTurret":true,"agent":true,"agents":true,"aimPos":true,"aimedAtTarget":true,"airDensityRTD":true,"airportSide":true,"alive":true,"allCurators":true,"allDead":true,"allDeadMen":true,"allGroups":true,"allMapMarkers":true,"allMines":true,"allMissionObjects":true,"allSites":true,"allTurrets":true,"allUnits":true,"allUnitsUAV":true,"allow3DMode":true,"allowCrewInImmobile":true,"allowCuratorLogicIgnoreAreas":true,"allowDamage":true,"allowDammage":true,"allowFileOperations":true,"allowFleeing":true,"allowGetIn":true,"ammo":true,"and":true,"animate":true,"animateDoor":true,"animationPhase":true,"animationState":true,"armoryPoints":true,"asin":true,"assert":true,"assignAsCargo":true,"assignAsCargoIndex":true,"assignAsCommander":true,"assignAsDriver":true,"assignAsGunner":true,"assignAsTurret":true,"assignCurator":true,"assignItem":true,"assignTeam":true,"assignToAirport":true,"assignedCargo":true,"assignedCommander":true,"assignedDriver":true,"assignedGunner":true,"assignedItems":true,"assignedTarget":true,"assignedTeam":true,"assignedVehicle":true,"assignedVehicleRole":true,"atan":true,"atan2":true,"atg":true,"attachObject":true,"attachTo":true,"attachedObject":true,"attachedObjects":true,"attachedTo":true,"attackEnabled":true,"backpack":true,"backpackCargo":true,"backpackContainer":true,"backpackItems":true,"backpackMagazines":true,"backpackSpaceFor":true,"behaviour":true,"benchmark":true,"binocular":true,"blufor":true,"boundingBox":true,"boundingBoxReal":true,"boundingCenter":true,"breakOut":true,"breakTo":true,"briefingName":true,"buildingExit":true,"buildingPos":true,"buttonAction":true,"buttonSetAction":true,"cadetMode":true,"call":true,"callExtension":true,"camCommand":true,"camCommit":true,"camCommitPrepared":true,"camCommitted":true,"camConstuctionSetParams":true,"camCreate":true,"camDestroy":true,"camPreload":true,"camPreloaded":true,"camPrepareBank":true,"camPrepareDir":true,"camPrepareDive":true,"camPrepareFocus":true,"camPrepareFov":true,"camPrepareFovRange":true,"camPreparePos":true,"camPrepareRelPos":true,"camPrepareTarget":true,"camSetBank":true,"camSetDir":true,"camSetDive":true,"camSetFocus":true,"camSetFov":true,"camSetFovRange":true,"camSetPos":true,"camSetRelPos":true,"camSetTarget":true,"camTarget":true,"camUseNVG":true,"cameraEffect":true,"cameraEffectEnableHUD":true,"cameraInterest":true,"cameraOn":true,"cameraView":true,"campaignConfigFile":true,"canAdd":true,"canAddItemToBackpack":true,"canAddItemToUniform":true,"canAddItemToVest":true,"canFire":true,"canMove":true,"canSlingLoad":true,"canStand":true,"canUnloadInCombat":true,"cancelSimpleTaskDestination":true,"captive":true,"captiveNum":true,"case":true,"catch":true,"cbChecked":true,"cbSetChecked":true,"ceil":true,"cheatsEnabled":true,"checkAIFeature":true,"civilian":true,"className":true,"clearAllItemsFromBackpack":true,"clearBackpackCargo":true,"clearBackpackCargoGlobal":true,"clearGroupIcons":true,"clearItemCargo":true,"clearItemCargoGlobal":true,"clearItemPool":true,"clearMagazineCargo":true,"clearMagazineCargoGlobal":true,"clearMagazinePool":true,"clearOverlay":true,"clearRadio":true,"clearWeaponCargo":true,"clearWeaponCargoGlobal":true,"clearWeaponPool":true,"closeDialog":true,"closeDisplay":true,"closeOverlay":true,"collapseObjectTree":true,"combatMode":true,"commandArtilleryFire":true,"commandChat":true,"commandFSM":true,"commandFire":true,"commandFollow":true,"commandGetOut":true,"commandMove":true,"commandRadio":true,"commandStop":true,"commandTarget":true,"commandWatch":true,"commander":true,"commandingMenu":true,"comment":true,"commitOverlay":true,"compile":true,"compileFinal":true,"completedFSM":true,"composeText":true,"configClasses":true,"configFile":true,"configName":true,"configProperties":true,"connectTerminalToUAV":true,"controlNull":true,"copyFromClipboard":true,"copyToClipboard":true,"copyWaypoints":true,"cos":true,"count":true,"countEnemy":true,"countFriendly":true,"countSide":true,"countType":true,"countUnknown":true,"createAgent":true,"createCenter":true,"createDialog":true,"createDiaryLink":true,"createDiaryRecord":true,"createDiarySubject":true,"createDisplay":true,"createGearDialog":true,"createGroup":true,"createGuardedPoint":true,"createLocation":true,"createMarker":true,"createMarkerLocal":true,"createMenu":true,"createMine":true,"createMissionDisplay":true,"createSimpleTask":true,"createSite":true,"createSoundSource":true,"createTask":true,"createTeam":true,"createTrigger":true,"createUnit":true,"createUnit_array":true,"createVehicle":true,"createVehicleCrew":true,"createVehicleLocal":true,"createVehicle_array":true,"crew":true,"ctrlActivate":true,"ctrlAddEventHandler":true,"ctrlAutoScrollDelay":true,"ctrlAutoScrollRewind":true,"ctrlAutoScrollSpeed":true,"ctrlChecked":true,"ctrlClassName":true,"ctrlCommit":true,"ctrlCommitted":true,"ctrlCreate":true,"ctrlDelete":true,"ctrlEnable":true,"ctrlEnabled":true,"ctrlFade":true,"ctrlHTMLLoaded":true,"ctrlIDC":true,"ctrlIDD":true,"ctrlMapAnimAdd":true,"ctrlMapAnimClear":true,"ctrlMapAnimCommit":true,"ctrlMapAnimDone":true,"ctrlMapCursor":true,"ctrlMapMouseOver":true,"ctrlMapScale":true,"ctrlMapScreenToWorld":true,"ctrlMapWorldToScreen":true,"ctrlModel":true,"ctrlModelDirAndUp":true,"ctrlModelScale":true,"ctrlParent":true,"ctrlPosition":true,"ctrlRemoveAllEventHandlers":true,"ctrlRemoveEventHandler":true,"ctrlScale":true,"ctrlSetActiveColor":true,"ctrlSetAutoScrollDelay":true,"ctrlSetAutoScrollRewind":true,"ctrlSetAutoScrollSpeed":true,"ctrlSetBackgroundColor":true,"ctrlSetChecked":true,"ctrlSetEventHandler":true,"ctrlSetFade":true,"ctrlSetFocus":true,"ctrlSetFont":true,"ctrlSetFontH1":true,"ctrlSetFontH1B":true,"ctrlSetFontH2":true,"ctrlSetFontH2B":true,"ctrlSetFontH3":true,"ctrlSetFontH3B":true,"ctrlSetFontH4":true,"ctrlSetFontH4B":true,"ctrlSetFontH5":true,"ctrlSetFontH5B":true,"ctrlSetFontH6":true,"ctrlSetFontH6B":true,"ctrlSetFontHeight":true,"ctrlSetFontHeightH1":true,"ctrlSetFontHeightH2":true,"ctrlSetFontHeightH3":true,"ctrlSetFontHeightH4":true,"ctrlSetFontHeightH5":true,"ctrlSetFontHeightH6":true,"ctrlSetFontP":true,"ctrlSetFontPB":true,"ctrlSetForegroundColor":true,"ctrlSetModel":true,"ctrlSetModelDirAndUp":true,"ctrlSetModelScale":true,"ctrlSetPosition":true,"ctrlSetScale":true,"ctrlSetStructuredText":true,"ctrlSetText":true,"ctrlSetTextColor":true,"ctrlSetTooltip":true,"ctrlSetTooltipColorBox":true,"ctrlSetTooltipColorShade":true,"ctrlSetTooltipColorText":true,"ctrlShow":true,"ctrlShown":true,"ctrlText":true,"ctrlTextHeight":true,"ctrlType":true,"ctrlVisible":true,"curatorAddons":true,"curatorCamera":true,"curatorCameraArea":true,"curatorCameraAreaCeiling":true,"curatorCoef":true,"curatorEditableObjects":true,"curatorEditingArea":true,"curatorEditingAreaType":true,"curatorMouseOver":true,"curatorPoints":true,"curatorRegisteredObjects":true,"curatorSelected":true,"curatorWaypointCost":true,"currentCommand":true,"currentMagazine":true,"currentMagazineDetail":true,"currentMagazineDetailTurret":true,"currentMagazineTurret":true,"currentMuzzle":true,"currentTask":true,"currentTasks":true,"currentVisionMode":true,"currentWaypoint":true,"currentWeapon":true,"currentWeaponMode":true,"currentWeaponTurret":true,"currentZeroing":true,"cursorTarget":true,"customChat":true,"customRadio":true,"cutFadeOut":true,"cutObj":true,"cutRsc":true,"cutText":true,"damage":true,"date":true,"dateToNumber":true,"daytime":true,"deActivateKey":true,"debriefingText":true,"debugFSM":true,"debugLog":true,"default":true,"deg":true,"deleteAt":true,"deleteCenter":true,"deleteCollection":true,"deleteEditorObject":true,"deleteGroup":true,"deleteIdentity":true,"deleteLocation":true,"deleteMarker":true,"deleteMarkerLocal":true,"deleteRange":true,"deleteResources":true,"deleteSite":true,"deleteStatus":true,"deleteTeam":true,"deleteVehicle":true,"deleteVehicleCrew":true,"deleteWaypoint":true,"detach":true,"detectedMines":true,"diag_captureFrame":true,"diag_captureSlowFrame":true,"diag_fps":true,"diag_fpsmin":true,"diag_frameno":true,"diag_log":true,"diag_logSlowFrame":true,"diag_tickTime":true,"dialog":true,"diarySubjectExists":true,"difficulty":true,"difficultyEnabled":true,"difficultyEnabledRTD":true,"directSay":true,"direction":true,"disableAI":true,"disableCollisionWith":true,"disableConversation":true,"disableDebriefingStats":true,"disableSerialization":true,"disableTIEquipment":true,"disableUAVConnectability":true,"disableUserInput":true,"displayAddEventHandler":true,"displayCtrl":true,"displayNull":true,"displayRemoveAllEventHandlers":true,"displayRemoveEventHandler":true,"displaySetEventHandler":true,"dissolveTeam":true,"distance":true,"distanceSqr":true,"distributionRegion":true,"do":true,"doArtilleryFire":true,"doFSM":true,"doFire":true,"doFollow":true,"doGetOut":true,"doMove":true,"doStop":true,"doTarget":true,"doWatch":true,"doorPhase":true,"drawArrow":true,"drawEllipse":true,"drawIcon":true,"drawIcon3D":true,"drawLine":true,"drawLine3D":true,"drawLink":true,"drawLocation":true,"drawRectangle":true,"driver":true,"drop":true,"east":true,"echo":true,"editObject":true,"editorSetEventHandler":true,"effectiveCommander":true,"else":true,"emptyPositions":true,"enableAI":true,"enableAIFeature":true,"enableAttack":true,"enableCamShake":true,"enableCaustics":true,"enableCollisionWith":true,"enableCopilot":true,"enableDebriefingStats":true,"enableDiagLegend":true,"enableEndDialog":true,"enableEngineArtillery":true,"enableEnvironment":true,"enableFatigue":true,"enableGunLights":true,"enableIRLasers":true,"enableMimics":true,"enablePersonTurret":true,"enableRadio":true,"enableReload":true,"enableRopeAttach":true,"enableSatNormalOnDetail":true,"enableSaving":true,"enableSentences":true,"enableSimulation":true,"enableSimulationGlobal":true,"enableTeamSwitch":true,"enableUAVConnectability":true,"endLoadingScreen":true,"endMission":true,"engineOn":true,"enginesIsOnRTD":true,"enginesRpmRTD":true,"enginesTorqueRTD":true,"entities":true,"estimatedEndServerTime":true,"estimatedTimeLeft":true,"evalObjectArgument":true,"everyBackpack":true,"everyContainer":true,"exec":true,"execEditorScript":true,"execFSM":true,"execVM":true,"exit":true,"exitWith":true,"exp":true,"expectedDestination":true,"eyeDirection":true,"eyePos":true,"face":true,"faction":true,"fadeMusic":true,"fadeRadio":true,"fadeSound":true,"fadeSpeech":true,"failMission":true,"false":true,"fillWeaponsFromPool":true,"find":true,"findCover":true,"findDisplay":true,"findEditorObject":true,"findEmptyPosition":true,"findEmptyPositionReady":true,"findNearestEnemy":true,"finishMissionInit":true,"finite":true,"fire":true,"fireAtTarget":true,"firstBackpack":true,"flag":true,"flagOwner":true,"fleeing":true,"floor":true,"flyInHeight":true,"fog":true,"fogForecast":true,"fogParams":true,"for":true,"forEach":true,"forEachMember":true,"forEachMemberAgent":true,"forEachMemberTeam":true,"forceAddUniform":true,"forceEnd":true,"forceMap":true,"forceRespawn":true,"forceSpeed":true,"forceWalk":true,"forceWeaponFire":true,"forceWeatherChange":true,"formLeader":true,"format":true,"formatText":true,"formation":true,"formationDirection":true,"formationLeader":true,"formationMembers":true,"formationPosition":true,"formationTask":true,"freeLook":true,"from":true,"fromEditor":true,"fuel":true,"fullCrew":true,"gearSlotAmmoCount":true,"gearSlotData":true,"getAmmoCargo":true,"getArray":true,"getArtilleryAmmo":true,"getArtilleryComputerSettings":true,"getArtilleryETA":true,"getAssignedCuratorLogic":true,"getAssignedCuratorUnit":true,"getBackpackCargo":true,"getBleedingRemaining":true,"getBurningValue":true,"getCargoIndex":true,"getCenterOfMass":true,"getChosenCont":true,"getClientState":true,"getConnectedUAV":true,"getDLCs":true,"getDammage":true,"getDescription":true,"getDir":true,"getDirVisual":true,"getEditorCamera":true,"getEditorMode":true,"getEditorObjectScope":true,"getElevationOffset":true,"getFSMVariable":true,"getFatigue":true,"getFriend":true,"getFuelCargo":true,"getGroupIcon":true,"getGroupIconParams":true,"getGroupIcons":true,"getHideFrom":true,"getHit":true,"getHitPointDamage":true,"getItemCargo":true,"getMagazineCargo":true,"getMarkerColor":true,"getMarkerPos":true,"getMarkerSize":true,"getMarkerType":true,"getMass":true,"getNumber":true,"getObjectArgument":true,"getObjectChildren":true,"getObjectDLC":true,"getObjectProxy":true,"getOxygenRemaining":true,"getPersonUsedDLCs":true,"getPlayerUID":true,"getPos":true,"getPosASL":true,"getPosASLVisual":true,"getPosASLW":true,"getPosATL":true,"getPosATLVisual":true,"getPosVisual":true,"getPosWorld":true,"getRepairCargo":true,"getResolution":true,"getShadowDistance":true,"getSlingLoad":true,"getSpeed":true,"getTerrainHeightASL":true,"getText":true,"getVariable":true,"getWPPos":true,"getWeaponCargo":true,"glanceAt":true,"globalChat":true,"globalRadio":true,"goggles":true,"goto":true,"group":true,"groupChat":true,"groupFromNetId":true,"groupID":true,"groupIconSelectable":true,"groupIconsVisible":true,"groupRadio":true,"groupSelectUnit":true,"groupSelectedUnits":true,"grpNull":true,"gunner":true,"gusts":true,"halt":true,"handgunItems":true,"handgunMagazine":true,"handgunWeapon":true,"handsHit":true,"hasInterface":true,"hasWeapon":true,"hcAllGroups":true,"hcGroupParams":true,"hcLeader":true,"hcRemoveAllGroups":true,"hcRemoveGroup":true,"hcSelectGroup":true,"hcSelected":true,"hcSetGroup":true,"hcShowBar":true,"hcShownBar":true,"headgear":true,"hideBody":true,"hideObject":true,"hideObjectGlobal":true,"hint":true,"hintC":true,"hintC_array":true,"hintC_structuredText":true,"hintCadet":true,"hintSilent":true,"hmd":true,"hostMission":true,"htmlLoad":true,"humidity":true,"if":true,"image":true,"importAllGroups":true,"importance":true,"in":true,"inGameUISetEventHandler":true,"inRangeOfArtillery":true,"incapacitatedState":true,"independent":true,"inflame":true,"inflamed":true,"inheritsFrom":true,"initAmbientLife":true,"inputAction":true,"insertEditorObject":true,"intersect":true,"isAbleToBreathe":true,"isAgent":true,"isArray":true,"isAutoHoverOn":true,"isAutonomous":true,"isAutotest":true,"isBleeding":true,"isBurning":true,"isClass":true,"isCollisionLightOn":true,"isCopilotEnabled":true,"isDLCAvailable":true,"isDedicated":true,"isEngineOn":true,"isEqualTo":true,"isFlashlightOn":true,"isFlatEmpty":true,"isForcedWalk":true,"isFormationLeader":true,"isHidden":true,"isIRLaserOn":true,"isInRemainsCollector":true,"isInstructorFigureEnabled":true,"isKeyActive":true,"isKindOf":true,"isLightOn":true,"isLocalized":true,"isManualFire":true,"isMarkedForCollection":true,"isMultiplayer":true,"isNil":true,"isNull":true,"isNumber":true,"isObjectRTD":true,"isOnRoad":true,"isPipEnabled":true,"isPlayer":true,"isRealTime":true,"isShowing3DIcons":true,"isSteamMission":true,"isStreamFriendlyUIEnabled":true,"isText":true,"isTouchingGround":true,"isTutHintsEnabled":true,"isUAVConnectable":true,"isUAVConnected":true,"isUniformAllowed":true,"isWalking":true,"itemCargo":true,"items":true,"itemsWithMagazines":true,"join":true,"joinAs":true,"joinAsSilent":true,"joinSilent":true,"kbAddDatabase":true,"kbAddDatabaseTargets":true,"kbAddTopic":true,"kbHasTopic":true,"kbReact":true,"kbRemoveTopic":true,"kbTell":true,"kbWasSaid":true,"keyImage":true,"keyName":true,"knowsAbout":true,"land":true,"landAt":true,"landResult":true,"language":true,"laserTarget":true,"lbAdd":true,"lbClear":true,"lbColor":true,"lbCurSel":true,"lbData":true,"lbDelete":true,"lbIsSelected":true,"lbPicture":true,"lbSelection":true,"lbSetColor":true,"lbSetCurSel":true,"lbSetData":true,"lbSetPicture":true,"lbSetSelected":true,"lbSetTooltip":true,"lbSetValue":true,"lbSize":true,"lbSort":true,"lbSortByValue":true,"lbText":true,"lbValue":true,"leader":true,"leaveVehicle":true,"libraryCredits":true,"libraryDisclaimers":true,"lifeState":true,"lightAttachObject":true,"lightDetachObject":true,"lightIsOn":true,"lightnings":true,"limitSpeed":true,"lineBreak":true,"lineIntersects":true,"lineIntersectsObjs":true,"lineIntersectsWith":true,"linearConversion":true,"linkItem":true,"list":true,"listObjects":true,"ln":true,"lnbAddArray":true,"lnbAddColumn":true,"lnbAddRow":true,"lnbClear":true,"lnbColor":true,"lnbCurSelRow":true,"lnbData":true,"lnbDeleteColumn":true,"lnbDeleteRow":true,"lnbGetColumnsPosition":true,"lnbPicture":true,"lnbSetColor":true,"lnbSetColumnsPos":true,"lnbSetCurSelRow":true,"lnbSetData":true,"lnbSetPicture":true,"lnbSetText":true,"lnbSetValue":true,"lnbSize":true,"lnbText":true,"lnbValue":true,"load":true,"loadAbs":true,"loadBackpack":true,"loadFile":true,"loadGame":true,"loadIdentity":true,"loadMagazine":true,"loadOverlay":true,"loadStatus":true,"loadUniform":true,"loadVest":true,"local":true,"localize":true,"locationNull":true,"locationPosition":true,"lock":true,"lockCameraTo":true,"lockCargo":true,"lockDriver":true,"lockTurret":true,"lockWP":true,"locked":true,"lockedCargo":true,"lockedDriver":true,"lockedTurret":true,"log":true,"logEntities":true,"lookAt":true,"lookAtPos":true,"magazineCargo":true,"magazines":true,"magazinesAmmo":true,"magazinesAmmoCargo":true,"magazinesAmmoFull":true,"magazinesDetail":true,"magazinesDetailBackpack":true,"magazinesDetailUniform":true,"magazinesDetailVest":true,"magazinesTurret":true,"mapAnimAdd":true,"mapAnimClear":true,"mapAnimCommit":true,"mapAnimDone":true,"mapCenterOnCamera":true,"mapGridPosition":true,"markAsFinishedOnSteam":true,"markerAlpha":true,"markerBrush":true,"markerColor":true,"markerDir":true,"markerPos":true,"markerShape":true,"markerSize":true,"markerText":true,"markerType":true,"max":true,"members":true,"min":true,"mineActive":true,"mineDetectedBy":true,"missionConfigFile":true,"missionName":true,"missionNamespace":true,"missionStart":true,"mod":true,"modelToWorld":true,"modelToWorldVisual":true,"moonIntensity":true,"morale":true,"move":true,"moveInAny":true,"moveInCargo":true,"moveInCommander":true,"moveInDriver":true,"moveInGunner":true,"moveInTurret":true,"moveObjectToEnd":true,"moveOut":true,"moveTime":true,"moveTo":true,"moveToCompleted":true,"moveToFailed":true,"musicVolume":true,"nMenuItems":true,"name":true,"nameSound":true,"name_location":true,"nearEntities":true,"nearObjects":true,"nearObjectsReady":true,"nearRoads":true,"nearSupplies":true,"nearTargets":true,"nearestBuilding":true,"nearestLocation":true,"nearestLocationWithDubbing":true,"nearestLocations":true,"nearestObject":true,"nearestObjects":true,"needReload":true,"netId":true,"netObjNull":true,"newOverlay":true,"nextMenuItemIndex":true,"nextWeatherChange":true,"nil":true,"not":true,"numberToDate":true,"objNull":true,"objStatus":true,"objectCurators":true,"objectFromNetId":true,"onBriefingGroup":true,"onBriefingNotes":true,"onBriefingPlan":true,"onBriefingTeamSwitch":true,"onCommandModeChanged":true,"onDoubleClick":true,"onEachFrame":true,"onGroupIconClick":true,"onGroupIconOverEnter":true,"onGroupIconOverLeave":true,"onHCGroupSelectionChanged":true,"onMapSingleClick":true,"onPlayerConnected":true,"onPlayerDisconnected":true,"onPreloadFinished":true,"onPreloadStarted":true,"onShowNewObject":true,"onTeamSwitch":true,"openCuratorInterface":true,"openMap":true,"openYoutubeVideo":true,"opfor":true,"or":true,"orderGetIn":true,"overcast":true,"overcastForecast":true,"owner":true,"parseNumber":true,"parseText":true,"parsingNamespace":true,"particlesQuality":true,"pi":true,"pickWeaponPool":true,"pitch":true,"playAction":true,"playActionNow":true,"playGesture":true,"playMission":true,"playMove":true,"playMoveNow":true,"playMusic":true,"playScriptedMission":true,"playSound":true,"playSound3D":true,"playableSlotsNumber":true,"playableUnits":true,"player":true,"playerRespawnTime":true,"playerSide":true,"playersNumber":true,"posScreenToWorld":true,"posWorldToScreen":true,"position":true,"positionCameraToWorld":true,"ppEffectAdjust":true,"ppEffectCommit":true,"ppEffectCommitted":true,"ppEffectCreate":true,"ppEffectDestroy":true,"ppEffectEnable":true,"ppEffectForceInNVG":true,"precision":true,"preloadCamera":true,"preloadObject":true,"preloadSound":true,"preloadTitleObj":true,"preloadTitleRsc":true,"preprocessFile":true,"preprocessFileLineNumbers":true,"primaryWeapon":true,"primaryWeaponItems":true,"primaryWeaponMagazine":true,"priority":true,"private":true,"processDiaryLink":true,"productVersion":true,"profileName":true,"profileNamespace":true,"progressLoadingScreen":true,"progressPosition":true,"progressSetPosition":true,"publicVariable":true,"publicVariableClient":true,"publicVariableServer":true,"pushBack":true,"putWeaponPool":true,"queryItemsPool":true,"queryMagazinePool":true,"queryWeaponPool":true,"rad":true,"radioChannelAdd":true,"radioChannelCreate":true,"radioChannelRemove":true,"radioChannelSetCallSign":true,"radioChannelSetLabel":true,"radioVolume":true,"rain":true,"rainbow":true,"random":true,"rank":true,"rankId":true,"rating":true,"rectangular":true,"registerTask":true,"registeredTasks":true,"reload":true,"reloadEnabled":true,"remoteControl":true,"removeAction":true,"removeAllActions":true,"removeAllAssignedItems":true,"removeAllContainers":true,"removeAllCuratorAddons":true,"removeAllCuratorCameraAreas":true,"removeAllCuratorEditingAreas":true,"removeAllEventHandlers":true,"removeAllHandgunItems":true,"removeAllItems":true,"removeAllItemsWithMagazines":true,"removeAllMPEventHandlers":true,"removeAllMissionEventHandlers":true,"removeAllMusicEventHandlers":true,"removeAllPrimaryWeaponItems":true,"removeAllWeapons":true,"removeBackpack":true,"removeBackpackGlobal":true,"removeCuratorAddons":true,"removeCuratorCameraArea":true,"removeCuratorEditableObjects":true,"removeCuratorEditingArea":true,"removeDrawIcon":true,"removeDrawLinks":true,"removeEventHandler":true,"removeFromRemainsCollector":true,"removeGoggles":true,"removeGroupIcon":true,"removeHandgunItem":true,"removeHeadgear":true,"removeItem":true,"removeItemFromBackpack":true,"removeItemFromUniform":true,"removeItemFromVest":true,"removeItems":true,"removeMPEventHandler":true,"removeMagazine":true,"removeMagazineGlobal":true,"removeMagazineTurret":true,"removeMagazines":true,"removeMagazinesTurret":true,"removeMenuItem":true,"removeMissionEventHandler":true,"removeMusicEventHandler":true,"removePrimaryWeaponItem":true,"removeSimpleTask":true,"removeSwitchableUnit":true,"removeTeamMember":true,"removeUniform":true,"removeVest":true,"removeWeapon":true,"removeWeaponGlobal":true,"removeWeaponTurret":true,"requiredVersion":true,"resetCamShake":true,"resetSubgroupDirection":true,"resistance":true,"resize":true,"resources":true,"respawnVehicle":true,"restartEditorCamera":true,"reveal":true,"revealMine":true,"reverse":true,"reversedMouseY":true,"roadsConnectedTo":true,"ropeAttachEnabled":true,"ropeAttachTo":true,"ropeAttachedObjects":true,"ropeAttachedTo":true,"ropeCreate":true,"ropeCut":true,"ropeEndPosition":true,"ropeLength":true,"ropeUnwind":true,"ropeUnwound":true,"ropes":true,"rotorsForcesRTD":true,"rotorsRpmRTD":true,"round":true,"runInitScript":true,"safeZoneH":true,"safeZoneW":true,"safeZoneWAbs":true,"safeZoneX":true,"safeZoneXAbs":true,"safeZoneY":true,"saveGame":true,"saveIdentity":true,"saveJoysticks":true,"saveOverlay":true,"saveProfileNamespace":true,"saveStatus":true,"saveVar":true,"savingEnabled":true,"say":true,"say2D":true,"say3D":true,"scopeName":true,"score":true,"scoreSide":true,"screenToWorld":true,"scriptDone":true,"scriptName":true,"scriptNull":true,"scudState":true,"secondaryWeapon":true,"secondaryWeaponItems":true,"secondaryWeaponMagazine":true,"select":true,"selectBestPlaces":true,"selectDiarySubject":true,"selectEditorObject":true,"selectLeader":true,"selectNoPlayer":true,"selectPlayer":true,"selectWeapon":true,"selectWeaponTurret":true,"selectedEditorObjects":true,"selectionPosition":true,"sendAUMessage":true,"sendSimpleCommand":true,"sendTask":true,"sendTaskResult":true,"sendUDPMessage":true,"serverCommand":true,"serverCommandAvailable":true,"serverCommandExecutable":true,"serverTime":true,"set":true,"setAccTime":true,"setAirportSide":true,"setAmmo":true,"setAmmoCargo":true,"setAperture":true,"setApertureNew":true,"setArmoryPoints":true,"setAttributes":true,"setAutonomous":true,"setBehaviour":true,"setBleedingRemaining":true,"setCamShakeDefParams":true,"setCamShakeParams":true,"setCamUseTi":true,"setCameraInterest":true,"setCaptive":true,"setCenterOfMass":true,"setCollisionLight":true,"setCombatMode":true,"setCompassOscillation":true,"setCuratorCameraAreaCeiling":true,"setCuratorCoef":true,"setCuratorEditingAreaType":true,"setCuratorWaypointCost":true,"setCurrentTask":true,"setCurrentWaypoint":true,"setDamage":true,"setDammage":true,"setDate":true,"setDebriefingText":true,"setDefaultCamera":true,"setDestination":true,"setDir":true,"setDirection":true,"setDrawIcon":true,"setDropInterval":true,"setEditorMode":true,"setEditorObjectScope":true,"setEffectCondition":true,"setFSMVariable":true,"setFace":true,"setFaceAnimation":true,"setFatigue":true,"setFlagOwner":true,"setFlagSide":true,"setFlagTexture":true,"setFog":true,"setFog_array":true,"setFormDir":true,"setFormation":true,"setFormationTask":true,"setFriend":true,"setFromEditor":true,"setFuel":true,"setFuelCargo":true,"setGroupIcon":true,"setGroupIconParams":true,"setGroupIconsSelectable":true,"setGroupIconsVisible":true,"setGroupId":true,"setGusts":true,"setHUDMovementLevels":true,"setHideBehind":true,"setHit":true,"setHitPointDamage":true,"setHorizonParallaxCoef":true,"setIdentity":true,"setImportance":true,"setLeader":true,"setLightAmbient":true,"setLightAttenuation":true,"setLightBrightness":true,"setLightColor":true,"setLightDayLight":true,"setLightFlareMaxDistance":true,"setLightFlareSize":true,"setLightIntensity":true,"setLightUseFlare":true,"setLightnings":true,"setLocalWindParams":true,"setMarkerAlpha":true,"setMarkerAlphaLocal":true,"setMarkerBrush":true,"setMarkerBrushLocal":true,"setMarkerColor":true,"setMarkerColorLocal":true,"setMarkerDir":true,"setMarkerDirLocal":true,"setMarkerPos":true,"setMarkerPosLocal":true,"setMarkerShape":true,"setMarkerShapeLocal":true,"setMarkerSize":true,"setMarkerSizeLocal":true,"setMarkerText":true,"setMarkerTextLocal":true,"setMarkerType":true,"setMarkerTypeLocal":true,"setMass":true,"setMimic":true,"setMousePosition":true,"setMusicEffect":true,"setMusicEventHandler":true,"setName":true,"setNameSound":true,"setObjectArguments":true,"setObjectMaterial":true,"setObjectProxy":true,"setObjectTexture":true,"setObjectTextureGlobal":true,"setObjectViewDistance":true,"setOvercast":true,"setOwner":true,"setOxygenRemaining":true,"setParticleCircle":true,"setParticleClass":true,"setParticleFire":true,"setParticleParams":true,"setParticleRandom":true,"setPiPEffect":true,"setPilotLight":true,"setPitch":true,"setPlayable":true,"setPlayerRespawnTime":true,"setPos":true,"setPosASL":true,"setPosASL2":true,"setPosASLW":true,"setPosATL":true,"setPosWorld":true,"setPosition":true,"setRadioMsg":true,"setRain":true,"setRainbow":true,"setRandomLip":true,"setRank":true,"setRectangular":true,"setRepairCargo":true,"setShadowDistance":true,"setSide":true,"setSimpleTaskDescription":true,"setSimpleTaskDestination":true,"setSimpleTaskTarget":true,"setSimulWeatherLayers":true,"setSize":true,"setSkill":true,"setSkill_array":true,"setSlingLoad":true,"setSoundEffect":true,"setSpeaker":true,"setSpeech":true,"setSpeedMode":true,"setStatValue":true,"setSystemOfUnits":true,"setTargetAge":true,"setTaskResult":true,"setTaskState":true,"setTerrainGrid":true,"setText":true,"setTimeMultiplier":true,"setTitleEffect":true,"setTriggerActivation":true,"setTriggerArea":true,"setTriggerStatements":true,"setTriggerText":true,"setTriggerTimeout":true,"setTriggerType":true,"setType":true,"setUnconscious":true,"setUnitAbility":true,"setUnitPos":true,"setUnitPosWeak":true,"setUnitRank":true,"setUnitRecoilCoefficient":true,"setUserActionText":true,"setVariable":true,"setVectorDir":true,"setVectorDirAndUp":true,"setVectorUp":true,"setVehicleAmmo":true,"setVehicleAmmoDef":true,"setVehicleArmor":true,"setVehicleId":true,"setVehicleLock":true,"setVehiclePosition":true,"setVehicleTiPars":true,"setVehicleVarName":true,"setVelocity":true,"setVelocityTransformation":true,"setViewDistance":true,"setVisibleIfTreeCollapsed":true,"setWPPos":true,"setWaves":true,"setWaypointBehaviour":true,"setWaypointCombatMode":true,"setWaypointCompletionRadius":true,"setWaypointDescription":true,"setWaypointFormation":true,"setWaypointHousePosition":true,"setWaypointLoiterRadius":true,"setWaypointLoiterType":true,"setWaypointName":true,"setWaypointPosition":true,"setWaypointScript":true,"setWaypointSpeed":true,"setWaypointStatements":true,"setWaypointTimeout":true,"setWaypointType":true,"setWaypointVisible":true,"setWeaponReloadingTime":true,"setWind":true,"setWindDir":true,"setWindForce":true,"setWindStr":true,"show3DIcons":true,"showChat":true,"showCinemaBorder":true,"showCommandingMenu":true,"showCompass":true,"showCuratorCompass":true,"showGPS":true,"showHUD":true,"showLegend":true,"showMap":true,"showNewEditorObject":true,"showPad":true,"showRadio":true,"showSubtitles":true,"showUAVFeed":true,"showWarrant":true,"showWatch":true,"showWaypoint":true,"shownArtilleryComputer":true,"shownChat":true,"shownCompass":true,"shownCuratorCompass":true,"shownGPS":true,"shownMap":true,"shownPad":true,"shownRadio":true,"shownUAVFeed":true,"shownWarrant":true,"shownWatch":true,"side":true,"sideChat":true,"sideEnemy":true,"sideFriendly":true,"sideLogic":true,"sideRadio":true,"sideUnknown":true,"simpleTasks":true,"simulCloudDensity":true,"simulCloudOcclusion":true,"simulInClouds":true,"simulWeatherSync":true,"simulationEnabled":true,"sin":true,"size":true,"sizeOf":true,"skill":true,"skillFinal":true,"skipTime":true,"sleep":true,"sliderPosition":true,"sliderRange":true,"sliderSetPosition":true,"sliderSetRange":true,"sliderSetSpeed":true,"sliderSpeed":true,"slingLoadAssistantShown":true,"soldierMagazines":true,"someAmmo":true,"soundVolume":true,"spawn":true,"speaker":true,"speed":true,"speedMode":true,"sqrt":true,"squadParams":true,"stance":true,"startLoadingScreen":true,"step":true,"stop":true,"stopped":true,"str":true,"sunOrMoon":true,"supportInfo":true,"suppressFor":true,"surfaceIsWater":true,"surfaceNormal":true,"surfaceType":true,"swimInDepth":true,"switch":true,"switchAction":true,"switchCamera":true,"switchGesture":true,"switchLight":true,"switchMove":true,"switchableUnits":true,"synchronizeObjectsAdd":true,"synchronizeObjectsRemove":true,"synchronizeTrigger":true,"synchronizeWaypoint":true,"synchronizeWaypoint_trigger":true,"synchronizedObjects":true,"synchronizedTriggers":true,"synchronizedWaypoints":true,"systemChat":true,"systemOfUnits":true,"tan":true,"targetsAggregate":true,"targetsQuery":true,"taskChildren":true,"taskCompleted":true,"taskDescription":true,"taskDestination":true,"taskHint":true,"taskNull":true,"taskParent":true,"taskResult":true,"taskState":true,"teamMember":true,"teamMemberNull":true,"teamName":true,"teamSwitch":true,"teamSwitchEnabled":true,"teamType":true,"teams":true,"terminate":true,"terrainIntersect":true,"terrainIntersectASL":true,"text":true,"textLog":true,"textLogFormat":true,"text_location":true,"tg":true,"then":true,"throw":true,"time":true,"timeMultiplier":true,"titleCut":true,"titleFadeOut":true,"titleObj":true,"titleRsc":true,"titleText":true,"to":true,"toArray":true,"toLower":true,"toString":true,"toUpper":true,"triggerActivated":true,"triggerActivation":true,"triggerArea":true,"triggerAttachObject":true,"triggerAttachVehicle":true,"triggerAttachedVehicle":true,"triggerStatements":true,"triggerText":true,"triggerTimeout":true,"triggerTimeoutCurrent":true,"triggerType":true,"true":true,"try":true,"turretLocal":true,"turretUnit":true,"tvAdd":true,"tvClear":true,"tvCollapse":true,"tvCount":true,"tvCurSel":true,"tvData":true,"tvDelete":true,"tvExpand":true,"tvPicture":true,"tvSetCurSel":true,"tvSetData":true,"tvSetPicture":true,"tvSetValue":true,"tvSort":true,"tvSortByValue":true,"tvText":true,"tvValue":true,"type":true,"typeName":true,"typeOf":true,"uiNamespace":true,"uiSleep":true,"unassignCurator":true,"unassignItem":true,"unassignTeam":true,"unassignVehicle":true,"underwater":true,"uniform":true,"uniformContainer":true,"uniformItems":true,"uniformMagazines":true,"unitAddons":true,"unitBackpack":true,"unitPos":true,"unitReady":true,"unitRecoilCoefficient":true,"units":true,"unitsBelowHeight":true,"unlinkItem":true,"unlockAchievement":true,"unregisterTask":true,"updateDrawIcon":true,"updateMenuItem":true,"updateObjectTree":true,"useAudioTimeForMoves":true,"vectorAdd":true,"vectorCos":true,"vectorCrossProduct":true,"vectorDiff":true,"vectorDir":true,"vectorDirVisual":true,"vectorDistance":true,"vectorDistanceSqr":true,"vectorDotProduct":true,"vectorFromTo":true,"vectorMagnitude":true,"vectorMagnitudeSqr":true,"vectorMultiply":true,"vectorNormalized":true,"vectorUp":true,"vectorUpVisual":true,"vehicle":true,"vehicleChat":true,"vehicleRadio":true,"vehicleVarName":true,"vehicles":true,"velocity":true,"velocityModelSpace":true,"verifySignature":true,"vest":true,"vestContainer":true,"vestItems":true,"vestMagazines":true,"viewDistance":true,"visibleCompass":true,"visibleGPS":true,"visibleMap":true,"visiblePosition":true,"visiblePositionASL":true,"visibleWatch":true,"waitUntil":true,"waves":true,"waypointAttachObject":true,"waypointAttachVehicle":true,"waypointAttachedObject":true,"waypointAttachedVehicle":true,"waypointBehaviour":true,"waypointCombatMode":true,"waypointCompletionRadius":true,"waypointDescription":true,"waypointFormation":true,"waypointHousePosition":true,"waypointLoiterRadius":true,"waypointLoiterType":true,"waypointName":true,"waypointPosition":true,"waypointScript":true,"waypointShow":true,"waypointSpeed":true,"waypointStatements":true,"waypointTimeout":true,"waypointTimeoutCurrent":true,"waypointType":true,"waypointVisible":true,"waypoints":true,"weaponAccessories":true,"weaponCargo":true,"weaponDirection":true,"weaponLowered":true,"weaponState":true,"weapons":true,"weaponsItems":true,"weaponsItemsCargo":true,"weaponsTurret":true,"weightRTD":true,"west":true,"while":true,"wind":true,"windDir":true,"windStr":true,"with":true,"worldName":true,"worldToModel":true,"worldToModelVisual":true,"worldToScreen":true}