{
    "GUID": "9df01287-806d-4292-9ee4-2c6e477fee55",
    "tools": [
        {
            "name": "CSSFilters",
            "enabled": true,
            "tool_options": [
                {
                    "index": 0,
                    "name": "BrightnessCSSFilter",
                    "image_file_path": "lightness.png",
                    "enabled": true,
                    "ratchet_enabled": true
                },
                {
                    "index": 1,
                    "name": "ContrastCSSFilter",
                    "image_file_path": "contrast.png",
                    "enabled": true,
                    "ratchet_enabled": true
                },
                {
                    "index": 2,
                    "name": "SaturateCSSFilter",
                    "image_file_path": "saturation.png",
                    "enabled": true,
                    "ratchet_enabled": true
                },
                {
                    "index": 3,
                    "name": "HueRotateCSSFilter",
                    "image_file_path": "hue.png",
                    "enabled": true,
                    "ratchet_enabled": true
                },
                {
                    "index": 4,
                    "name": "OpacityCSSFilter",
                    "image_file_path": "opacity.png",
                    "enabled": true,
                    "ratchet_enabled": true
                },
                {
                    "index": 5,
                    "name": "BlurCSSFilter",
                    "image_file_path": "blur.png",
                    "enabled": true,
                    "ratchet_enabled": true
                }
            ]
        },
        {
            "name": "IncOrDecNumber",
            "enabled": true,
            "tool_options": [
                {
                    "index": 0,
                    "name": "NumberRatchet",
                    "image_file_path": "increase.png",
                    "enabled": true,
                    "ratchet_enabled": true
                },
                {
                    "index": 1,
                    "name": "NumberRatchetPlusSelection",
                    "image_file_path": "increase-selection.png",
                    "enabled": true,
                    "ratchet_enabled": true
                },
                {
                    "index": 2,
                    "name": "NumberCrossRatchet",
                    "image_file_path": "increase-cross.png",
                    "enabled": true,
                    "ratchet_enabled": true
                },
                {
                    "index": 3,
                    "name": "NumberWithoutRatchet",
                    "image_file_path": "increase.png",
                    "enabled": true,
                    "ratchet_enabled": false
                },
                {
                    "index": 4,
                    "name": "NumberWithoutRatchetPlusSelection",
                    "image_file_path": "increase-selection.png",
                    "enabled": true,
                    "ratchet_enabled": false
                },
                {
                    "index": 5,
                    "name": "NumberCrossWithoutRatchet",
                    "image_file_path": "increase-cross.png",
                    "enabled": true,
                    "ratchet_enabled": false
                }
            ]
        },
        {
            "name": "IncOrDecNumberWithoutRatchet",
            "enabled": true,
            "tool_options": [
                {
                    "index": 0,
                    "name": "Number",
                    "image_file_path": "increase.png",
                    "enabled": true,
                    "ratchet_enabled": false
                },
                {
                    "index": 1,
                    "name": "NumberPlusSelection",
                    "image_file_path": "increase-selection.png",
                    "enabled": true,
                    "ratchet_enabled": false
                },
                {
                    "index": 2,
                    "name": "NumberCross",
                    "image_file_path": "increase-cross.png",
                    "enabled": true,
                    "ratchet_enabled": false
                }
            ]
        },
        {
            "name": "IncOrDecNumberRatchet",
            "enabled": true,
            "tool_options": [
                {
                    "index": 0,
                    "name": "Number",
                    "image_file_path": "increase.png",
                    "enabled": true,
                    "ratchet_enabled": true
                },
                {
                    "index": 1,
                    "name": "NumberPlusSelection",
                    "image_file_path": "increase-selection.png",
                    "enabled": true,
                    "ratchet_enabled": true
                },
                {
                    "index": 2,
                    "name": "NumberCross",
                    "image_file_path": "increase-cross.png",
                    "enabled": true,
                    "ratchet_enabled": true
                }
            ]
        },
        {
            "name": "ChangeColor",
            "enabled": true,
            "tool_options": [
                {
                    "index": 0,
                    "name": "Hue",
                    "image_file_path": "hue.png",
                    "enabled": true,
                    "ratchet_enabled": true
                },
                {
                    "index": 1,
                    "name": "Saturation",
                    "image_file_path": "saturation.png",
                    "enabled": true,
                    "ratchet_enabled": true
                },
                {
                    "index": 2,
                    "name": "Lightness",
                    "image_file_path": "lightness.png",
                    "enabled": true,
                    "ratchet_enabled": true
                },
                {
                    "index": 3,
                    "name": "Alpha",
                    "image_file_path": "opacity.png",
                    "enabled": true,
                    "ratchet_enabled": true
                }
            ]
        },
        {
            "name": "ChangeColorWithPredefined",
            "enabled": true,
            "tool_options": [
                {
                    "index": 0,
                    "name": "Hue",
                    "image_file_path": "hue.png",
                    "enabled": true,
                    "ratchet_enabled": true
                },
                {
                    "index": 1,
                    "name": "Saturation",
                    "image_file_path": "saturation.png",
                    "enabled": true,
                    "ratchet_enabled": true
                },
                {
                    "index": 2,
                    "name": "Lightness",
                    "image_file_path": "lightness.png",
                    "enabled": true,
                    "ratchet_enabled": true
                },
                {
                    "index": 3,
                    "name": "Alpha",
                    "image_file_path": "opacity.png",
                    "enabled": true,
                    "ratchet_enabled": true
                },
                {
                    "index": 4,
                    "name": "Predefined",
                    "image_file_path": "list.png",
                    "enabled": true,
                    "ratchet_enabled": true
                }
            ]
        },
        {
            "name": "DefaultToolScrollBoth",
            "enabled": true,
            "tool_options": [
                {
                    "index": 0,
                    "name": "ScrollH",
                    "image_file_path": "horizontal-scroll.png",
                    "enabled": true,
                    "ratchet_enabled": false
                },
                {
                    "index": 1,
                    "name": "ScrollV",
                    "image_file_path": "vertical-scroll.png",
                    "enabled": true,
                    "ratchet_enabled": false
                },
                {
                    "index": 2,
                    "name": "ChangeFile",
                    "image_file_path": "files.png",
                    "enabled": true,
                    "ratchet_enabled": true
                }
            ]
        },
        {
            "name": "DefaultToolScrollVer",
            "enabled": true,
            "tool_options": [
                {
                    "index": 0,
                    "name": "ScrollV",
                    "image_file_path": "vertical-scroll.png",
                    "enabled": true,
                    "ratchet_enabled": false
                },
                {
                    "index": 1,
                    "name": "ChangeFile",
                    "image_file_path": "files.png",
                    "enabled": true,
                    "ratchet_enabled": true
                }
            ]
        },
        {
            "name": "DefaultToolScrollHor",
            "enabled": true,
            "tool_options": [
                {
                    "index": 0,
                    "name": "ScrollH",
                    "image_file_path": "horizontal-scroll.png",
                    "enabled": true,
                    "ratchet_enabled": false
                },
                {
                    "index": 1,
                    "name": "ChangeFile",
                    "image_file_path": "files.png",
                    "enabled": true,
                    "ratchet_enabled": true
                }
            ]
        },
        {
            "name": "DefaultToolSplitViewColsScrollBoth",
            "enabled": true,
            "tool_options": [
                {
                    "index": 0,
                    "name": "ScrollHActive",
                    "image_file_path": "horizontal-scroll.png",
                    "enabled": true,
                    "ratchet_enabled": false
                },
                {
                    "index": 1,
                    "name": "ScrollVActive",
                    "image_file_path": "vertical-scroll.png",
                    "enabled": true,
                    "ratchet_enabled": false
                },
                {
                    "index": 2,
                    "name": "ChangeFileByPane",
                    "image_file_path": "files.png",
                    "enabled": true,
                    "ratchet_enabled": true
                },
                {
                    "index": 3,
                    "name": "ScrollHInactive",
                    "image_file_path": "horizontal-scroll.png",
                    "enabled": true,
                    "ratchet_enabled": false
                },
                {
                    "index": 4,
                    "name": "ScrollVInactive",
                    "image_file_path": "vertical-scroll.png",
                    "enabled": true,
                    "ratchet_enabled": false
                },
                {
                    "index": 5,
                    "name": "ResizePanes",
                    "image_file_path": "horizontal-resize.png",
                    "enabled": true,
                    "ratchet_enabled": false
                }
            ]
        },
        {
            "name": "DefaultToolSplitViewColsScrollHor",
            "enabled": true,
            "tool_options": [
                {
                    "index": 0,
                    "name": "ScrollHActive",
                    "image_file_path": "horizontal-scroll.png",
                    "enabled": true,
                    "ratchet_enabled": false
                },
                {
                    "index": 1,
                    "name": "ChangeFileByPane",
                    "image_file_path": "files.png",
                    "enabled": true,
                    "ratchet_enabled": true
                },
                {
                    "index": 2,
                    "name": "ScrollHInactive",
                    "image_file_path": "horizontal-scroll.png",
                    "enabled": true,
                    "ratchet_enabled": false
                },
                {
                    "index": 3,
                    "name": "ResizePanes",
                    "image_file_path": "horizontal-resize.png",
                    "enabled": true,
                    "ratchet_enabled": false
                }
            ]
        },
        {
            "name": "DefaultToolSplitViewColsScrollVer",
            "enabled": true,
            "tool_options": [
                {
                    "index": 0,
                    "name": "ScrollVActive",
                    "image_file_path": "vertical-scroll.png",
                    "enabled": true,
                    "ratchet_enabled": false
                },
                {
                    "index": 1,
                    "name": "ChangeFileByPane",
                    "image_file_path": "files.png",
                    "enabled": true,
                    "ratchet_enabled": true
                },
                {
                    "index": 2,
                    "name": "ScrollVInactive",
                    "image_file_path": "vertical-scroll.png",
                    "enabled": true,
                    "ratchet_enabled": false
                },
                {
                    "index": 3,
                    "name": "ResizePanes",
                    "image_file_path": "horizontal-resize.png",
                    "enabled": true,
                    "ratchet_enabled": false
                }
            ]
        },
        {
            "name": "DefaultToolSplitViewColsOnlyActiveScrollBoth",
            "enabled": true,
            "tool_options": [
                {
                    "index": 0,
                    "name": "ScrollHActive",
                    "image_file_path": "horizontal-scroll.png",
                    "enabled": true,
                    "ratchet_enabled": false
                },
                {
                    "index": 1,
                    "name": "ScrollVActive",
                    "image_file_path": "vertical-scroll.png",
                    "enabled": true,
                    "ratchet_enabled": false
                },
                {
                    "index": 2,
                    "name": "ChangeFileByPane",
                    "image_file_path": "files.png",
                    "enabled": true,
                    "ratchet_enabled": true
                },
                {
                    "index": 3,
                    "name": "ResizePanes",
                    "image_file_path": "horizontal-resize.png",
                    "enabled": true,
                    "ratchet_enabled": false
                }
            ]
        },
        {
            "name": "DefaultToolSplitViewColsOnlyActiveScrollHor",
            "enabled": true,
            "tool_options": [
                {
                    "index": 0,
                    "name": "ScrollHActive",
                    "image_file_path": "horizontal-scroll.png",
                    "enabled": true,
                    "ratchet_enabled": false
                },
                {
                    "index": 1,
                    "name": "ChangeFileByPane",
                    "image_file_path": "files.png",
                    "enabled": true,
                    "ratchet_enabled": true
                },
                {
                    "index": 2,
                    "name": "ResizePanes",
                    "image_file_path": "horizontal-resize.png",
                    "enabled": true,
                    "ratchet_enabled": false
                }
            ]
        },
        {
            "name": "DefaultToolSplitViewColsOnlyActiveScrollVer",
            "enabled": true,
            "tool_options": [
                {
                    "index": 0,
                    "name": "ScrollVActive",
                    "image_file_path": "vertical-scroll.png",
                    "enabled": true,
                    "ratchet_enabled": false
                },
                {
                    "index": 1,
                    "name": "ChangeFileByPane",
                    "image_file_path": "files.png",
                    "enabled": true,
                    "ratchet_enabled": true
                },
                {
                    "index": 2,
                    "name": "ResizePanes",
                    "image_file_path": "horizontal-resize.png",
                    "enabled": true,
                    "ratchet_enabled": false
                }
            ]
        },
        {
            "name": "DefaultToolSplitViewRowsScrollBoth",
            "enabled": true,
            "tool_options": [
                {
                    "index": 0,
                    "name": "ScrollHActive",
                    "image_file_path": "horizontal-scroll.png",
                    "enabled": true,
                    "ratchet_enabled": false
                },
                {
                    "index": 1,
                    "name": "ScrollVActive",
                    "image_file_path": "vertical-scroll.png",
                    "enabled": true,
                    "ratchet_enabled": false
                },
                {
                    "index": 2,
                    "name": "ChangeFileByPane",
                    "image_file_path": "files.png",
                    "enabled": true,
                    "ratchet_enabled": true
                },
                {
                    "index": 3,
                    "name": "ScrollHInactive",
                    "image_file_path": "horizontal-scroll.png",
                    "enabled": true,
                    "ratchet_enabled": false
                },
                {
                    "index": 4,
                    "name": "ScrollVInactive",
                    "image_file_path": "vertical-scroll.png",
                    "enabled": true,
                    "ratchet_enabled": false
                },
                {
                    "index": 5,
                    "name": "ResizePanes",
                    "image_file_path": "vertical-resize.png",
                    "enabled": true,
                    "ratchet_enabled": false
                }
            ]
        },
        {
            "name": "DefaultToolSplitViewRowsScrollHor",
            "enabled": true,
            "tool_options": [
                {
                    "index": 0,
                    "name": "ScrollHActive",
                    "image_file_path": "horizontal-scroll.png",
                    "enabled": true,
                    "ratchet_enabled": false
                },
                {
                    "index": 1,
                    "name": "ChangeFileByPane",
                    "image_file_path": "files.png",
                    "enabled": true,
                    "ratchet_enabled": true
                },
                {
                    "index": 2,
                    "name": "ScrollHInactive",
                    "image_file_path": "horizontal-scroll.png",
                    "enabled": true,
                    "ratchet_enabled": false
                },
                {
                    "index": 3,
                    "name": "ResizePanes",
                    "image_file_path": "vertical-resize.png",
                    "enabled": true,
                    "ratchet_enabled": false
                }
            ]
        },
        {
            "name": "DefaultToolSplitViewRowsScrollVer",
            "enabled": true,
            "tool_options": [
                {
                    "index": 0,
                    "name": "ScrollVActive",
                    "image_file_path": "vertical-scroll.png",
                    "enabled": true,
                    "ratchet_enabled": false
                },
                {
                    "index": 1,
                    "name": "ChangeFileByPane",
                    "image_file_path": "files.png",
                    "enabled": true,
                    "ratchet_enabled": true
                },
                {
                    "index": 2,
                    "name": "ScrollVInactive",
                    "image_file_path": "vertical-scroll.png",
                    "enabled": true,
                    "ratchet_enabled": false
                },
                {
                    "index": 3,
                    "name": "ResizePanes",
                    "image_file_path": "vertical-resize.png",
                    "enabled": true,
                    "ratchet_enabled": false
                }
            ]
        },
        {
            "name": "DefaultToolSplitViewRowsOnlyActiveScrollBoth",
            "enabled": true,
            "tool_options": [
                {
                    "index": 0,
                    "name": "ScrollHActive",
                    "image_file_path": "horizontal-scroll.png",
                    "enabled": true,
                    "ratchet_enabled": false
                },
                {
                    "index": 1,
                    "name": "ScrollVActive",
                    "image_file_path": "vertical-scroll.png",
                    "enabled": true,
                    "ratchet_enabled": false
                },
                {
                    "index": 2,
                    "name": "ChangeFileByPane",
                    "image_file_path": "files.png",
                    "enabled": true,
                    "ratchet_enabled": true
                },
                {
                    "index": 3,
                    "name": "ResizePanes",
                    "image_file_path": "vertical-resize.png",
                    "enabled": true,
                    "ratchet_enabled": false
                }
            ]
        },
        {
            "name": "DefaultToolSplitViewRowsOnlyActiveScrollHor",
            "enabled": true,
            "tool_options": [
                {
                    "index": 0,
                    "name": "ScrollHActive",
                    "image_file_path": "horizontal-scroll.png",
                    "enabled": true,
                    "ratchet_enabled": false
                },
                {
                    "index": 1,
                    "name": "ChangeFileByPane",
                    "image_file_path": "files.png",
                    "enabled": true,
                    "ratchet_enabled": true
                },
                {
                    "index": 2,
                    "name": "ResizePanes",
                    "image_file_path": "vertical-resize.png",
                    "enabled": true,
                    "ratchet_enabled": false
                }
            ]
        },
        {
            "name": "DefaultToolSplitViewRowsOnlyActiveScrollVer",
            "enabled": true,
            "tool_options": [
                {
                    "index": 0,
                    "name": "ScrollVActive",
                    "image_file_path": "vertical-scroll.png",
                    "enabled": true,
                    "ratchet_enabled": false
                },
                {
                    "index": 1,
                    "name": "ChangeFileByPane",
                    "image_file_path": "files.png",
                    "enabled": true,
                    "ratchet_enabled": true
                },
                {
                    "index": 2,
                    "name": "ResizePanes",
                    "image_file_path": "vertical-resize.png",
                    "enabled": true,
                    "ratchet_enabled": false
                }
            ]
        }
    ],
    "tasks": [
        {
            "name": "changetoolvalue",
            "win_id": "0x10064",
            "mac_id": 615
        },
        {
            "name": "keystrokeassignment",
            "win_id": "0x10000",
            "mac_id": 73
        }
    ]
}
