{
"cfabort/showerror":                               { "attribOption": [] },
"cfajaxproxy/cfc":                                 { "attribOption": [] },
"cfajaxproxy/jsclassname":                         { "attribOption": [] },
"cfajaxproxy/inline":                              { "attribOption": [] },
"cfapplication/name":                              { "attribOption": [] },
"cfapplication/sessionmanagement":                 { "attribOption": [] },
"cfapplication/setclientcookies":                  { "attribOption": [] },
"cfapplication/setdomaincookies":                  { "attribOption": [] },
"cfapplication/clientmanagement":                  { "attribOption": [] },
"cfapplication/loginstorage":                      { "attribOption": [] },
"cfapplication/datasource":                        { "attribOption": [] },
"cfapplication/scriptprotect":                     { "attribOption": [] },
"cfapplication/applicationtimeout":                { "attribOption": [] },
"cfapplication/sessiontimeout":                    { "attribOption": [] },
"cfapplication/securejson":                        { "attribOption": [] },
"cfapplication/securejsonprefix":                  { "attribOption": [] },
"cfargument/name":                                 { "attribOption": [] },
"cfargument/type":                                 { "attribOption": [] },
"cfargument/required":                             { "attribOption": [] },
"cfargument/hint":                                 { "attribOption": [] },
"cfargument/default":                              { "attribOption": [] },
"cfassociate/basetag":                             { "attribOption": [] },
"cfassociate/datacollection":                      { "attribOption": [] },
"cfbase/target":                                   { "attribOption": [] },
"cfcachecontent/name":                             { "attribOption": [] },
"cfcachecontent/cachedwithin":                     { "attribOption": [] },
"cfcachecontent/region":                           { "attribOption": [] },
"cfcaptcha/width":                                 { "attribOption": [] },
"cfcaptcha/height":                                { "attribOption": [] },
"cfcaptcha/displaystring":                         { "attribOption": [] },
"cfcaptcha/border":                                { "attribOption": [] },
"cfcaptcha/style":                                 { "attribOption": [] },
"cfcase/value":                                    { "attribOption": [] },
"cfcase/delimiters":                               { "attribOption": [] },
"cfcatch/type":                                    { "attribOption": [] },
"cfchart/backgroundcolor":                         { "attribOption": [] },
"cfchart/categorylabelpositions":                  { "attribOption": [] },
"cfchart/chartheight":                             { "attribOption": [] },
"cfchart/chartwidth":                              { "attribOption": [] },
"cfchart/databackgroundcolor":                     { "attribOption": [] },
"cfchart/foregroundcolor":                         { "attribOption": [] },
"cfchart/font":                                    { "attribOption": [] },
"cfchart/fontbold":                                { "attribOption": [] },
"cfchart/fontitalic":                              { "attribOption": [] },
"cfchart/fontsize":                                { "attribOption": [] },
"cfchart/format":                                  { "attribOption": [] },
"cfchart/labelformat":                             { "attribOption": [] },
"cfchart/markersize":                              { "attribOption": [] },
"cfchart/maxcategorylabellines":                   { "attribOption": [] },
"cfchart/maxcategorylabelwidthratio":              { "attribOption": [] },
"cfchart/pieslicestyle":                           { "attribOption": [] },
"cfchart/seriesplacement":                         { "attribOption": [] },
"cfchart/show3d":                                  { "attribOption": [] },
"cfchart/showborder":                              { "attribOption": [] },
"cfchart/showmarkers":                             { "attribOption": [] },
"cfchart/showxgridlines":                          { "attribOption": [] },
"cfchart/showygridlines":                          { "attribOption": [] },
"cfchart/sortxaxis":                               { "attribOption": [] },
"cfchart/symbolsseparator":                        { "attribOption": [] },
"cfchart/tipstyle":                                { "attribOption": [] },
"cfchart/xaxistype":                               { "attribOption": [] },
"cfchart/xaxisuppermargin":                        { "attribOption": [] },
"cfchart/xoffset":                                 { "attribOption": [] },
"cfchart/yoffset":                                 { "attribOption": [] },
"cfchart/yaxissymbols":                            { "attribOption": [] },
"cfchart/yaxistype":                               { "attribOption": [] },
"cfchart/yaxisuppermargin":                        { "attribOption": [] },
"cfchart/path":                                    { "attribOption": [] },
"cfchartdata/item":                                { "attribOption": [] },
"cfchartdata/value":                               { "attribOption": [] },
"cfchartdomainmarker/color":                       { "attribOption": [] },
"cfchartdomainmarker/value":                       { "attribOption": [] },
"cfchartdomainmarker/shape":                       { "attribOption": [] },
"cfchartdomainmarker/label":                       { "attribOption": [] },
"cfchartdomainmarker/labelcolor":                  { "attribOption": [] },
"cfchartdomainmarker/labelposition":               { "attribOption": [] },
"cfchartdomainmarker/font":                        { "attribOption": [] },
"cfchartdomainmarker/fontbold":                    { "attribOption": [] },
"cfchartdomainmarker/fontitalic":                  { "attribOption": [] },
"cfchartdomainmarker/fontsize":                    { "attribOption": [] },
"cfchartimage/file":                               { "attribOption": [] },
"cfchartimage/uridirectory":                       { "attribOption": [] },
"cfchartimage/alignment":                          { "attribOption": [] },
"cfchartlegend/backgroundcolor":                   { "attribOption": [] },
"cfchartlegend/labelcolor":                        { "attribOption": [] },
"cfchartlegend/position":                          { "attribOption": [] },
"cfchartlegend/showborder":                        { "attribOption": [] },
"cfchartlegend/font":                              { "attribOption": [] },
"cfchartlegend/fontbold":                          { "attribOption": [] },
"cfchartlegend/fontitalic":                        { "attribOption": [] },
"cfchartlegend/fontsize":                          { "attribOption": [] },
"cfchartrangemarker/color":                        { "attribOption": [] },
"cfchartrangemarker/start":                        { "attribOption": [] },
"cfchartrangemarker/end":                          { "attribOption": [] },
"cfchartrangemarker/label":                        { "attribOption": [] },
"cfchartrangemarker/labelcolor":                   { "attribOption": [] },
"cfchartrangemarker/labelposition":                { "attribOption": [] },
"cfchartrangemarker/font":                         { "attribOption": [] },
"cfchartrangemarker/fontbold":                     { "attribOption": [] },
"cfchartrangemarker/fontitalic":                   { "attribOption": [] },
"cfchartrangemarker/fontsize":                     { "attribOption": [] },
"cfchartseries/query":                             { "attribOption": [] },
"cfchartseries/itemcolumn":                        { "attribOption": [] },
"cfchartseries/valuecolumn":                       { "attribOption": [] },
"cfchartseries/colorlist":                         { "attribOption": [] },
"cfchartseries/markerstyle":                       { "attribOption": [] },
"cfchartseries/paintstyle":                        { "attribOption": [] },
"cfchartseries/seriescolor":                       { "attribOption": [] },
"cfchartseries/serieslabel":                       { "attribOption": [] },
"cfchartseries/type":                              { "attribOption": [] },
"cfchartseries/datalabelstyle":                    { "attribOption": [] },
"cfchartseries/datalabelangle":                    { "attribOption": [] },
"cfchartseries/datalabelcolor":                    { "attribOption": [] },
"cfchartseries/datalabelfont":                     { "attribOption": [] },
"cfchartseries/datalabelfontbold":                 { "attribOption": [] },
"cfchartseries/datalabelfontitalic":               { "attribOption": [] },
"cfchartseries/datalabelfontsize":                 { "attribOption": [] },
"cfchartseries/negativedatalabelposition":         { "attribOption": [] },
"cfchartseries/positivedatalabelposition":         { "attribOption": [] },
"cfcharttitle/backgroundcolor":                    { "attribOption": [] },
"cfcharttitle/labelcolor":                         { "attribOption": [] },
"cfcharttitle/position":                           { "attribOption": [] },
"cfcharttitle/showborder":                         { "attribOption": [] },
"cfcharttitle/font":                               { "attribOption": [] },
"cfcharttitle/fontbold":                           { "attribOption": [] },
"cfcharttitle/fontitalic":                         { "attribOption": [] },
"cfcharttitle/fontsize":                           { "attribOption": [] },
"cfcharttitle/padding":                            { "attribOption": [] },
"cfcharttitle/margin":                             { "attribOption": [] },
"cfcol/align":                                     { "attribOption": [] },
"cfcol/width":                                     { "attribOption": [] },
"cfcol/text":                                      { "attribOption": [] },
"cfcol/header":                                    { "attribOption": [] },
"cfcollection/action":                             { "attribOption": [] },
"cfcollection/collection":                         { "attribOption": [] },
"cfcollection/storebody":                          { "attribOption": [] },
"cfcollection/language":                           { "attribOption": [] },
"cfcollection/path":                               { "attribOption": [] },
"cfcollection/relative":                           { "attribOption": [] },
"cfcollection/name":                               { "attribOption": [] },
"cfcomponent/name":                                { "attribOption": [] },
"cfcomponent/displayname":                         { "attribOption": [] },
"cfcomponent/hint":                                { "attribOption": [] },
"cfcomponent/extends":                             { "attribOption": [] },
"cfcomponent/implements":                          { "attribOption": [] },
"cfcomponent/type":                                { "attribOption": [] },
"cfcomponent/output":                              { "attribOption": [] },
"cfcomponent/wsdlfile":                            { "attribOption": [] },
"cfcomponent/style":                               { "attribOption": [] },
"cfcontent/type":                                  { "attribOption": [] },
"cfcontent/reset":                                 { "attribOption": [] },
"cfcontent/deletefile":                            { "attribOption": [] },
"cfcontent/file":                                  { "attribOption": [] },
"cfcontent/output":                                { "attribOption": [] },
"cfcontent/variable":                              { "attribOption": [] },
"cfcontent/uridirectory":                          { "attribOption": [] },
"cfcookie/name":                                   { "attribOption": [] },
"cfcookie/value":                                  { "attribOption": [] },
"cfcookie/expires":                                { "attribOption": [] },
"cfcookie/secure":                                 { "attribOption": [] },
"cfcookie/httpOnly":                               { "attribOption": [] },
"cfcookie/path":                                   { "attribOption": [] },
"cfcookie/domain":                                 { "attribOption": [] },
"cfdbinfo/datasource":                             { "attribOption": [] },
"cfdbinfo/type":                                   { "attribOption": [] },
"cfdbinfo/pattern":                                { "attribOption": [] },
"cfdbinfo/username":                               { "attribOption": [] },
"cfdbinfo/password":                               { "attribOption": [] },
"cfdbinfo/table":                                  { "attribOption": [] },
"cfdbinfo/dbname":                                 { "attribOption": [] },
"cfdirectory/action":                              { "attribOption": [] },
"cfdirectory/recurse":                             { "attribOption": [] },
"cfdirectory/directory":                           { "attribOption": [] },
"cfdirectory/name":                                { "attribOption": [] },
"cfdirectory/newdirectory":                        { "attribOption": [] },
"cfdirectory/mode":                                { "attribOption": [] },
"cfdirectory/type":                                { "attribOption": [] },
"cfdirectory/listinfo":                            { "attribOption": [] },
"cfdirectory/filter":                              { "attribOption": [] },
"cfdirectory/sort":                                { "attribOption": [] },
"cfdump/var":                                      { "attribOption": [] },
"cfdump/label":                                    { "attribOption": [] },
"cfdump/top":                                      { "attribOption": [] },
"cfdump/abort":                                    { "attribOption": [] },
"cfdump/output":                                   { "attribOption": [] },
"cfdump/version":                                  { "attribOption": [] },
"cfdumpsession/var":                               { "attribOption": [] },
"cfdumpsession/label":                             { "attribOption": [] },
"cfdumpsession/top":                               { "attribOption": [] },
"cfdumpsession/abort":                             { "attribOption": [] },
"cfdumpsession/output":                            { "attribOption": [] },
"cfdumpsession/version":                           { "attribOption": [] },
"cferror/template":                                { "attribOption": [] },
"cferror/type":                                    { "attribOption": [] },
"cferror/mailto":                                  { "attribOption": [] },
"cferror/exception":                               { "attribOption": [] },
"cfexecute/name":                                  { "attribOption": [] },
"cfexecute/arguments":                             { "attribOption": [] },
"cfexecute/outputfile":                            { "attribOption": [] },
"cfexecute/variable":                              { "attribOption": [] },
"cfexecute/errorFile":                             { "attribOption": [] },
"cfexecute/errorVariable":                         { "attribOption": [] },
"cfexecute/timeout":                               { "attribOption": [] },
"cfexecute/uridirectory":                          { "attribOption": [] },
"cfexit/method":                                   { "attribOption": [] },
"cffeed/action":                                   { "attribOption": [] },
"cffeed/name":                                     { "attribOption": [] },
"cffeed/query":                                    { "attribOption": [] },
"cffeed/properties":                               { "attribOption": [] },
"cffeed/outputFile":                               { "attribOption": [] },
"cffeed/overwrite":                                { "attribOption": [] },
"cffeed/xmlvar":                                   { "attribOption": [] },
"cffeed/columnmap":                                { "attribOption": [] },
"cffile/action":                                   { "attribOption": [] },
"cffile/file":                                     { "attribOption": [] },
"cffile/source":                                   { "attribOption": [] },
"cffile/destination":                              { "attribOption": [] },
"cffile/variable":                                 { "attribOption": [] },
"cffile/charset":                                  { "attribOption": [] },
"cffile/output":                                   { "attribOption": [] },
"cffile/filefield":                                { "attribOption": [] },
"cffile/accept":                                   { "attribOption": [] },
"cffile/result":                                   { "attribOption": [] },
"cffile/attributes":                               { "attribOption": [] },
"cffile/uridirectory":                             { "attribOption": [] },
"cffile/addnewline":                               { "attribOption": [] },
"cffile/nameconflict":                             { "attribOption": [] },
"cfflush/interval":                                { "attribOption": [] },
"cfftp/connection":                                { "attribOption": [] },
"cfftp/server":                                    { "attribOption": [] },
"cfftp/port":                                      { "attribOption": [] },
"cfftp/username":                                  { "attribOption": [] },
"cfftp/password":                                  { "attribOption": [] },
"cfftp/timeout":                                   { "attribOption": [] },
"cfftp/stoponerror":                               { "attribOption": [] },
"cfftp/passive":                                   { "attribOption": [] },
"cfftp/action":                                    { "attribOption": [] },
"cffunction/name":                                 { "attribOption": [] },
"cffunction/displayname":                          { "attribOption": [] },
"cffunction/access":                               { "attribOption": [] },
"cffunction/output":                               { "attribOption": [] },
"cffunction/roles":                                { "attribOption": [] },
"cffunction/returntype":                           { "attribOption": [] },
"cffunction/returnformat":                         { "attribOption": [] },
"cffunction/securejson":                           { "attribOption": [] },
"cffunction/verifyclient":                         { "attribOption": [] },
"cffunction/jsondate":                             { "attribOption": [] },
"cffunction/jsoncase":                             { "attribOption": [] },
"cffunction/region":                               { "attribOption": [] },
"cffunction/cachedwithin":                         { "attribOption": [] },
"cfheader/name":                                   { "attribOption": [] },
"cfheader/value":                                  { "attribOption": [] },
"cfheader/charset":                                { "attribOption": [] },
"cfheader/statuscode":                             { "attribOption": [] },
"cfheader/statustext":                             { "attribOption": [] },
"cfhtmlbody/text":                                 { "attribOption": [] },
"cfhtmlbody/position":                             { "attribOption": [] },
"cfhtmlhead/text":                                 { "attribOption": [] },
"cfhtmlhead/position":                             { "attribOption": [] },
"cfhttp/url":                                      { "attribOption": [] },
"cfhttp/resolveurl":                               { "attribOption": [] },
"cfhttp/redirect":                                 { "attribOption": [] },
"cfhttp/getasbinary":                              { "attribOption": [] },
"cfhttp/throwonerror":                             { "attribOption": [] },
"cfhttp/port":                                     { "attribOption": [] },
"cfhttp/useragent":                                { "attribOption": [] },
"cfhttp/method":                                   { "attribOption": [] },
"cfhttp/multipart":                                { "attribOption": [] },
"cfhttp/proxyserver":                              { "attribOption": [] },
"cfhttp/proxyport":                                { "attribOption": [] },
"cfhttp/proxyuser":                                { "attribOption": [] },
"cfhttp/proxypassword":                            { "attribOption": [] },
"cfhttp/user":                                     { "attribOption": [] },
"cfhttp/password":                                 { "attribOption": [] },
"cfhttp/file":                                     { "attribOption": [] },
"cfhttp/path":                                     { "attribOption": [] },
"cfhttp/uridirectory":                             { "attribOption": [] },
"cfhttp/charset":                                  { "attribOption": [] },
"cfhttp/result":                                   { "attribOption": [] },
"cfhttp/name":                                     { "attribOption": [] },
"cfhttp/firstrowasheaders":                        { "attribOption": [] },
"cfhttp/columns":                                  { "attribOption": [] },
"cfhttp/textqualifier":                            { "attribOption": [] },
"cfhttp/delimiter":                                { "attribOption": [] },
"cfhttpparam/type":                                { "attribOption": [] },
"cfhttpparam/encoded":                             { "attribOption": [] },
"cfhttpparam/value":                               { "attribOption": [] },
"cfhttpparam/url":                                 { "attribOption": [] },
"cfhttpparam/formfield":                           { "attribOption": [] },
"cfhttpparam/cgi":                                 { "attribOption": [] },
"cfhttpparam/header":                              { "attribOption": [] },
"cfhttpparam/cookie":                              { "attribOption": [] },
"cfhttpparam/file":                                { "attribOption": [] },
"cfhttpparam/mimetype":                            { "attribOption": [] },
"cfimage/srcfile":                                 { "attribOption": [] },
"cfimage/destfile":                                { "attribOption": [] },
"cfimage/action":                                  { "attribOption": [] },
"cfimage/type":                                    { "attribOption": [] },
"cfimage/width":                                   { "attribOption": [] },
"cfimage/height":                                  { "attribOption": [] },
"cfimage/x":                                       { "attribOption": [] },
"cfimage/y":                                       { "attribOption": [] },
"cfimage/angle":                                   { "attribOption": [] },
"cfimage/fontSize":                                { "attribOption": [] },
"cfimage/fontcolor":                               { "attribOption": [] },
"cfimage/color":                                   { "attribOption": [] },
"cfimage/thickness":                               { "attribOption": [] },
"cfimage/contrast":                                { "attribOption": [] },
"cfimage/brightness":                              { "attribOption": [] },
"cfimage/text":                                    { "attribOption": [] },
"cfimage/position":                                { "attribOption": [] },
"cfimage/nameconflict":                            { "attribOption": [] },
"cfimage/uridirectory":                            { "attribOption": [] },
"cfinclude/template":                              { "attribOption": [] },
"cfinclude/page":                                  { "attribOption": [] },
"cfinclude/runonce":                               { "attribOption": [] },
"cfindex/action":                                  { "attribOption": [] },
"cfindex/type":                                    { "attribOption": [] },
"cfindex/collection":                              { "attribOption": [] },
"cfindex/status":                                  { "attribOption": [] },
"cfindex/key":                                     { "attribOption": [] },
"cfindex/body":                                    { "attribOption": [] },
"cfindex/title":                                   { "attribOption": [] },
"cfindex/summary":                                 { "attribOption": [] },
"cfindex/author":                                  { "attribOption": [] },
"cfindex/category":                                { "attribOption": [] },
"cfindex/categoryTree":                            { "attribOption": [] },
"cfindex/urlpath":                                 { "attribOption": [] },
"cfindex/custommap":                               { "attribOption": [] },
"cfindex/query":                                   { "attribOption": [] },
"cfindex/recurse":                                 { "attribOption": [] },
"cfindex/extensions":                              { "attribOption": [] },
"cfinterface/displayName":                         { "attribOption": [] },
"cfinterface/hint":                                { "attribOption": [] },
"cfinterface/extends":                             { "attribOption": [] },
"cfinvoke/component":                              { "attribOption": [] },
"cfinvoke/method":                                 { "attribOption": [] },
"cfinvoke/returnvariable":                         { "attribOption": [] },
"cfinvoke/webservice":                             { "attribOption": [] },
"cfinvoke/timeout":                                { "attribOption": [] },
"cfinvoke/proxyserver":                            { "attribOption": [] },
"cfinvoke/proxyport":                              { "attribOption": [] },
"cfinvoke/proxyuser":                              { "attribOption": [] },
"cfinvoke/proxypassword":                          { "attribOption": [] },
"cfinvoke/username":                               { "attribOption": [] },
"cfinvoke/password":                               { "attribOption": [] },
"cfinvoke/serviceport":                            { "attribOption": [] },
"cfinvoke/argumentcollection":                     { "attribOption": [] },
"cfinvokeargument/name":                           { "attribOption": [] },
"cfinvokeargument/value":                          { "attribOption": [] },
"cfjavascript/src":                                { "attribOption": [] },
"cfjavascript/munge":                              { "attribOption": [] },
"cfjavascript/minimize":                           { "attribOption": [] },
"cfjavascript/output":                             { "attribOption": [] },
"cfjavascript/charset":                            { "attribOption": [] },
"cfjavascript/path":                               { "attribOption": [] },
"cfldap/action":                                   { "attribOption": [] },
"cfldap/port":                                     { "attribOption": [] },
"cfldap/server":                                   { "attribOption": [] },
"cfldap/timeout":                                  { "attribOption": [] },
"cfldap/rebind":                                   { "attribOption": [] },
"cfldap/startrow":                                 { "attribOption": [] },
"cfldap/modifytype":                               { "attribOption": [] },
"cfldap/separator":                                { "attribOption": [] },
"cfldap/delimiter":                                { "attribOption": [] },
"cfldap/maxrows":                                  { "attribOption": [] },
"cfldap/sort":                                     { "attribOption": [] },
"cfldap/sortcontrol":                              { "attribOption": [] },
"cfldap/scope":                                    { "attribOption": [] },
"cfldap/filter":                                   { "attribOption": [] },
"cfldap/username":                                 { "attribOption": [] },
"cfldap/password":                                 { "attribOption": [] },
"cflocation/url":                                  { "attribOption": [] },
"cflocation/statuscode":                           { "attribOption": [] },
"cflocation/addtoken":                             { "attribOption": [] },
"cflocation/abort":                                { "attribOption": [] },
"cflock/name":                                     { "attribOption": [] },
"cflock/scope":                                    { "attribOption": [] },
"cflock/type":                                     { "attribOption": [] },
"cflock/timeout":                                  { "attribOption": [] },
"cflock/throwontimeout":                           { "attribOption": [] },
"cflog/text":                                      { "attribOption": [] },
"cflog/application":                               { "attribOption": [] },
"cflog/type":                                      { "attribOption": [] },
"cflog/thread":                                    { "attribOption": [] },
"cflog/log":                                       { "attribOption": [] },
"cflog/file":                                      { "attribOption": [] },
"cfloop/array from":                               { "attribOption": [] },
"cfloop/array to":                                 { "attribOption": [] },
"cfloop/array index":                              { "attribOption": [] },
"cfloop/array step":                               { "attribOption": [] },
"cfloop/list list":                                { "attribOption": [] },
"cfloop/list delimiters":                          { "attribOption": [] },
"cfloop/list index":                               { "attribOption": [] },
"cfloop/query query":                              { "attribOption": [] },
"cfloop/query startrow":                           { "attribOption": [] },
"cfloop/query endrow":                             { "attribOption": [] },
"cfloop/condition condition":                      { "attribOption": [] },
"cfloop/collection collection":                    { "attribOption": [] },
"cfloop/collection item":                          { "attribOption": [] },
"cfloop/array obj array":                          { "attribOption": [] },
"cfloop/array obj index":                          { "attribOption": [] },
"cfloop/array obj item":                           { "attribOption": [] },
"cfloop/file file":                                { "attribOption": [] },
"cfloop/file index":                               { "attribOption": [] },
"cfloop/file characters":                          { "attribOption": [] },
"cfloop/file charset":                             { "attribOption": [] },
"cfmail/to":                                       { "attribOption": [] },
"cfmail/cc":                                       { "attribOption": [] },
"cfmail/bcc":                                      { "attribOption": [] },
"cfmail/replyto":                                  { "attribOption": [] },
"cfmail/failto":                                   { "attribOption": [] },
"cfmail/subject":                                  { "attribOption": [] },
"cfmail/mailerid":                                 { "attribOption": [] },
"cfmail/type":                                     { "attribOption": [] },
"cfmail/startrow":                                 { "attribOption": [] },
"cfmail/maxrows":                                  { "attribOption": [] },
"cfmail/query":                                    { "attribOption": [] },
"cfmail/group":                                    { "attribOption": [] },
"cfmail/groupcasesensitive":                       { "attribOption": [] },
"cfmail/usessl":                                   { "attribOption": [] },
"cfmail/usetls":                                   { "attribOption": [] },
"cfmail/timeout":                                  { "attribOption": [] },
"cfmail/mimeattach":                               { "attribOption": [] },
"cfmail/wraptext":                                 { "attribOption": [] },
"cfmail/server":                                   { "attribOption": [] },
"cfmail/charset":                                  { "attribOption": [] },
"cfmail/priority":                                 { "attribOption": [] },
"cfmail/callback":                                 { "attribOption": [] },
"cfmail/callbackdata":                             { "attribOption": [] },
"cfmailparam/file":                                { "attribOption": [] },
"cfmailparam/name":                                { "attribOption": [] },
"cfmailparam/value":                               { "attribOption": [] },
"cfmailparam/disposition":                         { "attribOption": [] },
"cfmailparam/contentID":                           { "attribOption": [] },
"cfmailparam/type":                                { "attribOption": [] },
"cfmailparam/uridirectory":                        { "attribOption": [] },
"cfmailpart/type":                                 { "attribOption": [] },
"cfmailpart/wrap":                                 { "attribOption": [] },
"cfmapping/logicalpath":                           { "attribOption": [] },
"cfmapping/directorypath":                         { "attribOption": [] },
"cfmapping/relativepath":                          { "attribOption": [] },
"cfmapping/archive":                               { "attribOption": [] },
"cfmodule/template":                               { "attribOption": [] },
"cfmodule/page":                                   { "attribOption": [] },
"cfmodule/runonce":                                { "attribOption": [] },
"cfoutput/query":                                  { "attribOption": [] },
"cfoutput/group":                                  { "attribOption": [] },
"cfoutput/startrow":                               { "attribOption": [] },
"cfoutput/maxrows":                                { "attribOption": [] },
"cfoutput/groupcasesensitive":                     { "attribOption": [] },
"cfparam/name":                                    { "attribOption": [] },
"cfparam/default":                                 { "attribOption": [] },
"cfparam/type":                                    { "attribOption": [] },
"cfparam/min":                                     { "attribOption": [] },
"cfparam/max":                                     { "attribOption": [] },
"cfparam/pattern":                                 { "attribOption": [] },
"cfpause/interval":                                { "attribOption": [] },
"cfprocparam/type":                                { "attribOption": [] },
"cfprocparam/value":                               { "attribOption": [] },
"cfprocparam/cfsqltype":                           { "attribOption": [] },
"cfprocparam/null":                                { "attribOption": [] },
"cfprocparam/list":                                { "attribOption": [] },
"cfprocparam/separator":                           { "attribOption": [] },
"cfprocparam/maxlength":                           { "attribOption": [] },
"cfprocparam/padding":                             { "attribOption": [] },
"cfprocparam/scale":                               { "attribOption": [] },
"cfprocparam/dbvarname":                           { "attribOption": [] },
"cfquery/datasource":                              { "attribOption": [] },
"cfquery/dbtype":                                  { "attribOption": [] },
"cfquery/username":                                { "attribOption": [] },
"cfquery/password":                                { "attribOption": [] },
"cfquery/background":                              { "attribOption": [] },
"cfquery/name":                                    { "attribOption": [] },
"cfquery/preservesinglequotes":                    { "attribOption": [] },
"cfquery/maxrows":                                 { "attribOption": [] },
"cfquery/result":                                  { "attribOption": [] },
"cfquery/debug":                                   { "attribOption": [] },
"cfquery/cachedwithin":                            { "attribOption": [] },
"cfquery/cachedafter":                             { "attribOption": [] },
"cfquery/cacheId":                                 { "attribOption": [] },
"cfquery/region":                                  { "attribOption": [] },
"cfqueryparam/value":                              { "attribOption": [] },
"cfqueryparam/cfsqltype":                          { "attribOption": [] },
"cfqueryparam/null":                               { "attribOption": [] },
"cfqueryparam/list":                               { "attribOption": [] },
"cfqueryparam/separator":                          { "attribOption": [] },
"cfqueryparam/defaultlist":                        { "attribOption": [] },
"cfqueryparam/maxlength":                          { "attribOption": [] },
"cfqueryparam/padding":                            { "attribOption": [] },
"cfqueryparam/scale":                              { "attribOption": [] },
"cfreturn/yourvariablename":                       { "attribOption": [] },
"cfsavecontent/variable":                          { "attribOption": [] },
"cfsavecontent/trim":                              { "attribOption": [] },
"cfschedule/action":                               { "attribOption": [] },
"cfschedule/task":                                 { "attribOption": [] },
"cfschedule/enddate":                              { "attribOption": [] },
"cfschedule/endtime":                              { "attribOption": [] },
"cfschedule/file":                                 { "attribOption": [] },
"cfschedule/interval":                             { "attribOption": [] },
"cfschedule/password":                             { "attribOption": [] },
"cfschedule/path":                                 { "attribOption": [] },
"cfschedule/port":                                 { "attribOption": [] },
"cfschedule/proxypassword":                        { "attribOption": [] },
"cfschedule/proxyport":                            { "attribOption": [] },
"cfschedule/proxyserver":                          { "attribOption": [] },
"cfschedule/proxyuser":                            { "attribOption": [] },
"cfschedule/publish":                              { "attribOption": [] },
"cfschedule/requesttimeout":                       { "attribOption": [] },
"cfschedule/resolveurl":                           { "attribOption": [] },
"cfschedule/startdate":                            { "attribOption": [] },
"cfschedule/starttime":                            { "attribOption": [] },
"cfschedule/URL":                                  { "attribOption": [] },
"cfschedule/username":                             { "attribOption": [] },
"cfscript/language":                               { "attribOption": [] },
"cfscript/jarlist":                                { "attribOption": [] },
"cfscript/import":                                 { "attribOption": [] },
"cfsearch/collection":                             { "attribOption": [] },
"cfsearch/criteria":                               { "attribOption": [] },
"cfsearch/type":                                   { "attribOption": [] },
"cfsearch/minscore":                               { "attribOption": [] },
"cfsearch/maxrows":                                { "attribOption": [] },
"cfsearch/startrow":                               { "attribOption": [] },
"cfsearch/category":                               { "attribOption": [] },
"cfsearch/categorytree":                           { "attribOption": [] },
"cfsearch/contextpassages":                        { "attribOption": [] },
"cfsearch/contextbytes":                           { "attribOption": [] },
"cfsearch/contexthighlightstart":                  { "attribOption": [] },
"cfsearch/contexthighlightend":                    { "attribOption": [] },
"cfsearch/contents":                               { "attribOption": [] },
"cfsearch/uniquecolumn":                           { "attribOption": [] },
"cfsearch/name":                                   { "attribOption": [] },
"cfset/yourvariablename":                          { "attribOption": [] },
"cfset/var":                                       { "attribOption": [] },
"cfsmtp/action":                                   { "attribOption": [] },
"cfsmtp/port":                                     { "attribOption": [] },
"cfsmtp/ipaddress":                                { "attribOption": [] },
"cfsmtp/application":                              { "attribOption": [] },
"cfsmtp/cfcmail":                                  { "attribOption": [] },
"cfsmtp/cfcfilter":                                { "attribOption": [] },
"cfsmtp/resultvar":                                { "attribOption": [] },
"cfspreadsheet/action":                            { "attribOption": [] },
"cfspreadsheet/sheet":                             { "attribOption": [] },
"cfspreadsheet/sheetname":                         { "attribOption": [] },
"cfspreadsheet/headerrow":                         { "attribOption": [] },
"cfspreadsheet/columnnames":                       { "attribOption": [] },
"cfspreadsheet/src":                               { "attribOption": [] },
"cfspreadsheet/format":                            { "attribOption": [] },
"cfspreadsheet/name":                              { "attribOption": [] },
"cfspreadsheet/query":                             { "attribOption": [] },
"cfspreadsheet/columns":                           { "attribOption": [] },
"cfspreadsheet/rows":                              { "attribOption": [] },
"cfspreadsheet/filename":                          { "attribOption": [] },
"cfspreadsheet/overwrite":                         { "attribOption": [] },
"cfstylesheet/src":                                { "attribOption": [] },
"cfstylesheet/href":                               { "attribOption": [] },
"cfstylesheet/media":                              { "attribOption": [] },
"cfstylesheet/minimize":                           { "attribOption": [] },
"cfstylesheet/output":                             { "attribOption": [] },
"cfstylesheet/path":                               { "attribOption": [] },
"cfswitch/expression":                             { "attribOption": [] },
"cfswitch/break":                                  { "attribOption": [] },
"cfthread/name":                                   { "attribOption": [] },
"cfthread/output":                                 { "attribOption": [] },
"cfthread/action":                                 { "attribOption": [] },
"cfthread/priority":                               { "attribOption": [] },
"cfthread/timeout":                                { "attribOption": [] },
"cfthread/duration":                               { "attribOption": [] },
"cfthrow/type":                                    { "attribOption": [] },
"cfthrow/object":                                  { "attribOption": [] },
"cfthrow/message":                                 { "attribOption": [] },
"cfthrow/detail":                                  { "attribOption": [] },
"cfthrow/errorcode":                               { "attribOption": [] },
"cfthrow/extendedinfo":                            { "attribOption": [] },
"cftimer/type":                                    { "attribOption": [] },
"cftimer/label":                                   { "attribOption": [] },
"cftrace/text":                                    { "attribOption": [] },
"cftrace/application":                             { "attribOption": [] },
"cftrace/type":                                    { "attribOption": [] },
"cftrace/thread":                                  { "attribOption": [] },
"cftrace/log":                                     { "attribOption": [] },
"cftrace/file":                                    { "attribOption": [] },
"cftransaction/action":                            { "attribOption": [] },
"cftransaction/isolation":                         { "attribOption": [] },
"cfwddx/action":                                   { "attribOption": [] },
"cfwddx/input":                                    { "attribOption": [] },
"cfwddx/output":                                   { "attribOption": [] },
"cfwddx/version":                                  { "attribOption": [] },
"cfwddx/toplevelvariable":                         { "attribOption": [] },
"cfzip/zipfile":                                   { "attribOption": [] },
"cfzip/source":                                    { "attribOption": [] },
"cfzip/action":                                    { "attribOption": [] },
"cfzip/recurse":                                   { "attribOption": [] },
"cfzip/filter":                                    { "attribOption": [] },
"cfzip/compressionlevel":                          { "attribOption": [] },
"cfzip/newpath":                                   { "attribOption": [] },
"cfzip/prefix":                                    { "attribOption": [] },
"cfzip/variable":                                  { "attribOption": [] },
"cfzip/destination":                               { "attribOption": [] },
"cfzip/flatten":                                   { "attribOption": [] },
"cfzip/charset":                                   { "attribOption": [] },
"cfzip/overwrite":                                 { "attribOption": [] },
"cfzipparam/source":                               { "attribOption": [] },
"cfzipparam/prefix":                               { "attribOption": [] },
"cfzipparam/recurse":                              { "attribOption": [] },
"cfzipparam/filter":                               { "attribOption": [] },
"cfzipparam/newpath":                              { "attribOption": [] }
}
