{
"cfabort":               { "attributes": ["showerror"] },
"cfajaxproxy":           { "attributes": ["cfc","jsclassname","inline"] },
"cfapplication":         { "attributes": ["name","sessionmanagement","setclientcookies","setdomaincookies","clientmanagement","loginstorage","datasource","scriptprotect","applicationtimeout","sessiontimeout","securejson","securejsonprefix"] },
"cfargument":            { "attributes": ["name","type","required","hint","default"] },
"cfassert":              { "attributes": [ ] },
"cfassociate":           { "attributes": ["basetag","datacollection"] },
"cfbase":                { "attributes": ["target"] },
"cfbreak":               { "attributes": [ ] },
"cfcache":               { "attributes": [ ] },
"cfcachecontent":        { "attributes": ["name","cachedwithin","region"] },
"cfcaptcha":             { "attributes": ["width","height","displaystring","border","style"] },
"cfcase":                { "attributes": ["value","delimiters"] },
"cfcatch":               { "attributes": ["type"] },
"cfchart":               { "attributes": ["backgroundcolor","categorylabelpositions","chartheight","chartwidth","databackgroundcolor","foregroundcolor","font","fontbold","fontitalic","fontsize","format","labelformat","markersize","maxcategorylabellines","maxcategorylabelwidthratio","pieslicestyle","seriesplacement","show3d","showborder","showmarkers","showxgridlines","showygridlines","sortxaxis","symbolsseparator","tipstyle","xaxistype","xaxisuppermargin","xoffset","yoffset","yaxissymbols","yaxistype","yaxisuppermargin","path"] },
"cfchartdata":           { "attributes": ["item","value"] },
"cfchartdomainmarker":   { "attributes": ["color","value","shape","label","labelcolor","labelposition","font","fontbold","fontitalic","fontsize"] },
"cfchartimage":          { "attributes": ["file","uridirectory","alignment"] },
"cfchartlegend":         { "attributes": ["backgroundcolor","labelcolor","position","showborder","font","fontbold","fontitalic","fontsize"] },
"cfchartrangemarker":    { "attributes": ["color","start","end","label","labelcolor","labelposition","font","fontbold","fontitalic","fontsize"] },
"cfchartseries":         { "attributes": ["query","itemcolumn","valuecolumn","colorlist","markerstyle","paintstyle","seriescolor","serieslabel","type","datalabelstyle","datalabelangle","datalabelcolor","datalabelfont","datalabelfontbold","datalabelfontitalic","datalabelfontsize","negativedatalabelposition","positivedatalabelposition"] },
"cfcharttitle":          { "attributes": ["backgroundcolor","labelcolor","position","showborder","font","fontbold","fontitalic","fontsize","padding","margin"] },
"cfcol":                 { "attributes": ["align","width","text","header"] },
"cfcollection":          { "attributes": ["action","collection","storebody","language","path","relative","name"] },
"cfcomponent":           { "attributes": ["name","displayname","hint","extends","implements","type","output","wsdlfile","style"] },
"cfcontent":             { "attributes": ["type","reset","deletefile","file","output","variable","uridirectory"] },
"cfcontinue":            { "attributes": [ ] },
"cfcookie":              { "attributes": ["name","value","expires","secure","httpOnly","path","domain"] },
"cfdbinfo":              { "attributes": ["datasource","type","pattern","username","password","table","dbname"] },
"cfdebugger":            { "attributes": [ ] },
"cfdefaultcase":         { "attributes": [ ] },
"cfdirectory":           { "attributes": ["action","recurse","directory","name","newdirectory","mode","type","listinfo","filter","sort"] },
"cfdocument":            { "attributes": [ ] },
"cfdocumentitem":        { "attributes": [ ] },
"cfdocumentsection":     { "attributes": [ ] },
"cfdump":                { "attributes": ["var","label","top","abort","output","version"] },
"cfdumpsession":         { "attributes": ["var","label","top","abort","output","version"] },
"cfelse":                { "attributes": [ ] },
"cfelseif":              { "attributes": [ ] },
"cferror":               { "attributes": ["template","type","mailto","exception"] },
"cfexecute":             { "attributes": ["name","arguments","outputfile","variable","errorFile","errorVariable","timeout","uridirectory"] },
"cfexit":                { "attributes": ["method"] },
"cffeed":                { "attributes": ["action","name","query","properties","outputFile","overwrite","xmlvar","columnmap"] },
"cffile":                { "attributes": ["action","file","source","destination","variable","charset","output","filefield","accept","result","attributes","uridirectory","addnewline","nameconflict"] },
"cffinally":             { "attributes": [ ] },
"cfflush":               { "attributes": ["interval"] },
"cfform":                { "attributes": [ ] },
"cfforward":             { "attributes": [ ] },
"cfftp":                 { "attributes": ["connection","server","port","username","password","timeout","stoponerror","passive","action"] },
"cffunction":            { "attributes": ["name","displayname","access","output","roles","returntype","returnformat","securejson","verifyclient","jsondate","jsoncase","region","cachedwithin"] },
"cfheader":              { "attributes": ["name","value","charset","statuscode","statustext"] },
"cfhtmlbody":            { "attributes": ["text","position"] },
"cfhtmlhead":            { "attributes": ["text","position"] },
"cfhttp":                { "attributes": ["url","resolveurl","redirect","getasbinary","throwonerror","port","useragent","method","multipart","proxyserver","proxyport","proxyuser","proxypassword","user","password","file","path","uridirectory","charset","result","name","firstrowasheaders","columns","textqualifier","delimiter"] },
"cfhttpparam":           { "attributes": ["type","encoded","value","url","formfield","cgi","header","cookie","file","mimetype"] },
"cfif":                  { "attributes": [ ] },
"cfimage":               { "attributes": ["srcfile","destfile","action","type","width","height","x","y","angle","fontSize","fontcolor","color","thickness","contrast","brightness","text","position","nameconflict","uridirectory"] },
"cfimap":                { "attributes": [ ] },
"cfimport":              { "attributes": [ ] },
"cfinclude":             { "attributes": ["template","page","runonce"] },
"cfindex":               { "attributes": ["action","type","collection","status","key","body","title","summary","author","category","categoryTree","urlpath","custommap","query","recurse","extensions"] },
"cfinput":               { "attributes": [ ] },
"cfinsert":              { "attributes": [ ] },
"cfinterface":           { "attributes": ["displayName","hint","extends"] },
"cfinterrupt":           { "attributes": [ ] },
"cfinvoke":              { "attributes": ["component","method","returnvariable","webservice","timeout","proxyserver","proxyport","proxyuser","proxypassword","username","password","serviceport","argumentcollection"] },
"cfinvokeargument":      { "attributes": ["name","value"] },
"cfjavascript":          { "attributes": ["src","munge","minimize","output","charset","path"] },
"cfjoin":                { "attributes": [ ] },
"cfldap":                { "attributes": ["action","port","server","timeout","rebind","startrow","modifytype","separator","delimiter","maxrows","sort","sortcontrol","scope","filter","username","password"] },
"cflocation":            { "attributes": ["url","statuscode","addtoken","abort"] },
"cflock":                { "attributes": ["name","scope","type","timeout","throwontimeout"] },
"cflog":                 { "attributes": ["text","application","type","thread","log","file"] },
"cflogin":               { "attributes": [ ] },
"cfloginuser":           { "attributes": [ ] },
"cflogout":              { "attributes": [ ] },
"cfloop":                { "attributes": ["array from","array to","array index","array step","list list","list delimiters","list index","query query","query startrow","query endrow","condition condition","collection collection","collection item","array obj array","array obj index","array obj item","file file","file index","file characters","file charset"] },
"cfmail":                { "attributes": ["to","cc","bcc","replyto","failto","subject","mailerid","type","startrow","maxrows","query","group","groupcasesensitive","usessl","usetls","timeout","mimeattach","wraptext","server","charset","priority","callback","callbackdata"] },
"cfmailparam":           { "attributes": ["file","name","value","disposition","contentID","type","uridirectory"] },
"cfmailpart":            { "attributes": ["type","wrap"] },
"cfmapping":             { "attributes": ["logicalpath","directorypath","relativepath","archive"] },
"cfmodule":              { "attributes": ["template","page","runonce"] },
"cfmp3":                 { "attributes": [ ] },
"cfmulticast":           { "attributes": [ ] },
"cfobject":              { "attributes": [ ] },
"cfobjectcache":         { "attributes": [ ] },
"cfoutput":              { "attributes": ["query","group","startrow","maxrows","groupcasesensitive"] },
"cfparam":               { "attributes": ["name","default","type","min","max","pattern"] },
"cfpause":               { "attributes": ["interval"] },
"cfpop":                 { "attributes": [ ] },
"cfprocessingdirective": { "attributes": [ ] },
"cfprocparam":           { "attributes": ["type","value","cfsqltype","null","list","separator","maxlength","padding","scale","dbvarname"] },
"cfprocresult":          { "attributes": [ ] },
"cfproperty":            { "attributes": [ ] },
"cfquery":               { "attributes": ["datasource","dbtype","username","password","background","name","preservesinglequotes","maxrows","result","debug","cachedwithin","cachedafter","cacheId","region"] },
"cfqueryparam":          { "attributes": ["value","cfsqltype","null","list","separator","defaultlist","maxlength","padding","scale"] },
"cfregistry":            { "attributes": [ ] },
"cfrethrow":             { "attributes": [ ] },
"cfreturn":              { "attributes": ["yourvariablename"] },
"cfsavecontent":         { "attributes": ["variable","trim"] },
"cfschedule":            { "attributes": ["action","task","enddate","endtime","file","interval","password","path","port","proxypassword","proxyport","proxyserver","proxyuser","publish","requesttimeout","resolveurl","startdate","starttime","URL","username"] },
"cfscript":              { "attributes": ["language","jarlist","import"] },
"cfsearch":              { "attributes": ["collection","criteria","type","minscore","maxrows","startrow","category","categorytree","contextpassages","contextbytes","contexthighlightstart","contexthighlightend","contents","uniquecolumn","name"] },
"cfselect":              { "attributes": [ ] },
"cfset":                 { "attributes": ["yourvariablename","var"] },
"cfsetting":             { "attributes": [ ] },
"cfsilent":              { "attributes": [ ] },
"cfslider":              { "attributes": [ ] },
"cfsmtp":                { "attributes": ["action","port","ipaddress","application","cfcmail","cfcfilter","resultvar"] },
"cfspreadsheet":         { "attributes": ["action","sheet","sheetname","headerrow","columnnames","src","format","name","query","columns","rows","filename","overwrite"] },
"cfstoredproc":          { "attributes": [ ] },
"cfstylesheet":          { "attributes": ["src","href","media","minimize","output","path"] },
"cfswitch":              { "attributes": ["expression","break"] },
"cftable":               { "attributes": [ ] },
"cftextarea":            { "attributes": [ ] },
"cftextinput":           { "attributes": [ ] },
"cfthread":              { "attributes": ["name","output","action","priority","timeout","duration"] },
"cfthrottle":            { "attributes": [ ] },
"cfthrow":               { "attributes": ["type","object","message","detail","errorcode","extendedinfo"] },
"cftimer":               { "attributes": ["type","label"] },
"cftrace":               { "attributes": ["text","application","type","thread","log","file"] },
"cftransaction":         { "attributes": ["action","isolation"] },
"cftree":                { "attributes": [ ] },
"cftreeitem":            { "attributes": [ ] },
"cftry":                 { "attributes": [ ] },
"cfupdate":              { "attributes": [ ] },
"cfvideoplayer":         { "attributes": [ ] },
"cfwddx":                { "attributes": ["action","input","output","version","toplevelvariable"] },
"cfxml":                 { "attributes": [ ] },
"cfxmlrpc":              { "attributes": [ ] },
"cfzip":                 { "attributes": ["zipfile","source","action","recurse","filter","compressionlevel","newpath","prefix","variable","destination","flatten","charset","overwrite"] },
"cfzipparam":            { "attributes": ["source","prefix","recurse","filter","newpath"] }
}
