{     
    "a":          { "attributes": ["href", "hreflang", "media", "rel", "target", "type"] },
    "abbr":       { "attributes": [] },
    "address":    { "attributes": [] },
    "area":       { "attributes": ["alt", "coords", "href", "hreflang", "media", "rel", "shape", "target", "type"] },
    "article":    { "attributes": [] },
    "aside":      { "attributes": [] },
    "audio":      { "attributes": ["autoplay", "controls", "loop", "mediagroup", "muted", "preload", "src"] },
    "b":          { "attributes": [] },
    "base":       { "attributes": ["href", "target"] },
    "bdi":        { "attributes": [] },
    "bdo":        { "attributes": [] },
    "big":        { "attributes": [] },
    "blockquote": { "attributes": ["cite"] },
    "body":       { "attributes": ["onafterprint", "onbeforeprint", "onbeforeunload", "onhashchange", "onmessage", "onoffline", "ononline",
                                   "onpagehide", "onpageshow", "onpopstate", "onredo", "onresize", "onstorage", "onundo", "onunload"] },
    "br":         { "attributes": [] },
    "button":     { "attributes": ["autofocus", "disabled", "form", "formaction", "formenctype", "formmethod", "formnovalidate", "formtarget", 
                                   "name", "type", "value"] },
    "canvas":     { "attributes": ["height", "width"] },
    "caption":    { "attributes": [] },
    "cite":       { "attributes": [] },
    "code":       { "attributes": [] },
    "col":        { "attributes": ["span"] },
    "colgroup":   { "attributes": ["span"] },
    "command":    { "attributes": ["checked", "disabled", "icon", "label", "radiogroup", "type"] },
    "datalist":   { "attributes": [] },
    "dd":         { "attributes": [] },
    "del":        { "attributes": ["cite", "datetime"] },
    "details":    { "attributes": ["open"] },
    "dfn":        { "attributes": [] },
    "dialog":     { "attributes": ["open"] },
    "div":        { "attributes": [] },
    "dl":         { "attributes": [] },
    "dt":         { "attributes": [] },
    "em":         { "attributes": [] },
    "embed":      { "attributes": ["height", "src", "type", "width"] },
    "fieldset":   { "attributes": ["disabled", "form", "name"] },
    "figcaption": { "attributes": [] },
    "figure":     { "attributes": [] },
    "footer":     { "attributes": [] },
    "form":       { "attributes": ["accept-charset", "action", "autocomplete", "enctype", "method", "name", "novalidate", "target"] },
    "h1":         { "attributes": [] },
    "h2":         { "attributes": [] },
    "h3":         { "attributes": [] },
    "h4":         { "attributes": [] },
    "h5":         { "attributes": [] },
    "h6":         { "attributes": [] },
    "head":       { "attributes": [] },
    "header":     { "attributes": [] },
    "hgroup":     { "attributes": [] },
    "hr":         { "attributes": [] },
    "html":       { "attributes": ["manifest", "xml:lang", "xmlns"] },
    "i":          { "attributes": [] },
    "iframe":     { "attributes": ["height", "name", "sandbox", "seamless", "src", "srcdoc", "width"] },
    "ilayer":     { "attributes": [] },
    "img":        { "attributes": ["alt", "height", "ismap", "longdesc", "src", "usemap", "width"] },
    "input":      { "attributes": ["accept", "alt", "autocomplete", "autofocus", "checked", "dirname", "disabled", "form", "formaction", "formenctype", "formmethod", 
                                   "formnovalidate", "formtarget", "height", "list", "max", "maxlength", "min", "multiple", "name", "pattern", "placeholder", "readonly", 
                                   "required", "size", "src", "step", "type", "value", "width"] },
    "ins":        { "attributes": ["cite", "datetime"] },
    "kbd":        { "attributes": [] },
    "keygen":     { "attributes": ["autofocus", "challenge", "disabled", "form", "keytype", "name"] },
    "label":      { "attributes": ["for", "form"] },
    "legend":     { "attributes": [] },
    "li":         { "attributes": ["value"] },
    "link":       { "attributes": ["disabled", "href", "hreflang", "media", "rel", "sizes", "type"] },
    "main":       { "attributes": [] },
    "map":        { "attributes": ["name"] },
    "mark":       { "attributes": [] },
    "marquee":    { "attributes": ["align", "behavior", "bgcolor", "direction", "height", "hspace", "loop", "scrollamount", "scrolldelay", "truespeed", "vspace", "width"] },
    "menu":       { "attributes": ["label", "type"] },
    "meta":       { "attributes": ["charset", "content", "http-equiv", "name"] },
    "meter":      { "attributes": ["form", "high", "low", "max", "min", "optimum", "value"] },
    "nav":        { "attributes": [] },
    "noscript":   { "attributes": [] },
    "object":     { "attributes": ["archive", "codebase", "codetype", "data", "declare", "form", "height", "name", "standby", "type", "usemap", "width"] },
    "ol":         { "attributes": ["reversed", "start", "type"] },
    "optgroup":   { "attributes": ["disabled", "label"] },
    "option":     { "attributes": ["disabled", "label", "selected", "value"] },
    "output":     { "attributes": ["for", "form", "name"] },
    "p":          { "attributes": [] },
    "param":      { "attributes": ["name", "value"] },
    "pre":        { "attributes": [] },
    "progress":   { "attributes": ["form", "max", "value"] },
    "q":          { "attributes": ["cite"] },
    "rp":         { "attributes": [] },
    "rt":         { "attributes": [] },
    "ruby":       { "attributes": [] },
    "samp":       { "attributes": [] },
    "script":     { "attributes": ["async", "charset", "defer", "src", "type"] },
    "section":    { "attributes": [] },
    "select":     { "attributes": ["autofocus", "disabled", "form", "multiple", "name", "required", "size"] },
    "small":      { "attributes": [] },
    "source":     { "attributes": ["media", "src", "type"] },
    "span":       { "attributes": [] },
    "strong":     { "attributes": [] },
    "style":      { "attributes": ["disabled", "media", "scoped", "type"] },
    "sub":        { "attributes": [] },
    "summary":    { "attributes": [] },
    "sup":        { "attributes": [] },
    "table":      { "attributes": ["border"] },
    "tbody":      { "attributes": [] },
    "td":         { "attributes": ["colspan", "headers", "rowspan"] },
    "textarea":   { "attributes": ["autofocus", "cols", "dirname", "disabled", "form", "label", "maxlength", "name", "placeholder", "readonly", "required", "rows", "wrap"] },
    "tfoot":      { "attributes": [] },
    "th":         { "attributes": ["colspan", "headers", "rowspan", "scope"] },
    "thead":      { "attributes": [] },
    "time":       { "attributes": ["datetime", "pubdate"] },
    "title":      { "attributes": [] },
    "tr":         { "attributes": [] },
    "track":      { "attributes": ["default", "kind", "label", "src", "srclang"] },
    "tt":         { "attributes": [] },
    "ul":         { "attributes": [] },
    "var":        { "attributes": [] },
    "video":      { "attributes": ["autoplay", "controls", "height", "loop", "mediagroup", "muted", "poster", "preload", "src", "width"] },
    "wbr":        { "attributes": [] },

	"iron-a11y-keys":           { "attributes": ["keys", "target"] },
    "iron-ajax":                { "attributes": ["active-requests", "auto", "body", "content-types", "debounce-duration", "handle-as", "headers", "last-error", "last-request", "last-response", "loading", "method", "params", "sync", "url", "verbose", "with-credentials"] },
    "iron-autogrow-textarea":   { "attributes": [] },
    "iron-collapse":            { "attributes": ["horizontal", "opened"] },
    "iron-doc-viewer":          { "attributes": [] },
    "iron-icon":                { "attributes": ["icon", "src", "theme"] },
    "iron-iconset":             { "attributes": ["icon-names", "icons", "name", "size", "src", "width"] },
    "iron-iconset-svg":         { "attributes": ["name", "size"] },
    "iron-image":               { "attributes": ["can-load", "fade", "height", "loaded", "loading", "placeholder", "position", "preload", "prevent-load", "requires-preload", "sizing", "src", "width"] },
    "iron-localstorage":        { "attributes": ["auto-save-disabled", "error-message", "name", "use-raw", "value"] },
    "iron-media-query":         { "attributes": ["query", "queryMatches"] },
    "iron-meta":                { "attributes": ["key", "list", "self", "type", "value"] },
    "iron-pages":               { "attributes": ["activateEvent"] },
    "iron-selector":            { "attributes": ["attr-for-selected", "selected "] },
	
    "paper-button":             { "attributes": ["raised", "noink", "dialog-dismiss", "dialog-confirm"] },
    "paper-checkbox":           { "attributes": ["checked", "toggles"] },
    "paper-dialog":             { "attributes": ["entry-animation", "exit-animation"] },
    "paper-dialog-impl":        { "attributes": ["modal"] },
    "paper-dialog-scrollable":  { "attributes": [] },
    "paper-drawer-panel":       { "attributes": ["default-selected", "disable-edge-swipe", "disable-swipe", "dragging", "drawer-toggle-attribute", "drawer-width", "edge-swipe-sensitivity", "force-narrow", "has-transform", "has-will-change", "narrow", "peeking", "responsive-width", "right-drawer", "selected", "transition"] },
    "paper-fab":                { "attributes": ["icon", "mini", "src"] },
    "paper-header-panel":       { "attributes": ["atTop", "mode", "shadow", "tallClass"] },
    "paper-icon-button":        { "attributes": ["alt", "icon", "src"] },
    "paper-input":              { "attributes": ["label", "error-message", "char-counter"] },
    "paper-item":               { "attributes": ["role"] },
    "paper-item-body":          { "attributes": ["two-line"] },
    "paper-material":           { "attributes": ["animated", "elevation"] },
    "paper-menu":               { "attributes": [] },
    "paper-progress":           { "attributes": ["value", "secondary-progress", "indeterminate", "secondaryRatio"] },
    "paper-radio-button":       { "attributes": ["checked", "toggles"] },
    "paper-radio-group":        { "attributes": ["attr-for-selected", "key-bindings", "selected-attribute"] },
    "paper-ripple":             { "attributes": ["animating", "center", "hold-down", "initial-opacity", "key-bindings", "opacitydecay-velocity", "recenters", "ripples"] },
    "paper-scroll-header-panel":        { "attributes": ["condensed-header-height", "condenses", "fixed", "header-height", "keep-condensed-header", "no-dissolve", "no-reveal", "scroll-away-topbar" ] },
    "paper-slider":             { "attributes": ["editable", "key-bindings", "snaps" ] },
    "paper-spinner":            { "attributes": ["active", "alt"] },
    "paper-tab":                { "attributes": [] },
    "paper-tabs":               { "attributes": ["align-bottom", "disable-drag", "hide-scroll-buttons", "no-bar", "no-slide", "noink", "scrollable", "selectable", "selected"] },
    "paper-toast":              { "attributes": ["duration", "text", "visible"] },
    "paper-toggle-button":      { "attributes": ["checked", "toggles"] },
    "paper-toolbar":            { "attributes": ["bottom-justify", "justify", "middle-justify "] },
  
    "neon-animated-pages":      { "attributes": ["selected", "entry-animation", "exit-animation" ] },
    "neon-animatable":          { "attributes": [] },
  
    "platinum-push-messaging":  { "attributes": ["title", "message-url", "message", "icon-url", "click-url"] },
    "platinum-sw-register":     { "attributes": ["auto-register", "state", "clients-claim", "skip-waiting", "on-service-worker-error", "on-service-worker-updated", "on-service-worker-installed"] },
    "platinum-sw-cache":        { "attributes": ["default-cache-strategy", "precache", "precache-file"] },
    "platinum-sw-import-script":{ "attributes": ["href"] },
    "platinum-sw-fetch":        { "attributes": ["handler", "path", "origin"] },
  
    "gold-cc-cvc-input":        { "attributes": ["card-type", "label"] },
    "gold-cc-input":            { "attributes": ["card-type", "label"] },
    "gold-cc-expiration-input": { "attributes": ["label", "value"] },
    "gold-email-input":         { "attributes": ["label"] },
    "gold-phone-input":         { "attributes": ["country-code", "label", "phoneNumberPattern "] },
    "gold-zip-input":           { "attributes": ["label"] },  
  
  	"at-carbon-icon":           { "attributes": ["icon", "src", "theme"] },
	"at-carbon-clamp":          { "attributes": ["text", "lines"] }
}
