{
    "shortcuts": {
        "d": {
            "tagName": "div",
            "type": "block"
        },
        "i": {
            "tagName": "em",
            "type": "inline"
        },
        "1": {
            "tagName": "h1",
            "type": "heading"
        },
        "2": {
            "tagName": "h2",
            "type": "heading"
        },
        "3": {
            "tagName": "h3",
            "type": "heading"
        },
        "4": {
            "tagName": "h4",
            "type": "heading"
        },
        "5": {
            "tagName": "h5",
            "type": "heading"
        },
        "6": {
            "tagName": "h6",
            "type": "heading"
        },
        "l": {
            "tagName": "li",
            "type": "block"
        },
        "p": {
            "tagName": "p",
            "type": "block"
        },
        "b": {
            "tagName": "strong",
            "type": "inline"
        },
        "9": {
            "tagName": "br",
            "tagDisplay": "br/",
            "type": "inline",
            "isEmpty": true,
            "insertTrailingSlash": true
        }
    }
}
