{"add":{"r":{"d":"","type":"jQuery"},"s":"Add elements to the set of matched elements.","y":"Finds all divs and makes a border.  Then adds all paragraphs to the jQuery object to set their backgrounds yellow.\n$( \"div\" ).css( \"border\", \"2px solid red\" )\n  .add( \"p\" )\n  .css( \"background\", \"yellow\" );\n","p":[{"optional":false,"default":null,"t":"selector","d":"A string representing a selector expression to find additional elements to add to the set of matched elements.","type":"Selector"}]},"addBack":{"r":{"d":"","type":"jQuery"},"s":"Add the previous set of elements on the stack to the current set, optionally filtered by a selector.","y":"","p":[{"optional":true,"default":null,"t":"selector","d":"A string containing a selector expression to match the current set of elements against.","type":"Selector"}]},"addClass":{"r":{"d":"","type":"jQuery"},"s":"Adds the specified class(es) to each of the set of matched elements.","y":"Add the class \"selected\" to the matched elements.\n$( \"p\" ).last().addClass( \"selected\" );\n","p":[{"optional":false,"default":null,"t":"className","d":"One or more space-separated classes to be added to the class attribute of each matched element.","type":"String"}]},"after":{"r":{"d":"","type":"jQuery"},"s":"Insert content, specified by the parameter, after each element in the set of matched elements.","y":"Inserts some HTML after all paragraphs.\n$( \"p\" ).after( \"<b>Hello<\/b>\" );\n","p":[{"optional":false,"default":null,"t":"content","d":"HTML string, DOM element, array of elements, or jQuery object to insert after each element in the set of matched elements.","type":"htmlString|Element|Array|jQuery"},{"optional":true,"default":null,"t":"content","d":"One or more additional DOM elements, arrays of elements, HTML strings, or jQuery objects to insert after each element in the set of matched elements.","type":"htmlString|Element|Array|jQuery"}]},"ajaxComplete":{"r":{"d":"","type":"jQuery"},"s":"Register a handler to be called when Ajax requests complete. This is an <ahref=\"\/Ajax_Events\/\">AjaxEvent<\/a>.","y":"","p":[{"optional":false,"default":null,"t":"handler(event, XMLHttpRequest, ajaxOptions)","d":"The function to be invoked.","type":"Function"}]},"ajaxError":{"r":{"d":"","type":"jQuery"},"s":"Register a handler to be called when Ajax requests complete with an error. This is an <ahref=\"\/Ajax_Events\/\">Ajax Event<\/a>.","y":"","p":[{"optional":false,"default":null,"t":"handler(event, jqXHR, ajaxSettings, thrownError)","d":"The function to be invoked.","type":"Function"}]},"ajaxSend":{"r":{"d":"","type":"jQuery"},"s":"Attach a function to be executed before an Ajax request is sent. This is an <ahref=\"\/Ajax_Events\/\">Ajax Event<\/a>.","y":"","p":[{"optional":false,"default":null,"t":"handler(event, jqXHR, ajaxOptions)","d":"The function to be invoked.","type":"Function"}]},"ajaxStart":{"r":{"d":"","type":"jQuery"},"s":"Register a handler to be called when the first Ajax request begins. This is an <ahref=\"\/Ajax_Events\/\">Ajax Event<\/a>.","y":"","p":[{"optional":false,"default":null,"t":"handler()","d":"The function to be invoked.","type":"Function"}]},"ajaxStop":{"r":{"d":"","type":"jQuery"},"s":"Register a handler to be called when all Ajax requests have completed. This is an <ahref=\"\/Ajax_Events\/\">Ajax Event<\/a>.","y":"","p":[{"optional":false,"default":null,"t":"handler()","d":"The function to be invoked.","type":"Function"}]},"ajaxSuccess":{"r":{"d":"","type":"jQuery"},"s":"Attach a function to be executed whenever an Ajax request completes successfully. This is an <ahref=\"\/Ajax_Events\/\">Ajax Event<\/a>.","y":"","p":[{"optional":false,"default":null,"t":"handler(event, XMLHttpRequest, ajaxOptions)","d":"The function to be invoked.","type":"Function"}]},"andSelf":{"r":{"d":"","type":"jQuery"},"s":"Add the previous set of elements on the stack to the current set.","y":"","p":[{"optional":false,"default":null,"t":null,"d":"","type":""}]},"animate":{"r":{"d":"","type":"jQuery"},"s":"Perform a custom animation of a set of CSS properties.","y":"Click the button to animate the div with a number of different properties.\n\/\/ Using multiple unit types within one animation.\n\n$( \"#go\" ).click(function() {\n  $( \"#block\" ).animate({\n    width: \"70%\",\n    opacity: 0.4,\n    marginLeft: \"0.6in\",\n    fontSize: \"3em\",\n    borderWidth: \"10px\"\n  }, 1500 );\n});\n","p":[{"optional":false,"default":null,"t":"properties","d":"An object of CSS properties and values that the animation will move toward.","type":"PlainObject"},{"optional":true,"default":"400","t":"duration","d":"A string or number determining how long the animation will run.","type":"Number|String"},{"optional":true,"default":"swing","t":"easing","d":"A string indicating which easing function to use for the transition.","type":"String"},{"optional":true,"default":null,"t":"complete","d":"A function to call once the animation is complete.","type":"Function"}]},"append":{"r":{"d":"","type":"jQuery"},"s":"Insert content, specified by the parameter, to the end of each element in the set of matched elements.","y":"Appends some HTML to all paragraphs.\n$( \"p\" ).append( \"<strong>Hello<\/strong>\" );\n","p":[{"optional":false,"default":null,"t":"content","d":"DOM element, array of elements, HTML string, or jQuery object to insert at the end of each element in the set of matched elements.","type":"htmlString|Element|Array|jQuery"},{"optional":true,"default":null,"t":"content","d":"One or more additional DOM elements, arrays of elements, HTML strings, or jQuery objects to insert at the end of each element in the set of matched elements.","type":"htmlString|Element|Array|jQuery"}]},"appendTo":{"r":{"d":"","type":"jQuery"},"s":"Insert every element in the set of matched elements to the end of the target.","y":"","p":[{"optional":false,"default":null,"t":"target","d":"A selector, element, HTML string, array of elements, or jQuery object; the matched set of elements will be inserted at the end of the element(s) specified by this parameter.","type":"Selector|htmlString|Element|Array|jQuery"}]},"attr":{"r":{"d":"","type":"String"},"s":"Get the value of an attribute for the first element in the set of matched elements or set one or more attributes for every matched element.","y":"Display the checked attribute and property of a checkbox as it changes.\n$( \"input\" )\n  .change(function() {\n    var $input = $( this );\n    $( \"p\" ).html( \".attr( 'checked' ): <b>\" + $input.attr( \"checked\" ) + \"<\/b><br>\" +\n      \".prop( 'checked' ): <b>\" + $input.prop( \"checked\" ) + \"<\/b><br>\" +\n      \".is( ':checked' ): <b>\" + $input.is( \":checked\" ) + \"<\/b>\" );\n  })\n  .change();\n","p":[{"optional":false,"default":null,"t":"attributeName","d":"The name of the attribute to get.","type":"String"}]},"before":{"r":{"d":"","type":"jQuery"},"s":"Insert content, specified by the parameter, before each element in the set of matched elements.","y":"Inserts some HTML before all paragraphs.\n$( \"p\" ).before( \"<b>Hello<\/b>\" );\n","p":[{"optional":false,"default":null,"t":"content","d":"HTML string, DOM element, array of elements, or jQuery object to insert before each element in the set of matched elements.","type":"htmlString|Element|Array|jQuery"},{"optional":true,"default":null,"t":"content","d":"One or more additional DOM elements, arrays of elements, HTML strings, or jQuery objects to insert before each element in the set of matched elements.","type":"htmlString|Element|Array|jQuery"}]},"bind":{"r":{"d":"","type":"jQuery"},"s":"Attach a handler to an event for the elements.","y":"Handle click and double-click for the paragraph.  Note: the coordinates are window relative, so in this case relative to the demo iframe.\n$( \"p\" ).bind( \"click\", function( event ) {\n  var str = \"( \" + event.pageX + \", \" + event.pageY + \" )\";\n  $( \"span\" ).text( \"Click happened! \" + str );\n});\n$( \"p\" ).bind( \"dblclick\", function() {\n  $( \"span\" ).text( \"Double-click happened in \" + this.nodeName );\n});\n$( \"p\" ).bind( \"mouseenter mouseleave\", function( event ) {\n  $( this ).toggleClass( \"over\" );\n});\n","p":[{"optional":false,"default":null,"t":"eventType","d":"A string containing one or more DOM event types, such as \"click\" or \"submit,\" or custom event names.","type":"String"},{"optional":true,"default":null,"t":"eventData","d":"An object containing data that will be passed to the event handler.","type":"Object"},{"optional":false,"default":null,"t":"handler(eventObject)","d":"A function to execute each time the event is triggered.","type":"Function"}]},"blur":{"r":{"d":"","type":"jQuery"},"s":"Bind an event handler to the \"blur\" JavaScript event, or trigger that event on an element.","y":"","p":[{"optional":false,"default":null,"t":"handler(eventObject)","d":"A function to execute each time the event is triggered.","type":"Function"}]},"change":{"r":{"d":"","type":"jQuery"},"s":"Bind an event handler to the \"change\" JavaScript event, or trigger that event on an element.","y":"Attaches a change event to the select that gets the text for each selected option and writes them in the div.  It then triggers the event for the initial text draw.\n$( \"select\" )\n  .change(function () {\n    var str = \"\";\n    $( \"select option:selected\" ).each(function() {\n      str += $( this ).text() + \" \";\n    });\n    $( \"div\" ).text( str );\n  })\n  .change();\n","p":[{"optional":false,"default":null,"t":"handler(eventObject)","d":"A function to execute each time the event is triggered.","type":"Function"}]},"children":{"r":{"d":"","type":"jQuery"},"s":"Get the children of each element in the set of matched elements, optionally filtered by a selector.","y":"Find all children of the clicked element.\n$( \"#container\" ).click(function ( event ) {\n  $( \"*\" ).removeClass( \"hilite\" );\n  var kids = $( event.target ).children();\n  var len = kids.addClass( \"hilite\" ).length;\n\n  $( \"#results span:first\" ).text( len );\n  $( \"#results span:last\" ).text( event.target.tagName );\n\n  event.preventDefault();\n});\n","p":[{"optional":true,"default":null,"t":"selector","d":"A string containing a selector expression to match elements against.","type":"Selector"}]},"clearQueue":{"r":{"d":"","type":"jQuery"},"s":"Remove from the queue all items that have not yet been run.","y":"","p":[{"optional":true,"default":null,"t":"queueName","d":"A string containing the name of the queue. Defaults to <code>fx<\/code>, the standard effects queue.","type":"String"}]},"click":{"r":{"d":"","type":"jQuery"},"s":"Bind an event handler to the \"click\" JavaScript event, or trigger that event on an element.","y":"Hide paragraphs on a page when they are clicked:\n$( \"p\" ).click(function() {\n  $( this ).slideUp();\n});\n","p":[{"optional":false,"default":null,"t":"handler(eventObject)","d":"A function to execute each time the event is triggered.","type":"Function"}]},"clone":{"r":{"d":"","type":"jQuery"},"s":"Create a deep copy of the set of matched elements.","y":"","p":[{"optional":true,"default":"false","t":"withDataAndEvents","d":"A Boolean indicating whether event handlers should be copied along with the elements. As of jQuery 1.4, element data will be copied as well.","type":"Boolean"}]},"closest":{"r":{"d":"","type":"jQuery"},"s":"For each element in the set, get the first element that matches the selector by testing the element itself and traversing up through its ancestors in the DOM tree.","y":"Show how event delegation can be done with closest. The closest list element toggles a yellow background when it or its descendent is clicked.\n$( document ).on( \"click\", function( event ) {\n  $( event.target ).closest( \"li\" ).toggleClass( \"hilight\" );\n});\n","p":[{"optional":false,"default":null,"t":"selector","d":"A string containing a selector expression to match elements against.","type":"Selector"}]},"contents":{"r":{"d":"","type":"jQuery"},"s":"Get the children of each element in the set of matched elements, including text and comment nodes.","y":"Find all the text nodes inside a paragraph and wrap them with a bold tag.\n$( \"p\" )\n  .contents()\n  .filter(function(){\n    return this.nodeType !== 1;\n  })\n  .wrap( \"<b><\/b>\" );\n","p":[{"optional":false,"default":null,"t":null,"d":"","type":""}]},"css":{"r":{"d":"","type":"String"},"s":"Get the value of a style property for the first element in the set of matched elements or set one or more CSS properties for every matched element.","y":"Get the background color of a clicked div.\n$( \"div\" ).click(function() {\n  var color = $( this ).css( \"background-color\" );\n  $( \"#result\" ).html( \"That div is <span style='color:\" +\n    color + \";'>\" + color + \"<\/span>.\" );\n});\n","p":[{"optional":false,"default":null,"t":"propertyName","d":"A CSS property.","type":"String"}]},"data":{"r":{"d":"","type":"jQuery"},"s":"Store arbitrary data associated with the matched elements or return the value at the named data store for the first element in the set of matched elements.","y":"","p":[{"optional":false,"default":null,"t":"key","d":"A string naming the piece of data to set.","type":"String"},{"optional":false,"default":null,"t":"value","d":"The new data value; it can be any Javascript type including Array or Object.","type":"Object"}]},"dblclick":{"r":{"d":"","type":"jQuery"},"s":"Bind an event handler to the \"dblclick\" JavaScript event, or trigger that event on an element.","y":"To bind a \"Hello World!\" alert box the dblclick event on every paragraph on the page:\n$( \"p\" ).dblclick(function() {\n  alert( \"Hello World!\" );\n});\n","p":[{"optional":false,"default":null,"t":"handler(eventObject)","d":"A function to execute each time the event is triggered.","type":"Function"}]},"delay":{"r":{"d":"","type":"jQuery"},"s":"Set a timer to delay execution of subsequent items in the queue.","y":"","p":[{"optional":false,"default":null,"t":"duration","d":"An integer indicating the number of milliseconds to delay execution of the next item in the queue.","type":"Integer"},{"optional":true,"default":null,"t":"queueName","d":"A string containing the name of the queue. Defaults to <code>fx<\/code>, the standard effects queue.","type":"String"}]},"delegate":{"r":{"d":"","type":"jQuery"},"s":"Attach a handler to one or more events for all elements that match the selector, now or in the future, based on a specific set of root elements.","y":"Click a paragraph to add another. Note that .delegate() attaches a click event handler to all paragraphs - even new ones.\n$( \"body\" ).delegate( \"p\", \"click\", function() {\n  $( this ).after( \"<p>Another paragraph!<\/p>\" );\n});\n","p":[{"optional":false,"default":null,"t":"selector","d":"A selector to filter the elements that trigger the event.","type":"String"},{"optional":false,"default":null,"t":"eventType","d":"A string containing one or more space-separated JavaScript event types, such as \"click\" or \"keydown,\" or custom event names.","type":"String"},{"optional":false,"default":null,"t":"handler(eventObject)","d":"A function to execute at the time the event is triggered.","type":"Function"}]},"dequeue":{"r":{"d":"","type":"jQuery"},"s":"Execute the next function on the queue for the matched elements.","y":"","p":[{"optional":true,"default":null,"t":"queueName","d":"A string containing the name of the queue. Defaults to <code>fx<\/code>, the standard effects queue.","type":"String"}]},"detach":{"r":{"d":"","type":"jQuery"},"s":"Remove the set of matched elements from the DOM.","y":"","p":[{"optional":true,"default":null,"t":"selector","d":"A selector expression that filters the set of matched elements to be removed.","type":"Selector"}]},"die":{"r":{"d":"","type":"jQuery"},"s":"Remove event handlers previously attached using <code>.live()<\/code> from the elements.","y":"To unbind all live events from all paragraphs, write:\n$( \"p\" ).die();\n","p":[{"optional":false,"default":null,"t":null,"d":"","type":""}]},"each":{"r":{"d":"","type":"jQuery"},"s":"Iterate over a jQuery object, executing a function for each matched element. ","y":"Iterate over three divs and sets their color property.\n$( document.body ).click(function() {\n  $( \"div\" ).each(function( i ) {\n    if ( this.style.color !== \"blue\" ) {\n      this.style.color = \"blue\";\n    } else {\n      this.style.color = \"\";\n    }\n  });\n});\n","p":[{"optional":false,"default":null,"t":"function(index, Element)","d":"A function to execute for each matched element.","type":"Function"}]},"empty":{"r":{"d":"","type":"jQuery"},"s":"Remove all child nodes of the set of matched elements from the DOM.","y":"","p":[{"optional":false,"default":null,"t":null,"d":"","type":""}]},"end":{"r":{"d":"","type":"jQuery"},"s":"End the most recent filtering operation in the current chain and return the set of matched elements to its previous state.","y":"Selects all paragraphs, finds span elements inside these, and reverts the selection back to the paragraphs.\njQuery.fn.showTags = function( n ) {\n  var tags = this.map(function() {\n    return this.tagName;\n  })\n  .get()\n  .join( \", \" );\n  $( \"b:eq( \" + n + \" )\" ).text( tags );\n  return this;\n};\n\n$( \"p\" )\n  .showTags( 0 )\n  .find( \"span\" )\n    .showTags( 1 )\n    .css( \"background\", \"yellow\" )\n  .end()\n  .showTags( 2 )\n  .css( \"font-style\", \"italic\" );\n","p":[{"optional":false,"default":null,"t":null,"d":"","type":""}]},"eq":{"r":{"d":"","type":"jQuery"},"s":"Reduce the set of matched elements to the one at the specified index.","y":"","p":[{"optional":false,"default":null,"t":"index","d":"An integer indicating the 0-based position of the element. ","type":"Integer"}]},"error":{"r":{"d":"","type":"jQuery"},"s":"Bind an event handler to the \"error\" JavaScript event.","y":"","p":[{"optional":false,"default":null,"t":"handler(eventObject)","d":"A function to execute when the event is triggered.","type":"Function"}]},"fadeIn":{"r":{"d":"","type":"jQuery"},"s":"Display the matched elements by fading them to opaque.","y":"Animates hidden divs to fade in one by one, completing each animation within 600 milliseconds.\n$( document.body ).click(function() {\n  $( \"div:hidden:first\" ).fadeIn( \"slow\" );\n});\n","p":[{"optional":true,"default":"400","t":"duration","d":"A string or number determining how long the animation will run.","type":"Number|String"},{"optional":true,"default":null,"t":"complete","d":"A function to call once the animation is complete.","type":"Function"}]},"fadeOut":{"r":{"d":"","type":"jQuery"},"s":"Hide the matched elements by fading them to transparent.","y":"Animates all paragraphs to fade out, completing the animation within 600 milliseconds.\n$( \"p\" ).click(function() {\n  $( \"p\" ).fadeOut( \"slow\" );\n});\n","p":[{"optional":true,"default":"400","t":"duration","d":"A string or number determining how long the animation will run.","type":"Number|String"},{"optional":true,"default":null,"t":"complete","d":"A function to call once the animation is complete.","type":"Function"}]},"fadeTo":{"r":{"d":"","type":"jQuery"},"s":"Adjust the opacity of the matched elements.","y":"Animates first paragraph to fade to an opacity of 0.33 (33%, about one third visible), completing the animation within 600 milliseconds.\n$( \"p:first\" ).click(function() {\n  $( this ).fadeTo( \"slow\", 0.33 );\n});\n","p":[{"optional":false,"default":null,"t":"duration","d":"A string or number determining how long the animation will run.","type":"String|Number"},{"optional":false,"default":null,"t":"opacity","d":"A number between 0 and 1 denoting the target opacity.","type":"Number"},{"optional":true,"default":null,"t":"complete","d":"A function to call once the animation is complete.","type":"Function"}]},"fadeToggle":{"r":{"d":"","type":"jQuery"},"s":"Display or hide the matched elements by animating their opacity.","y":"","p":[{"optional":true,"default":"400","t":"duration","d":"A string or number determining how long the animation will run.","type":"Number|String"},{"optional":true,"default":"swing","t":"easing","d":"A string indicating which easing function to use for the transition.","type":"String"},{"optional":true,"default":null,"t":"complete","d":"A function to call once the animation is complete.","type":"Function"}]},"filter":{"r":{"d":"","type":"jQuery"},"s":"Reduce the set of matched elements to those that match the selector or pass the function's test. ","y":"Change the color of all divs; then add a border to those with a \"middle\" class.\n$( \"div\" )\n  .css( \"background\", \"#c8ebcc\" )\n  .filter( \".middle\" )\n    .css( \"border-color\", \"red\" );\n","p":[{"optional":false,"default":null,"t":"selector","d":"A string containing a selector expression to match the current set of elements against.","type":"Selector"}]},"find":{"r":{"d":"","type":"jQuery"},"s":"Get the descendants of each element in the current set of matched elements, filtered by a selector, jQuery object, or element.","y":"Starts with all paragraphs and searches for descendant span elements, same as <code>$( \"p span\" )<\/code>\n$( \"p\" ).find( \"span\" ).css( \"color\", \"red\" );\n","p":[{"optional":false,"default":null,"t":"selector","d":"A string containing a selector expression to match elements against.","type":"Selector"}]},"finish":{"r":{"d":"","type":"jQuery"},"s":"Stop the currently-running animation, remove all queued animations, and complete all animations for the matched elements.","y":"","p":[{"optional":true,"default":null,"t":"queue","d":"The name of the queue in which to stop animations.","type":"String"}]},"first":{"r":{"d":"","type":"jQuery"},"s":"Reduce the set of matched elements to the first in the set.","y":"","p":[{"optional":false,"default":null,"t":null,"d":"","type":""}]},"focus":{"r":{"d":"","type":"jQuery"},"s":"Bind an event handler to the \"focus\" JavaScript event, or trigger that event on an element.","y":"Fire focus.\n$( \"input\" ).focus(function() {\n  $( this ).next( \"span\" ).css( \"display\", \"inline\" ).fadeOut( 1000 );\n});\n","p":[{"optional":false,"default":null,"t":"handler(eventObject)","d":"A function to execute each time the event is triggered.","type":"Function"}]},"focusin":{"r":{"d":"","type":"jQuery"},"s":"Bind an event handler to the \"focusin\" event.","y":"","p":[{"optional":false,"default":null,"t":"handler(eventObject)","d":"A function to execute each time the event is triggered.","type":"Function"}]},"focusout":{"r":{"d":"","type":"jQuery"},"s":"Bind an event handler to the \"focusout\" JavaScript event.","y":"","p":[{"optional":false,"default":null,"t":"handler(eventObject)","d":"A function to execute each time the event is triggered.","type":"Function"}]},"get":{"r":{"d":"","type":"Element"},"s":"Retrieve the DOM elements matched by the jQuery object.","y":"","p":[{"optional":false,"default":null,"t":"index","d":"A zero-based integer indicating which element to retrieve.","type":"Integer"}]},"has":{"r":{"d":"","type":"jQuery"},"s":"Reduce the set of matched elements to those that have a descendant that matches the selector or DOM element.","y":"","p":[{"optional":false,"default":null,"t":"selector","d":"A string containing a selector expression to match elements against.","type":"String"}]},"hasClass":{"r":{"d":"","type":"Boolean"},"s":"Determine whether any of the matched elements are assigned the given class.","y":"","p":[{"optional":false,"default":null,"t":"className","d":"The class name to search for.","type":"String"}]},"height":{"r":{"d":"","type":"Number"},"s":"Get the current computed height for the first element in the set of matched elements or set the height of every matched element.","y":"","p":[{"optional":false,"default":null,"t":null,"d":"","type":""}]},"hide":{"r":{"d":"","type":"jQuery"},"s":"Hide the matched elements.","y":"Hides all paragraphs then the link on click.\n$( \"p\" ).hide();\n$( \"a\" ).click(function( event ) {\n  event.preventDefault();\n  $( this ).hide();\n});\n","p":[{"optional":false,"default":null,"t":null,"d":"","type":""}]},"hover":{"r":{"d":"","type":"jQuery"},"s":"Bind one or two handlers to the matched elements, to be executed when the mouse pointer enters and leaves the elements.","y":"To add a special style to list items that are being hovered over, try:\n$( \"li\" ).hover(\n  function() {\n    $( this ).append( $( \"<span> ***<\/span>\" ) );\n  }, function() {\n    $( this ).find( \"span:last\" ).remove();\n  }\n);\n\n$( \"li.fade\" ).hover(function() {\n  $( this ).fadeOut( 100 );\n  $( this ).fadeIn( 500 );\n});\n","p":[{"optional":false,"default":null,"t":"handlerIn(eventObject)","d":"A function to execute when the mouse pointer enters the element.","type":"Function"},{"optional":false,"default":null,"t":"handlerOut(eventObject)","d":"A function to execute when the mouse pointer leaves the element.","type":"Function"}]},"html":{"r":{"d":"","type":"String"},"s":"Get the HTML contents of the first element in the set of matched elements or set the HTML contents of every matched element.","y":"","p":[{"optional":false,"default":null,"t":null,"d":"","type":""}]},"index":{"r":{"d":"","type":"Number"},"s":"Search for a given element from among the matched elements.","y":"On click, returns the index (zero-based) of that div in the page.\n$( \"div\" ).click(function() {\n  \/\/ `this` is the DOM element that was clicked\n  var index = $( \"div\" ).index( this );\n  $( \"span\" ).text( \"That was div index #\" + index );\n});\n","p":[{"optional":false,"default":null,"t":null,"d":"","type":""}]},"innerHeight":{"r":{"d":"","type":"Number"},"s":"Get the current computed height for the first element in the set of matched elements, including padding but not border.","y":"","p":[{"optional":false,"default":null,"t":null,"d":"","type":""}]},"innerWidth":{"r":{"d":"","type":"Number"},"s":"Get the current computed width for the first element in the set of matched elements, including padding but not border.","y":"","p":[{"optional":false,"default":null,"t":null,"d":"","type":""}]},"insertAfter":{"r":{"d":"","type":"jQuery"},"s":"Insert every element in the set of matched elements after the target.","y":"","p":[{"optional":false,"default":null,"t":"target","d":"A selector, element, array of elements, HTML string, or jQuery object; the matched set of elements will be inserted after the element(s) specified by this parameter.","type":"Selector|htmlString|Element|Array|jQuery"}]},"insertBefore":{"r":{"d":"","type":"jQuery"},"s":"Insert every element in the set of matched elements before the target.","y":"","p":[{"optional":false,"default":null,"t":"target","d":"A selector, element, array of elements, HTML string, or jQuery object; the matched set of elements will be inserted before the element(s) specified by this parameter.","type":"Selector|htmlString|Element|Array|jQuery"}]},"is":{"r":{"d":"","type":"Boolean"},"s":"Check the current matched set of elements against a selector, element, or jQuery object and return <code>true<\/code> if at least one of these elements matches the given arguments.","y":"Shows a few ways is() can be used inside an event handler.\n$( \"div\" ).one( \"click\", function() {\n  if ( $( this ).is( \":first-child\" ) ) {\n    $( \"p\" ).text( \"It's the first div.\" );\n  } else if ( $( this ).is( \".blue,.red\" ) ) {\n    $( \"p\" ).text( \"It's a blue or red div.\" );\n  } else if ( $( this ).is( \":contains('Peter')\" ) ) {\n    $( \"p\" ).text( \"It's Peter!\" );\n  } else {\n    $( \"p\" ).html( \"It's nothing <em>special<\/em>.\" );\n  }\n  $( \"p\" ).hide().slideDown( \"slow\" );\n  $( this ).css({\n    \"border-style\": \"inset\",\n    cursor: \"default\"\n  });\n});\n","p":[{"optional":false,"default":null,"t":"selector","d":"A string containing a selector expression to match elements against.","type":"Selector"}]},"jQuery":{"r":{"d":"","type":"jQuery"},"s":"Return a collection of matched elements either found in the DOM based on passed argument(s) or created by passing an HTML string.","y":"Find all p elements that are children of a div element and apply a border to them.\n$( \"div > p\" ).css( \"border\", \"1px solid gray\" );\n","p":[{"optional":false,"default":null,"t":"selector","d":"A string containing a selector expression","type":"Selector"},{"optional":true,"default":null,"t":"context","d":"A DOM Element, Document, or jQuery to use as context","type":"Element|jQuery"}]},"keydown":{"r":{"d":"","type":"jQuery"},"s":"Bind an event handler to the \"keydown\" JavaScript event, or trigger that event on an element.","y":"","p":[{"optional":false,"default":null,"t":"handler(eventObject)","d":"A function to execute each time the event is triggered.","type":"Function"}]},"keypress":{"r":{"d":"","type":"jQuery"},"s":"Bind an event handler to the \"keypress\" JavaScript event, or trigger that event on an element.","y":"","p":[{"optional":false,"default":null,"t":"handler(eventObject)","d":"A function to execute each time the event is triggered.","type":"Function"}]},"keyup":{"r":{"d":"","type":"jQuery"},"s":"Bind an event handler to the \"keyup\" JavaScript event, or trigger that event on an element.","y":"","p":[{"optional":false,"default":null,"t":"handler(eventObject)","d":"A function to execute each time the event is triggered.","type":"Function"}]},"last":{"r":{"d":"","type":"jQuery"},"s":"Reduce the set of matched elements to the final one in the set.","y":"","p":[{"optional":false,"default":null,"t":null,"d":"","type":""}]},"live":{"r":{"d":"","type":"jQuery"},"s":"Attach an event handler for all elements which match the current selector, now and in the future.","y":"Cancel a default action and prevent it from bubbling up by returning false.\n$( \"a\" ).live( \"click\", function() {\n  return false;\n});\n","p":[{"optional":false,"default":null,"t":"events","d":"A string containing a JavaScript event type, such as \"click\" or \"keydown.\" As of jQuery 1.4 the string can contain multiple, space-separated event types or custom event names.","type":"String"},{"optional":false,"default":null,"t":"handler(eventObject)","d":"A function to execute at the time the event is triggered.","type":"Function"}]},"load-event":{"r":{"d":"","type":"jQuery"},"s":"Bind an event handler to the \"load\" JavaScript event.","y":"Run a function when the page is fully loaded including graphics.\n$( window ).load(function() {\n  \/\/ Run code\n});\n","p":[{"optional":false,"default":null,"t":"handler(eventObject)","d":"A function to execute when the event is triggered.","type":"Function"}]},"load":{"r":{"d":"","type":"jQuery"},"s":"Load data from the server and place the returned HTML into the matched element.","y":"Load the main page's footer navigation into an ordered list.\n$( \"#new-nav\" ).load( \"\/ #jq-footerNavigation li\" );\n","p":[{"optional":false,"default":null,"t":"url","d":"A string containing the URL to which the request is sent.","type":"String"},{"optional":true,"default":null,"t":"data","d":"A plain object or string that is sent to the server with the request.","type":"PlainObject|String"},{"optional":true,"default":null,"t":"complete(responseText, textStatus, XMLHttpRequest)","d":"A callback function that is executed when the request completes.","type":"Function"}]},"map":{"r":{"d":"","type":"jQuery"},"s":"Pass each element in the current matched set through a function, producing a new jQuery object containing the return values.","y":"Build a list of all the values within a form.\n$( \"p\" )\n  .append( $( \"input\" ).map(function() {\n    return $( this ).val();\n  })\n  .get()\n  .join( \", \" ) );\n","p":[{"optional":false,"default":null,"t":"callback(index, domElement)","d":"A function object that will be invoked for each element in the current set.","type":"Function"}]},"mousedown":{"r":{"d":"","type":"jQuery"},"s":"Bind an event handler to the \"mousedown\" JavaScript event, or trigger that event on an element.","y":"","p":[{"optional":false,"default":null,"t":"handler(eventObject)","d":"A function to execute each time the event is triggered.","type":"Function"}]},"mouseenter":{"r":{"d":"","type":"jQuery"},"s":"Bind an event handler to be fired when the mouse enters an element, or trigger that handler on an element.","y":"","p":[{"optional":false,"default":null,"t":"handler(eventObject)","d":"A function to execute each time the event is triggered.","type":"Function"}]},"mouseleave":{"r":{"d":"","type":"jQuery"},"s":"Bind an event handler to be fired when the mouse leaves an element, or trigger that handler on an element.","y":"","p":[{"optional":false,"default":null,"t":"handler(eventObject)","d":"A function to execute each time the event is triggered.","type":"Function"}]},"mousemove":{"r":{"d":"","type":"jQuery"},"s":"Bind an event handler to the \"mousemove\" JavaScript event, or trigger that event on an element.","y":"","p":[{"optional":false,"default":null,"t":"handler(eventObject)","d":"A function to execute each time the event is triggered.","type":"Function"}]},"mouseout":{"r":{"d":"","type":"jQuery"},"s":"Bind an event handler to the \"mouseout\" JavaScript event, or trigger that event on an element.","y":"","p":[{"optional":false,"default":null,"t":"handler(eventObject)","d":"A function to execute each time the event is triggered.","type":"Function"}]},"mouseover":{"r":{"d":"","type":"jQuery"},"s":"Bind an event handler to the \"mouseover\" JavaScript event, or trigger that event on an element.","y":"","p":[{"optional":false,"default":null,"t":"handler(eventObject)","d":"A function to execute each time the event is triggered.","type":"Function"}]},"mouseup":{"r":{"d":"","type":"jQuery"},"s":"Bind an event handler to the \"mouseup\" JavaScript event, or trigger that event on an element.","y":"","p":[{"optional":false,"default":null,"t":"handler(eventObject)","d":"A function to execute each time the event is triggered.","type":"Function"}]},"next":{"r":{"d":"","type":"jQuery"},"s":"Get the immediately following sibling of each element in the set of matched elements. If a selector is provided, it retrieves the next sibling only if it matches that selector.","y":"Find the very next sibling of each disabled button and change its text \"this button is disabled\".\n$( \"button[disabled]\" ).next().text( \"this button is disabled\" );\n","p":[{"optional":true,"default":null,"t":"selector","d":"A string containing a selector expression to match elements against.","type":"Selector"}]},"nextAll":{"r":{"d":"","type":"jQuery"},"s":"Get all following siblings of each element in the set of matched elements, optionally filtered by a selector.","y":"Locate all the divs after the first and give them a class.\n$( \"div:first\" ).nextAll().addClass( \"after\" );\n","p":[{"optional":true,"default":null,"t":"selector","d":"A string containing a selector expression to match elements against.","type":"String"}]},"nextUntil":{"r":{"d":"","type":"jQuery"},"s":"Get all following siblings of each element up to but not including the element matched by the selector, DOM node, or jQuery object passed.","y":"","p":[{"optional":true,"default":null,"t":"selector","d":"A string containing a selector expression to indicate where to stop matching following sibling elements.","type":"Selector"},{"optional":true,"default":null,"t":"filter","d":"A string containing a selector expression to match elements against.","type":"Selector"}]},"not":{"r":{"d":"","type":"jQuery"},"s":"Remove elements from the set of matched elements.","y":"Adds a border to divs that are not green or blue.\n$( \"div\" ).not( \".green, #blueone\" )\n  .css( \"border-color\", \"red\" );\n","p":[{"optional":false,"default":null,"t":"selector","d":"A string containing a selector expression to match elements against.","type":"Selector"}]},"off":{"r":{"d":"","type":"jQuery"},"s":"Remove an event handler.","y":"Add and remove event handlers on the colored button.\nfunction flash() {\n  $( \"div\" ).show().fadeOut( \"slow\" );\n}\n$( \"#bind\" ).click(function() {\n  $( \"body\" )\n    .on( \"click\", \"#theone\", flash )\n    .find( \"#theone\" )\n      .text( \"Can Click!\" );\n});\n$( \"#unbind\" ).click(function() {\n  $( \"body\" )\n    .off( \"click\", \"#theone\", flash )\n    .find( \"#theone\" )\n      .text( \"Does nothing...\" );\n});\n","p":[{"optional":false,"default":null,"t":"events","d":"One or more space-separated event types and optional namespaces, or just namespaces, such as \"click\", \"keydown.myPlugin\", or \".myPlugin\".","type":"String"},{"optional":true,"default":null,"t":"selector","d":"A selector which should match the one originally passed to <code>.on()<\/code> when attaching event handlers.","type":"String"},{"optional":true,"default":null,"t":"handler(eventObject)","d":"A handler function previously attached for the event(s), or the special value <code>false<\/code>.","type":"Function"}]},"offset":{"r":{"d":"","type":"Object"},"s":"Get the current coordinates of the first element, or set the coordinates of every element, in the set of matched elements, relative to the document.","y":"Access the offset of the second paragraph:\nvar p = $( \"p:last\" );\nvar offset = p.offset();\np.html( \"left: \" + offset.left + \", top: \" + offset.top );\n","p":[{"optional":false,"default":null,"t":null,"d":"","type":""}]},"offsetParent":{"r":{"d":"","type":"jQuery"},"s":"Get the closest ancestor element that is positioned.","y":"","p":[{"optional":false,"default":null,"t":null,"d":"","type":""}]},"on":{"r":{"d":"","type":"jQuery"},"s":"Attach an event handler function for one or more events to the selected elements.","y":"Display a paragraph's text in an alert when it is clicked:\n$( \"p\" ).on( \"click\", function() {\n  alert( $( this ).text() );\n});\n","p":[{"optional":false,"default":null,"t":"events","d":"One or more space-separated event types and optional namespaces, such as \"click\" or \"keydown.myPlugin\".","type":"String"},{"optional":true,"default":null,"t":"selector","d":"A selector string to filter the descendants of the selected elements that trigger the event. If the selector is <code>null<\/code> or omitted, the event is always triggered when it reaches the selected element.","type":"String"},{"optional":true,"default":null,"t":"data","d":"Data to be passed to the handler in <ahref=\"\/event.data\/\"><code>event.data<\/code><\/a> when an event is triggered.","type":"Anything"},{"optional":false,"default":null,"t":"handler(eventObject)","d":"A function to execute when the event is triggered. The value <code>false<\/code> is also allowed as a shorthand for a function that simply does <code>return false<\/code>.","type":"Function"}]},"one":{"r":{"d":"","type":"jQuery"},"s":"Attach a handler to an event for the elements. The handler is executed at most once per element per event type.","y":"Tie a one-time click to each div.\nvar n = 0;\n$( \"div\" ).one( \"click\", function() {\n  var index = $( \"div\" ).index( this );\n  $( this ).css({\n    borderStyle: \"inset\",\n    cursor: \"auto\"\n  });\n  $( \"p\" ).text( \"Div at index #\" + index + \" clicked.\" +\n    \" That's \" + (++n) + \" total clicks.\" );\n});\n","p":[{"optional":false,"default":null,"t":"events","d":"A string containing one or more JavaScript event types, such as \"click\" or \"submit,\" or custom event names.","type":"String"},{"optional":true,"default":null,"t":"data","d":"An object containing data that will be passed to the event handler.","type":"PlainObject"},{"optional":false,"default":null,"t":"handler(eventObject)","d":"A function to execute at the time the event is triggered.","type":"Function"}]},"outerHeight":{"r":{"d":"","type":"Number"},"s":"Get the current computed height for the first element in the set of matched elements, including padding, border, and optionally margin. Returns a number (without \"px\") representation of the value or null if called on an empty set of elements.","y":"","p":[{"optional":true,"default":null,"t":"includeMargin","d":"A Boolean indicating whether to include the element's margin in the calculation.","type":"Boolean"}]},"outerWidth":{"r":{"d":"","type":"Number"},"s":"Get the current computed width for the first element in the set of matched elements, including padding and border.","y":"","p":[{"optional":true,"default":null,"t":"includeMargin","d":"A Boolean indicating whether to include the element's margin in the calculation.","type":"Boolean"}]},"parent":{"r":{"d":"","type":"jQuery"},"s":"Get the parent of each element in the current set of matched elements, optionally filtered by a selector.","y":"Shows the parent of each element as (parent > child).  Check the View Source to see the raw html.\n$( \"*\", document.body ).each(function() {\n  var parentTag = $( this ).parent().get( 0 ).tagName;\n  $( this ).prepend( document.createTextNode( parentTag + \" > \" ) );\n});\n","p":[{"optional":true,"default":null,"t":"selector","d":"A string containing a selector expression to match elements against.","type":"Selector"}]},"parents":{"r":{"d":"","type":"jQuery"},"s":"Get the ancestors of each element in the current set of matched elements, optionally filtered by a selector.","y":"Find all parent elements of each b.\nvar parentEls = $( \"b\" ).parents()\n  .map(function() {\n    return this.tagName;\n  })\n  .get()\n  .join( \", \" );\n$( \"b\" ).append( \"<strong>\" + parentEls + \"<\/strong>\" );\n","p":[{"optional":true,"default":null,"t":"selector","d":"A string containing a selector expression to match elements against.","type":"Selector"}]},"parentsUntil":{"r":{"d":"","type":"jQuery"},"s":"Get the ancestors of each element in the current set of matched elements, up to but not including the element matched by the selector, DOM node, or jQuery object.","y":"","p":[{"optional":true,"default":null,"t":"selector","d":"A string containing a selector expression to indicate where to stop matching ancestor elements.","type":"Selector"},{"optional":true,"default":null,"t":"filter","d":"A string containing a selector expression to match elements against.","type":"Selector"}]},"position":{"r":{"d":"","type":"Object"},"s":"Get the current coordinates of the first element in the set of matched elements, relative to the offset parent.","y":"","p":[{"optional":false,"default":null,"t":null,"d":"","type":""}]},"prepend":{"r":{"d":"","type":"jQuery"},"s":"Insert content, specified by the parameter, to the beginning of each element in the set of matched elements.","y":"Prepends some HTML to all paragraphs.\n$( \"p\" ).prepend( \"<b>Hello <\/b>\" );\n","p":[{"optional":false,"default":null,"t":"content","d":"DOM element, array of elements, HTML string, or jQuery object to insert at the beginning of each element in the set of matched elements.","type":"htmlString|Element|Array|jQuery"},{"optional":true,"default":null,"t":"content","d":"One or more additional DOM elements, arrays of elements, HTML strings, or jQuery objects to insert at the beginning of each element in the set of matched elements.","type":"htmlString|Element|Array|jQuery"}]},"prependTo":{"r":{"d":"","type":"jQuery"},"s":"Insert every element in the set of matched elements to the beginning of the target.","y":"","p":[{"optional":false,"default":null,"t":"target","d":"A selector, element, HTML string, array of elements, or jQuery object; the matched set of elements will be inserted at the beginning of the element(s) specified by this parameter.","type":"Selector|htmlString|Element|Array|jQuery"}]},"prev":{"r":{"d":"","type":"jQuery"},"s":"Get the immediately preceding sibling of each element in the set of matched elements, optionally filtered by a selector.","y":"Find the very previous sibling of each div.\nvar $curr = $( \"#start\" );\n$curr.css( \"background\", \"#f99\" );\n$( \"button\" ).click(function() {\n  $curr = $curr.prev();\n  $( \"div\" ).css( \"background\", \"\" );\n  $curr.css( \"background\", \"#f99\" );\n});\n","p":[{"optional":true,"default":null,"t":"selector","d":"A string containing a selector expression to match elements against.","type":"Selector"}]},"prevAll":{"r":{"d":"","type":"jQuery"},"s":"Get all preceding siblings of each element in the set of matched elements, optionally filtered by a selector.","y":"","p":[{"optional":true,"default":null,"t":"selector","d":"A string containing a selector expression to match elements against.","type":"Selector"}]},"prevUntil":{"r":{"d":"","type":"jQuery"},"s":"Get all preceding siblings of each element up to but not including the element matched by the selector, DOM node, or jQuery object.","y":"","p":[{"optional":true,"default":null,"t":"selector","d":"A string containing a selector expression to indicate where to stop matching preceding sibling elements.","type":"Selector"},{"optional":true,"default":null,"t":"filter","d":"A string containing a selector expression to match elements against.","type":"Selector"}]},"promise":{"r":{"d":"","type":"Promise"},"s":" Return a Promise object to observe when all actions of a certain type bound to the collection, queued or not, have finished. ","y":"Using <code>.promise()<\/code> on a collection with no active animation returns a resolved Promise:\nvar div = $( \"<div>\" );\n\ndiv.promise().done(function( arg1 ) {\n  \/\/ Will fire right away and alert \"true\"\n  alert( this === div && arg1 === div );\n});\n","p":[{"optional":true,"default":"fx","t":"type","d":" The type of queue that needs to be observed. ","type":"String"},{"optional":true,"default":null,"t":"target","d":"Object onto which the promise methods have to be attached","type":"PlainObject"}]},"prop":{"r":{"d":"","type":[{"type":"String"},{"type":"Boolean"}]},"s":"Get the value of a property for the first element in the set of matched elements or set one or more properties for every matched element.","y":"","p":[{"optional":false,"default":null,"t":"propertyName","d":"The name of the property to get.","type":"String"}]},"pushStack":{"r":{"d":"","type":"jQuery"},"s":"Add a collection of DOM elements onto the jQuery stack.","y":"","p":[{"optional":false,"default":null,"t":"elements","d":"An array of elements to push onto the stack and make into a new jQuery object.","type":"Array"}]},"queue":{"r":{"d":"","type":"Array"},"s":"Show or manipulate the queue of functions to be executed on the matched elements.","y":"","p":[{"optional":true,"default":null,"t":"queueName","d":"A string containing the name of the queue. Defaults to <code>fx<\/code>, the standard effects queue.","type":"String"}]},"ready":{"r":{"d":"","type":"jQuery"},"s":"Specify a function to execute when the DOM is fully loaded.","y":"","p":[{"optional":false,"default":null,"t":"handler","d":"A function to execute after the DOM is ready.","type":"Function"}]},"remove":{"r":{"d":"","type":"jQuery"},"s":"Remove the set of matched elements from the DOM.","y":"Removes all paragraphs from the DOM\n$( \"button\" ).click(function() {\n  $( \"p\" ).remove();\n});\n","p":[{"optional":true,"default":null,"t":"selector","d":"A selector expression that filters the set of matched elements to be removed.","type":"String"}]},"removeAttr":{"r":{"d":"","type":"jQuery"},"s":"Remove an attribute from each element in the set of matched elements.","y":"","p":[{"optional":false,"default":null,"t":"attributeName","d":"An attribute to remove; as of version 1.7, it can be a space-separated list of attributes.","type":"String"}]},"removeClass":{"r":{"d":"","type":"jQuery"},"s":"Remove a single class, multiple classes, or all classes from each element in the set of matched elements.","y":"Remove the class 'blue' from the matched elements.\n$( \"p:even\" ).removeClass( \"blue\" );\n","p":[{"optional":true,"default":null,"t":"className","d":"One or more space-separated classes to be removed from the class attribute of each matched element.","type":"String"}]},"removeData":{"r":{"d":"","type":"jQuery"},"s":"Remove a previously-stored piece of data.","y":"","p":[{"optional":true,"default":null,"t":"name","d":"A string naming the piece of data to delete.","type":"String"}]},"removeProp":{"r":{"d":"","type":"jQuery"},"s":"Remove a property for the set of matched elements.","y":"","p":[{"optional":false,"default":null,"t":"propertyName","d":"The name of the property to remove.","type":"String"}]},"replaceAll":{"r":{"d":"","type":"jQuery"},"s":"Replace each target element with the set of matched elements.","y":"","p":[{"optional":false,"default":null,"t":"target","d":"A selector string, jQuery object, DOM element, or array of elements indicating which element(s) to replace.","type":"Selector|jQuery|Array|Element"}]},"replaceWith":{"r":{"d":"","type":"jQuery"},"s":"Replace each element in the set of matched elements with the provided new content and return the set of elements that was removed.","y":"On click, replace the button with a div containing the same word.\n$( \"button\" ).click(function() {\n  $( this ).replaceWith( \"<div>\" + $( this ).text() + \"<\/div>\" );\n});\n","p":[{"optional":false,"default":null,"t":"newContent","d":"The content to insert. May be an HTML string, DOM element, array of DOM elements, or jQuery object.","type":"htmlString|Element|Array|jQuery"}]},"resize":{"r":{"d":"","type":"jQuery"},"s":"Bind an event handler to the \"resize\" JavaScript event, or trigger that event on an element.","y":"","p":[{"optional":false,"default":null,"t":"handler(eventObject)","d":"A function to execute each time the event is triggered.","type":"Function"}]},"scroll":{"r":{"d":"","type":"jQuery"},"s":"Bind an event handler to the \"scroll\" JavaScript event, or trigger that event on an element.","y":"","p":[{"optional":false,"default":null,"t":"handler(eventObject)","d":"A function to execute each time the event is triggered.","type":"Function"}]},"scrollLeft":{"r":{"d":"","type":"Integer"},"s":"Get the current horizontal position of the scroll bar for the first element in the set of matched elements or set the horizontal position of the scroll bar for every matched element.","y":"","p":[{"optional":false,"default":null,"t":null,"d":"","type":""}]},"scrollTop":{"r":{"d":"","type":"Integer"},"s":"Get the current vertical position of the scroll bar for the first element in the set of matched elements or set the vertical position of the scroll bar for every matched element.","y":"","p":[{"optional":false,"default":null,"t":null,"d":"","type":""}]},"select":{"r":{"d":"","type":"jQuery"},"s":"Bind an event handler to the \"select\" JavaScript event, or trigger that event on an element.","y":"To do something when text in input boxes is selected:\n$( \":input\" ).select(function() {\n  $( \"div\" ).text( \"Something was selected\" ).show().fadeOut( 1000 );\n});\n","p":[{"optional":false,"default":null,"t":"handler(eventObject)","d":"A function to execute each time the event is triggered.","type":"Function"}]},"serialize":{"r":{"d":"","type":"String"},"s":"Encode a set of form elements as a string for submission.","y":"","p":[{"optional":false,"default":null,"t":null,"d":"","type":""}]},"serializeArray":{"r":{"d":"","type":"Array"},"s":"Encode a set of form elements as an array of names and values.","y":"","p":[{"optional":false,"default":null,"t":null,"d":"","type":""}]},"show":{"r":{"d":"","type":"jQuery"},"s":"Display the matched elements.","y":"Animates all hidden paragraphs to show slowly, completing the animation within 600 milliseconds.\n$( \"button\" ).click(function() {\n  $( \"p\" ).show( \"slow\" );\n});\n","p":[{"optional":false,"default":null,"t":null,"d":"","type":""}]},"siblings":{"r":{"d":"","type":"jQuery"},"s":"Get the siblings of each element in the set of matched elements, optionally filtered by a selector.","y":"Find the unique siblings of all yellow li elements in the 3 lists (including other yellow li elements if appropriate).\nvar len = $( \".hilite\" ).siblings()\n  .css( \"color\", \"red\" )\n  .length;\n$( \"b\" ).text( len );\n","p":[{"optional":true,"default":null,"t":"selector","d":"A string containing a selector expression to match elements against.","type":"Selector"}]},"size":{"r":{"d":"","type":"Integer"},"s":"Return the number of elements in the jQuery object.","y":"","p":[{"optional":false,"default":null,"t":null,"d":"","type":""}]},"slice":{"r":{"d":"","type":"jQuery"},"s":"Reduce the set of matched elements to a subset specified by a range of indices.","y":"Turns divs yellow based on a random slice.\nfunction colorEm() {\n  var $div = $( \"div\" );\n  var start = Math.floor( Math.random() * $div.length );\n  var end = Math.floor( Math.random() * ( $div.length - start ) ) +\n    start + 1;\n  if ( end === $div.length ) {\n    end = undefined;\n  }\n  $div.css( \"background\", \"\" );\n  if ( end ) {\n    $div.slice( start, end ).css( \"background\", \"yellow\" );\n  } else {\n    $div.slice( start ).css( \"background\", \"yellow\" );\n  }\n  $( \"span\" ).text( \"$( 'div' ).slice( \" + start +\n    (end ? \", \" + end : \"\") +\n    \").css( 'background', 'yellow' );\" );\n}\n\n$( \"button\" ).click( colorEm );\n","p":[{"optional":false,"default":null,"t":"start","d":"An integer indicating the 0-based position at which the elements begin to be selected. If negative, it indicates an offset from the end of the set.","type":"Integer"},{"optional":true,"default":null,"t":"end","d":"An integer indicating the 0-based position at which the elements stop being selected. If negative, it indicates an offset from the end of the set. If omitted, the range continues until the end of the set.","type":"Integer"}]},"slideDown":{"r":{"d":"","type":"jQuery"},"s":"Display the matched elements with a sliding motion.","y":"Animates all divs to slide down and show themselves over 600 milliseconds.\n$( document.body ).click(function () {\n  if ( $( \"div:first\" ).is( \":hidden\" ) ) {\n    $( \"div\" ).slideDown( \"slow\" );\n  } else {\n    $( \"div\" ).hide();\n  }\n});\n","p":[{"optional":true,"default":"400","t":"duration","d":"A string or number determining how long the animation will run.","type":"Number|String"},{"optional":true,"default":null,"t":"complete","d":"A function to call once the animation is complete.","type":"Function"}]},"slideToggle":{"r":{"d":"","type":"jQuery"},"s":"Display or hide the matched elements with a sliding motion.","y":"Animates all paragraphs to slide up or down, completing the animation within 600 milliseconds.\n$( \"button\" ).click(function() {\n  $( \"p\" ).slideToggle( \"slow\" );\n});\n","p":[{"optional":true,"default":"400","t":"duration","d":"A string or number determining how long the animation will run.","type":"Number|String"},{"optional":true,"default":null,"t":"complete","d":"A function to call once the animation is complete.","type":"Function"}]},"slideUp":{"r":{"d":"","type":"jQuery"},"s":"Hide the matched elements with a sliding motion.","y":"Animates all divs to slide up, completing the animation within 400 milliseconds.\n$( document.body ).click(function() {\n  if ( $( \"div:first\" ).is( \":hidden\" ) ) {\n    $( \"div\" ).show( \"slow\" );\n  } else {\n    $( \"div\" ).slideUp();\n  }\n});\n","p":[{"optional":true,"default":"400","t":"duration","d":"A string or number determining how long the animation will run.","type":"Number|String"},{"optional":true,"default":null,"t":"complete","d":"A function to call once the animation is complete.","type":"Function"}]},"stop":{"r":{"d":"","type":"jQuery"},"s":"Stop the currently-running animation on the matched elements.","y":"Click the Go button once to start the animation, then click the STOP button to stop it where it's currently positioned.  Another option is to click several buttons to queue them up and see that stop just kills the currently playing one.\n\/\/ Start animation\n$( \"#go\" ).click(function() {\n  $( \".block\" ).animate({ left: \"+=100px\" }, 2000 );\n});\n\n\/\/ Stop animation when button is clicked\n$( \"#stop\" ).click(function() {\n  $( \".block\" ).stop();\n});\n\n\/\/ Start animation in the opposite direction\n$( \"#back\" ).click(function() {\n  $( \".block\" ).animate({ left: \"-=100px\" }, 2000 );\n});\n","p":[{"optional":true,"default":null,"t":"clearQueue","d":"A Boolean indicating whether to remove queued animation as well. Defaults to <code>false<\/code>.","type":"Boolean"},{"optional":true,"default":null,"t":"jumpToEnd","d":"A Boolean indicating whether to complete the current animation immediately. Defaults to <code>false<\/code>.","type":"Boolean"}]},"submit":{"r":{"d":"","type":"jQuery"},"s":"Bind an event handler to the \"submit\" JavaScript event, or trigger that event on an element.","y":"If you'd like to prevent forms from being submitted unless a flag variable is set, try:\n$( \"form\" ).submit(function( event ) {\n  if ( $( \"input:first\" ).val() === \"correct\" ) {\n    $( \"span\" ).text( \"Validated...\" ).show();\n    return;\n  }\n\n  $( \"span\" ).text( \"Not valid!\" ).show().fadeOut( 1000 );\n  event.preventDefault();\n});\n","p":[{"optional":false,"default":null,"t":"handler(eventObject)","d":"A function to execute each time the event is triggered.","type":"Function"}]},"text":{"r":{"d":"","type":"String"},"s":"Get the combined text contents of each element in the set of matched elements, including their descendants, or set the text contents of the matched elements.","y":"","p":[{"optional":false,"default":null,"t":null,"d":"","type":""}]},"toArray":{"r":{"d":"","type":"Array"},"s":"Retrieve all the elements contained in the jQuery set, as an array.","y":"","p":[{"optional":false,"default":null,"t":null,"d":"","type":""}]},"toggle-event":{"r":{"d":"","type":"jQuery"},"s":"Bind two or more handlers to the matched elements, to be executed on alternate clicks.","y":"","p":[{"optional":false,"default":null,"t":"handler(eventObject)","d":"A function to execute every even time the element is clicked.","type":"Function"},{"optional":false,"default":null,"t":"handler(eventObject)","d":"A function to execute every odd time the element is clicked.","type":"Function"},{"optional":true,"default":null,"t":"handler(eventObject)","d":"Additional handlers to cycle through after clicks.","type":"Function"}]},"toggle":{"r":{"d":"","type":"jQuery"},"s":"Display or hide the matched elements.","y":"Toggles all paragraphs.\n$( \"button\" ).click(function() {\n  $( \"p\" ).toggle();\n});\n","p":[{"optional":true,"default":"400","t":"duration","d":"A string or number determining how long the animation will run.","type":"Number|String"},{"optional":true,"default":null,"t":"complete","d":"A function to call once the animation is complete.","type":"Function"}]},"toggleClass":{"r":{"d":"","type":"jQuery"},"s":"Add or remove one or more classes from each element in the set of matched elements, depending on either the class's presence or the value of the switch argument.","y":"Toggle the class 'highlight' when a paragraph is clicked.\n$( \"p\" ).click(function() {\n  $( this ).toggleClass( \"highlight\" );\n});\n","p":[{"optional":false,"default":null,"t":"className","d":"One or more class names (separated by spaces) to be toggled for each element in the matched set.","type":"String"}]},"trigger":{"r":{"d":"","type":"jQuery"},"s":"Execute all handlers and behaviors attached to the matched elements for the given event type.","y":"Clicks to button #2 also trigger a click for button #1.\n$( \"button:first\" ).click(function() {\n  update( $( \"span:first\" ) );\n});\n\n$( \"button:last\" ).click(function() {\n  $( \"button:first\" ).trigger( \"click\" );\n  update( $( \"span:last\" ) );\n});\n\nfunction update( j ) {\n  var n = parseInt( j.text(), 10 );\n  j.text( n + 1 );\n}\n","p":[{"optional":false,"default":null,"t":"eventType","d":"A string containing a JavaScript event type, such as <code>click<\/code> or <code>submit<\/code>.","type":"String"},{"optional":true,"default":null,"t":"extraParameters","d":"Additional parameters to pass along to the event handler.","type":"Array|PlainObject"}]},"triggerHandler":{"r":{"d":"","type":"Object"},"s":"Execute all handlers attached to an element for an event.","y":"","p":[{"optional":false,"default":null,"t":"eventType","d":"A string containing a JavaScript event type, such as <code>click<\/code> or <code>submit<\/code>.","type":"String"},{"optional":true,"default":null,"t":"extraParameters","d":"An array of additional parameters to pass along to the event handler.","type":"Array"}]},"unbind":{"r":{"d":"","type":"jQuery"},"s":"Remove a previously-attached event handler from the elements.","y":"Can bind and unbind events to the colored button.\nfunction aClick() {\n  $( \"div\" ).show().fadeOut( \"slow\" );\n}\n$( \"#bind\" ).click(function() {\n  $( \"#theone\" )\n    .bind( \"click\", aClick )\n    .text( \"Can Click!\" );\n});\n$( \"#unbind\" ).click(function() {\n  $( \"#theone\" )\n    .unbind( \"click\", aClick )\n    .text( \"Does nothing...\" );\n});\n","p":[{"optional":false,"default":null,"t":"eventType","d":"A string containing a JavaScript event type, such as <code>click<\/code> or <code>submit<\/code>.","type":"String"},{"optional":true,"default":null,"t":"handler(eventObject)","d":"The function that is to be no longer executed.","type":"Function"}]},"undelegate":{"r":{"d":"","type":"jQuery"},"s":"Remove a handler from the event for all elements which match the current selector, based upon a specific set of root elements.","y":"Can bind and unbind events to the colored button.\nfunction aClick() {\n  $( \"div\" ).show().fadeOut( \"slow\" );\n}\n$( \"#bind\" ).click(function() {\n  $( \"body\" )\n    .delegate( \"#theone\", \"click\", aClick )\n    .find( \"#theone\" ).text( \"Can Click!\" );\n});\n$( \"#unbind\" ).click(function() {\n  $( \"body\" )\n    .undelegate( \"#theone\", \"click\", aClick )\n    .find( \"#theone\" ).text( \"Does nothing...\" );\n});\n","p":[{"optional":false,"default":null,"t":null,"d":"","type":""}]},"unload":{"r":{"d":"","type":"jQuery"},"s":"Bind an event handler to the \"unload\" JavaScript event.","y":"","p":[{"optional":false,"default":null,"t":"handler(eventObject)","d":"A function to execute when the event is triggered.","type":"Function"}]},"unwrap":{"r":{"d":"","type":"jQuery"},"s":"Remove the parents of the set of matched elements from the DOM, leaving the matched elements in their place.","y":"","p":[{"optional":false,"default":null,"t":null,"d":"","type":""}]},"val":{"r":{"d":"","type":[{"type":"String"},{"type":"Number"},{"type":"Array"}]},"s":"Get the current value of the first element in the set of matched elements or set the value of every matched element.","y":"Get the single value from a single select and an array of values from a multiple select and display their values.\nfunction displayVals() {\n  var singleValues = $( \"#single\" ).val();\n  var multipleValues = $( \"#multiple\" ).val() || [];\n  $( \"p\" ).html( \"<b>Single:<\/b> \" + singleValues +\n    \" <b>Multiple:<\/b> \" + multipleValues.join( \", \" ) );\n}\n\n$( \"select\" ).change( displayVals );\ndisplayVals();\n","p":[{"optional":false,"default":null,"t":null,"d":"","type":""}]},"width":{"r":{"d":"","type":"Number"},"s":"Get the current computed width for the first element in the set of matched elements or set the width of every matched element.","y":"","p":[{"optional":false,"default":null,"t":null,"d":"","type":""}]},"wrap":{"r":{"d":"","type":"jQuery"},"s":"Wrap an HTML structure around each element in the set of matched elements.","y":"Wrap a new div around all of the paragraphs.\n$( \"p\" ).wrap( \"<div><\/div>\" );\n","p":[{"optional":false,"default":null,"t":"wrappingElement","d":"A selector, element, HTML string, or jQuery object specifying the structure to wrap around the matched elements.","type":"Selector|htmlString|Element|jQuery"}]},"wrapAll":{"r":{"d":"","type":"jQuery"},"s":"Wrap an HTML structure around all elements in the set of matched elements.","y":"Wrap a new div around all of the paragraphs.\n$( \"p\" ).wrapAll( \"<div><\/div>\" );\n","p":[{"optional":false,"default":null,"t":"wrappingElement","d":"A selector, element, HTML string, or jQuery object specifying the structure to wrap around the matched elements.","type":"Selector|htmlString|Element|jQuery"}]},"wrapInner":{"r":{"d":"","type":"jQuery"},"s":"Wrap an HTML structure around the content of each element in the set of matched elements.","y":"Selects all paragraphs and wraps a bold tag around each of its contents.\n$( \"p\" ).wrapInner( \"<b><\/b>\" );\n","p":[{"optional":false,"default":null,"t":"wrappingElement","d":"An HTML snippet, selector expression, jQuery object, or DOM element specifying the structure to wrap around the content of the matched elements.","type":"String"}]}}
