{
    "tags"      : {
        "allowUnknownTags" : true
    },
    "plugins"   : ["plugins/markdown"],
    "templates" : {
        "cleverLinks"     : false,
        "monospaceLinks"  : false,
        "default"         : {
            "outputSourceFiles" : true
        },
        "systemName"      : "brackets-cardboard",
        "footer"          : "",
        "copyright"       : "Copyright © Kyle Hornberg 2014",
        "navType"         : "vertical",
        "theme"           : "readable",
        "linenums"        : true,
        "collapseSymbols" : false,
        "inverseNav"      : true
    },
    "markdown"  : {
        "parser"   : "gfm",
        "hardwrap" : true
    }
}
