[
    {
        "name": "Scala",
        "run": "scala $FILE",
        "compile": "scalac $FILE",
        "runCompiled": "scala $BASE_FILE"
    },
    {
        "name": "Java",
        "compile": "javac $FILE",
        "runCompiled": "java $BASE_FILE"
    },
    {
        "name": "Python",
        "run": "python $FILE"
    },
    {
        "name": "JavaScript",
        "run": "node $FILE"
    },
    {
        "name": "Ruby",
        "run": "ruby $FILE"
    },
    {
        "name": "Golang",
        "run": "go build"
    }
]
