{
    "a":          { "attributes": ["href", "hreflang", "media", "rel", "target", "type","th:href","th:hreflang","th:rel","th:target"] },
    "abbr":       { "attributes": ["th:abbr"] },
    "acronym":    { "attributes": [] },
    "address":    { "attributes": [] },
    "area":       { "attributes": ["alt", "coords", "href", "hreflang", "media", "rel", "shape", "target", "type","th:alt","th:hreflang","th:rel","th:target"] },
    "article":    { "attributes": [] },
    "aside":      { "attributes": [] },
    "audio":      { "attributes": ["autoplay", "buffered", "controls", "loop", "mediagroup", "muted", "played", "preload", "src","th:preload","th:autoplay","th:controls","th:loop"] },
    "b":          { "attributes": [] },
    "base":       { "attributes": ["href", "target","th:target"] },
    "bdi":        { "attributes": [] },
    "bdo":        { "attributes": [] },
    "big":        { "attributes": [] },
    "blockquote": { "attributes": ["cite","th:cite"] },
    "body":       { "attributes": ["onafterprint", "onbeforeprint", "onbeforeunload", "onhashchange", "onmessage", "onoffline", "ononline",
                                   "onpagehide", "onpageshow", "onpopstate", "onredo", "onresize", "onstorage", "onundo", "onunload"] },
    "br":         { "attributes": [] },
    "button":     { "attributes": ["autofocus", "disabled", "form", "formaction", "formenctype", "formmethod", "formnovalidate", "formtarget", "name", "type", "value","th:field","th:formaction","th:formenctype","th:autofocus","th:formnovalidate"] },
    "canvas":     { "attributes": ["height", "width","th:height","th:width"] },
    "caption":    { "attributes": [] },
    "center":     { "attributes": [] },
    "cite":       { "attributes": [] },
    "code":       { "attributes": [] },
    "col":        { "attributes": ["span","th:span"] },
    "colgroup":   { "attributes": ["span","th:span"] },
    "command":    { "attributes": ["checked", "disabled", "icon", "label", "radiogroup", "type","th:icon","th:radiogroup"] },
    "content":    { "attributes": [] },
    "datalist":   { "attributes": [] },
    "dd":         { "attributes": [] },
    "del":        { "attributes": ["cite", "datetime","th:cite","th:datetime"] },
    "details":    { "attributes": ["open","th:open"] },
    "dfn":        { "attributes": [] },
    "dialog":     { "attributes": ["open","th:open"] },
    "div":        { "attributes": ["draggable","th:draggable","dropzone","th:dropzone"] },
    "dl":         { "attributes": [] },
    "dt":         { "attributes": [] },
    "em":         { "attributes": [] },
    "embed":      { "attributes": ["height", "src", "type", "width","th:width"] },
    "fieldset":   { "attributes": ["disabled", "form", "name"] },
    "figcaption": { "attributes": [] },
    "figure":     { "attributes": [] },
    "footer":     { "attributes": [] },
    "form":       { "attributes": ["accept-charset", "action", "autocomplete", "enctype", "method", "name", "novalidate", "target","th:accept-charset","th:action","th:autocomplete","th:enctype","th:formmethod","th:formtarget","th:method","th:target"] },
    "frame":      { "attributes": ["frameborder", "name", "scrolling", "src","th:frameborder","th:scrolling","th:novalidate"] },
    "frameset":   { "attributes": ["rows","th:rows"] },
    "h1":         { "attributes": [] },
    "h2":         { "attributes": [] },
    "h3":         { "attributes": [] },
    "h4":         { "attributes": [] },
    "h5":         { "attributes": [] },
    "h6":         { "attributes": [] },
    "head":       { "attributes": [] },
    "header":     { "attributes": [] },
    "hgroup":     { "attributes": [] },
    "hr":         { "attributes": [] },
    "html":       { "attributes": ["manifest", "xml:lang", "xmlns","xmlns:th","th:lang", "th:manifest"] },
    "i":          { "attributes": [] },
    "iframe":     { "attributes": ["frameborder", "height", "name", "sandbox", "scrolling", "seamless", "src", "srcdoc", "width","marginheight","marginwidth","th:frameborder","th:marginheight","th:marginwidth","th:scrolling","th:width","th:seamless"] },
    "ilayer":     { "attributes": [] },
    "img":        { "attributes": ["alt", "height", "ismap", "longdesc", "sizes", "src", "srcset", "usemap", "width","th:alt","draggable","th:draggable","dropzone","th:dropzone","th:longdesc","th:sizes","th:usemap","th:width","th:ismap"] },
    "input":      { "attributes": ["accept", "alt", "autocomplete", "autocorrect", "autofocus", "checked", "dirname", "disabled", "form", "formaction", "formenctype", "formmethod","formnovalidate", "formtarget", "height", "inputmode", "list", "max", "maxlength", "min", "minlength", "multiple", "name", "pattern", "placeholder", "readonly","required", "size", "src", "step", "type", "value", "width","th:accept","th:checked","th:field","th:readonly","th:alt","th:autocomplete","th:formaction","th:formenctype","th:list","th:maxlength","th:min","th:pattern","th:placeholder","th:size","th:step","th:width","th:autofocus","th:disabled","th:formnovalidate","th:multiple","th:required"] },
    "ins":        { "attributes": ["cite", "datetime", "th:cite","th:sandbox"] },
    "kbd":        { "attributes": [] },
    "keygen":     { "attributes": ["autofocus", "challenge", "disabled", "form", "keytype", "name","th:challenge","th:keytype","th:autofocus","th:disabled"] },
    "label":      { "attributes": ["for", "form","th:for"] },
    "legend":     { "attributes": [] },
    "li":         { "attributes": ["value","th:remove"] },
    "link":       { "attributes": ["disabled", "href", "hreflang", "media", "rel", "sizes", "type","th:href","th:hreflang","th:rel","th:disabled"] },
    "main":       { "attributes": [] },
    "map":        { "attributes": ["name"] },
    "mark":       { "attributes": [] },
    "marquee":    { "attributes": ["align", "behavior", "bgcolor", "direction", "height", "hspace", "loop", "scrollamount", "scrolldelay", "truespeed", "vspace", "width","th:hspace","th:vspace","th:width","th:loop"] },
    "menu":       { "attributes": ["label", "type"] },
    "meta":       { "attributes": ["charset", "content", "http-equiv", "name", "property","th:charset","th:content","th:http-equiv"] },
    "meter":      { "attributes": ["form", "high", "low", "max", "min", "optimum", "value","th:high","th:low","th:min","th:optimum"] },
    "nav":        { "attributes": [] },
    "noscript":   { "attributes": [] },
    "object":     { "attributes": ["archive", "codebase", "codetype", "data", "declare", "form", "height", "name", "standby", "type", "usemap", "width","th:archive","th:codebase","th:codetype","th:data","th:standby","th:width","th:declare"] },
    "ol":         { "attributes": ["reversed", "start", "type","th:remove","th:start","th:reversed"] },
    "optgroup":   { "attributes": ["disabled", "label","th:disabled"] },
    "option":     { "attributes": ["disabled", "label", "selected", "value","th:disabled","th:selected"] },
    "output":     { "attributes": ["for", "form", "name","th:for"] },
    "p":          { "attributes": ["draggable","th:draggable","dropzone","th:dropzone"] },
    "param":      { "attributes": ["name", "value"] },
    "picture":    { "attributes": [] },
    "pre":        { "attributes": [] },
    "progress":   { "attributes": ["form", "max", "value"] },
    "q":          { "attributes": ["cite", "th:cite"] },
    "rp":         { "attributes": [] },
    "rt":         { "attributes": [] },
    "ruby":       { "attributes": [] },
    "samp":       { "attributes": [] },
    "script":     { "attributes": ["async", "charset", "defer", "src", "type","th:charset","th:src","th:inline","th:async","th:defer"] },
    "section":    { "attributes": [] },
    "select":     { "attributes": ["autofocus", "disabled", "form", "multiple", "name", "required", "size","th:field","th:size","th:autofocus","th:disabled","th:multiple","th:required"] },
    "small":      { "attributes": [] },
    "source":     { "attributes": ["media", "sizes", "src", "type", "srcset","th:sizes"] },
    "span":       { "attributes": [] },
    "strong":     { "attributes": [] },
    "style":      { "attributes": ["disabled", "media", "scoped", "type","th:disabled","th:scoped"] },
    "sub":        { "attributes": [] },
    "summary":    { "attributes": [] },
    "sup":        { "attributes": [] },
    "table":      { "attributes": ["border", "cellpadding", "cellspacing", "height", "width","rules","th:cellpadding","th:cellspacing","th:rules","th:width"] },
    "tbody":      { "attributes": [] },
    "td":         { "attributes": ["colspan", "headers", "rowspan","th:axis","th:text","th:colspan","th:headers","th:rowspan"] },
    "template":   { "attributes": [] },
    "textarea":   { "attributes": ["autocomplete", "autofocus", "cols", "dirname", "disabled", "form", "label", "maxlength", "name", "placeholder", "readonly", "required", "rows", "wrap","th:autocomplete","th:cols","th:maxlength","th:placeholder","th:rows","th:wrap","th:autofocus","th:disabled","th:required"] },
    "tfoot":      { "attributes": [] },
    "th":         { "attributes": ["colspan", "headers", "rowspan", "scope","th:axis","th:text","th:colspan","th:headers","th:rowspan","th:scope"] },
    "thead":      { "attributes": [] },
    "time":       { "attributes": ["datetime", "pubdate","th:datetime","th:pubdate"] },
    "title":      { "attributes": [] },
    "tr":         { "attributes": ["th:each"] },
    "track":      { "attributes": ["default", "kind", "label", "src", "srclang","th:kind","th:srclang","th:default"] },
    "tt":         { "attributes": [] },
    "ul":         { "attributes": ["th:remove","th:compact"] },
    "var":        { "attributes": [] },
    "video":      { "attributes": ["autoplay", "buffered", "controls", "crossorigin", "height", "loop", "mediagroup", "muted", "played", "poster", "preload", "src", "width","th:poster","th:preload","th:width","th:autoplay","th:controls","th:loop"] },
    "wbr":        { "attributes": [] }
}
