{
    "paths": {
        "underscore": "node_modules/backbone/node_modules/underscore/underscore",
        "backbone": "node_modules/backbone/backbone",
        "BaseView": "utils/BaseView",
        "parsley": "node_modules/parsleyjs/dist/parsley",
        "underscore.string": "node_modules/underscore.string/dist/underscore.string.min",
        "select2": "node_modules/select2-browserify/select2/select2",
        "socketIO": "node_modules/socket.io/node_modules/socket.io-client/socket.io"
    },

    "shim": {
        "underscore": {
            "exports": "_"
        },
        "backbone": {
            "deps": ["underscore"],
            "exports": "Backbone"
        },
        "BaseView": {
            "deps": ["backbone"],
            "exports": "BaseView"
        },
        "parsley": {
            "exports": "parsley"
        },
        "underscore.string": {
            "deps": ["underscore"],
            "exports": "underscore.string"
        },
        "select2": {
            "exports": "select2"
        },
        "socketIO": {
            "exports": "socketIO"
        }
    }
}
