{
    "tags": {
        "abstract": "@abstract",
        "access": "@access [[Access<private|protected|public>]]",
        "alias": "@alias [[Link]]",
        "augments": "@augments [[Link]]",
        "author": "@author [[Author]]",
        "borrows": "@borrows [[Property]] as [[Property]]",
        "callback": "@callback [[callLink]]",
        "class": "@class",
        "classdesc": "@classdesc [[Description]]",
        "constant": "@constant {[[Type]]} [[Description]]",
        "constructs": "@constructs [[Link]]",
        "copyright": "@copyright [[Description]]",
        "createDate": "@createDate [[Date]]",
        "default": "@default [[Description]]",
        "deprecated": "@deprecated [[Description]]",
        "description": "@description [[Description]]",
        "enum": "@enum {[[Type]]}",
        "event": "@event [[Link]]#[[Description]]",
        "example": "@example [[Description]]",
        "exports": "@exports [[Descriptions]]",
        "external": "@external [[Description]]",
        "file": "@file [[Description]]",
        "fires": "@fires [[Link]]#[[Description]]",
        "function": "@function [[Description]]",
        "global": "@global",
        "ignore": "@ignore",
        "inheritdoc": "@inheritdoc",
        "inner": "@inner",
        "instance": "@instance",
        "lastmodifiedBy": "@lastmodifiedBy [[Name]]",
        "lastmodifiedDate": "@lastmodifiedDate [[Date]]",
        "lends": "@lends [[Link]]",
        "license": "@license [[License]]",
        "link": "{@link [[Link]] [[Description]]}",
        "listens": "@listens [[Description]]",
        "member": "@member {[[Type]]} [[Description]]",
        "memberof": "@memberof [[Link]]",
        "mixes": "@mixes [[Link]]",
        "mixin": "@mixin [[Description]]",
        "module": "@module {[[Type]]} [[Description]]",
        "name": "@name [[Description]]",
        "namespace": "@namespace [[Description]]",
        "override": "@override",
        "param": "@param {[[Type]]} [[Description]]",
        "private": "@private",
        "property": "@property {[[Type]]} [[Description]]",
        "protected": "@protected",
        "public": "@public",
        "readonly": "@readonly",
        "requires": "@requires [[Description]]",
        "returns": "@returns {[[Type]]} [[Description]]",
        "return": "@return {[[Type]]} [[Description]]",
        "see": "@see [[Description]]",
        "since": "@since [[Description]]",
        "static": "@static",
        "summary": "@summary [[Description]]",
        "this": "@this [[Link]]",
        "todo": "@todo [[Description]]",
        "throws": "@throws {[[Extype]]} [[Description]]",
        "tutorial": "@tutorial [[Description]]",
        "type": "@type {[[Type]]}",
        "typedef": "@typedef {[[Type]]} [[Description]]",
        "variation": "@variation [[Description]]",
        "version": "@version [[Description]]"
    },
    "types": {
        "number": "number",
        "string": "string",
        "boolean": "boolean",
        "array": "Array",
        "object": "object",
        "regexp": "RegExp",
        "function": "function"
    }
}
