{
"functions":[
{"label":"capabilities","value":"$capabilities = array('mod/MYPLUGIN:MYCAPABILITY' => array('riskbitmask' => RISK_SPAM, 'captype' => 'write', 'contextlevel' =>CONTEXT_MODULE, 'archetypes' => array('editingteacher' => CAP_ALLOW)))"},
{"label":"context_system","value":"context_system::instance()"},
{"label":"context_user","value":"context_user::instance($user->id)"},
{"label":"context_coursecat","value":"context_coursecat::instance($category->id)"},
{"label":"context_course","value":"context_course::instance($course->id)"},
{"label":"context_module","value":"context_module::instance($cm->id)"},
{"label":"context","value":"context::instance_by_id($contextid)"},
{"label":"get_context_instance","value":"get_context_instance($contextlevel, $instance = 0, $strictness = IGNORE_MISSING)"},
{"label":"get_context_instance_by_id","value":"get_context_instance_by_id($id, $strictness = IGNORE_MISSING)"},
{"label":"has_capability","value":"has_capability($capability, context $context, $user = null, $doanything = true)"},
{"label":"require_capability","value":"require_capability($capability, context $context, $userid = null, $doanything = true, $errormessage = 'nopermissions', $stringfile = '')"},
{"label":"require_login","value":"require_login($courseorid = NULL, $autologinguest = true, $cm = NULL, $setwantsurltome = true, $preventredirect = false)"},
{"label":"require_course_login","value":"require_course_login($courseorid, $autologinguest = true, $cm = NULL, $setwantsurltome = true, $preventredirect = false)"},
{"label":"get_users_by_capability","value":"get_users_by_capability(context $context, $capability, $fields = '', $sort = '', $limitfrom = '', $limitnum = '', $groups = '', $exceptions = '', $doanything_ignored = null, $view_ignored = null, $useviewallgroups = false)"},
{"label":"isguestuser","value":"isguestuser($user = null)"},
{"label":"isloggedin","value":"isloggedin()"},
{"label":"is_siteadmin","value":"is_siteadmin($user_or_id = null)"},
{"label":"is_guest","value":"is_guest(context $context, $user = null)"},
{"label":"is_viewing","value":"is_viewing(context $context, $user = null, $withcapability = '')"},
{"label":"get_manager","value":"$DB->get_manager()"},
{"label":"get_record","value":"$DB->get_record($table, array $conditions, $fields='*', $strictness=IGNORE_MISSING)"},
{"label":"get_record_select","value":"$DB->get_record_select($table, $select, array $params=null, $fields='*', $strictness=IGNORE_MISSING)"},
{"label":"get_record_sql","value":"$DB->get_record_sql($sql, array $params=null, $strictness=IGNORE_MISSING)"},
{"label":"get_records","value":"$DB->get_records($table, array $conditions=null, $sort='', $fields='*', $limitfrom=0, $limitnum=0)"},
{"label":"get_records_select","value":"$DB->get_records_select($table, $select, array $params=null, $sort='', $fields='*', $limitfrom=0, $limitnum=0)"},
{"label":"get_records_sql","value":"$DB->get_records_sql($sql, array $params=null, $limitfrom=0, $limitnum=0)"},
{"label":"get_records_list","value":"$DB->get_records_list($table, $field, array $values, $sort='', $fields='*', $limitfrom='', $limitnum='')"},
{"label":"get_records_menu","value":"$DB->get_records_menu($table, array $conditions=null, $sort='', $fields='*', $limitfrom=0, $limitnum=0)"},
{"label":"get_records_select_menu","value":"$DB->get_records_select_menu($table, $select, array $params=null, $sort='', $fields='*', $limitfrom=0, $limitnum=0)"},
{"label":"get_records_sql_menu","value":"$DB->get_records_sql_menu($sql, array $params=null, $limitfrom=0, $limitnum=0)"},
{"label":"count_records","value":"$DB->count_records($table, array $conditions=null) "},
{"label":"count_records_select","value":"$DB->count_records_select($table, $select, array $params=null, $countitem='COUNT(x)')"},
{"label":"count_records_sql","value":"$DB->count_records_sql($sql, array $params=null) "},
{"label":"record_exists","value":"$DB->record_exists($table, array $conditions=null)"},
{"label":"record_exists_select","value":"$DB->record_exists_select($table, $select, array $params=null)"},
{"label":"record_exists_sql","value":"$DB->record_exists_sql($sql, array $params=null)"},
{"label":"get_field","value":"$DB->get_field($table, $return, array $conditions, $strictness=IGNORE_MISSING)"},
{"label":"get_field_select","value":"$DB->get_field_select($table, $return, $select, array $params=null, $strictness=IGNORE_MISSING)"},
{"label":"get_field_sql","value":"$DB->get_field_sql($sql, array $params=null, $strictness=IGNORE_MISSING)"},
{"label":"get_fieldset_select","value":"$DB->get_fieldset_select($table, $return, $select, array $params=null)"},
{"label":"get_fieldset_sql","value":"$DB->get_fieldset_sql($sql, array $params=null)"},
{"label":"set_field","value":"$DB->set_field($table, $newfield, $newvalue, array $conditions=null)"},
{"label":"set_field_select","value":"$DB->set_field_select($table, $newfield, $newvalue, $select, array $params=null)"},
{"label":"delete_records","value":"$DB->delete_records($table, array $conditions=null)"},
{"label":"delete_records_select","value":"$DB->delete_records_select($table, $select, array $params=null)"},
{"label":"insert_record","value":"$DB->insert_record($table, $dataobject, $returnid=true, $bulk=false)"},
{"label":"update_record","value":"$DB->update_record($table, $dataobject, $bulk=false)"},
{"label":"execute","value":"$DB->execute($sql, array $parms=null)"},
{"label":"get_recordset","value":"$DB->get_recordset($table, array $conditions=null, $sort='', $fields='*', $limitfrom=0, $limitnum=0)"},
{"label":"get_recordset_select","value":"$DB->get_recordset_select($table, $select, array $params=null, $sort='', $fields='*', $limitfrom=0, $limitnum=0)"},
{"label":"get_recordset_sql","value":"$DB->get_recordset_sql($sql, array $params=null, $limitfrom=0, $limitnum=0)"},
{"label":"get_recordset_list","value":"$DB->get_recordset_list($table, $field='', $values='', $sort='', $fields='*', $limitfrom='', $limitnum='')"},
{"label":"start_delegated_transaction","value":"$DB->start_delegated_transaction()"},
{"label":"allow_commit","value":"allow_commit()"},
{"label":"sql_bitand","value":"$DB->sql_bitand($int1, $int2)"},
{"label":"sql_bitnot","value":"$DB->sql_bitnot($int1)"},
{"label":"sql_bitor","value":"$DB->sql_bitor($int1, $int2)"},
{"label":"sql_bitxor","value":"$DB->sql_bitxor($int1, $int2)"},
{"label":"sql_null_from_clause","value":"$DB->sql_null_from_clause()"},
{"label":"sql_ceil","value":"$DB->sql_ceil($fieldname)"},
{"label":"sql_like","value":"$DB->sql_like($fieldname, $param, $casesensitive = true, $accentsensitive = true, $notlike = false, $escapechar = ' \\ ')"},
{"label":"sql_length","value":"$DB->sql_length($fieldname)"},
{"label":"sql_modulo","value":"$DB->sql_modulo($int1, $int2)"},
{"label":"sql_position","value":"$DB->sql_position($needle, $haystack)"},
{"label":"sql_substr","value":"$DB->sql_substr($expr, $start, $length=false)"},
{"label":"sql_cast_char2int","value":"$DB->sql_cast_char2int($fieldname, $text=false)"},
{"label":"sql_cast_char2real","value":"$DB->sql_cast_char2real($fieldname, $text=false)"},
{"label":"sql_compare_text","value":"$DB->sql_compare_text($fieldname, $numchars=32)"},
{"label":"sql_order_by_text","value":"$DB->sql_order_by_text($fieldname, $numchars=32)"},
{"label":"sql_concat","value":"$DB->sql_concat()"},
{"label":"sql_concat_join","value":"$DB->sql_concat_join($separator=' ', $elements=array())"},
{"label":"sql_fullname","value":"$DB->sql_fullname($first='firstname', $last='lastname')"},
{"label":"sql_isempty","value":"$DB->sql_isempty($tablename, $fieldname, $nullablefield, $textfield)"},
{"label":"sql_isnotempty","value":"$DB->sql_isnotempty($tablename, $fieldname, $nullablefield, $textfield)"},
{"label":"sql_empty","value":"$DB->sql_empty()"},
{"label":"set_debug","value":"$DB->set_debug(true)"},
{"label":"get_course","value":"get_course($courseid)"},
{"label":"get_file_content","value":"get_file_content('userfile')"},
{"label":"get_new_filename","value":"get_new_filename('userfile')"},
{"label":"save_file","value":"save_file('userfile', $fullpath, $override)"},
{"label":"save_stored_file","value":"save_stored_file('userfile', ...)"},
{"label":"file_get_submitted_draft_itemid","value":"file_get_submitted_draft_itemid('entry')"},
{"label":"file_prepare_draft_area","value":"file_prepare_draft_area($draftid_editor, $context->id, 'mod_MYMOD', 'entry', $entry->id, array('subdirs'=>true), $entry->definition)"},
{"label":"file_save_draft_area_files","value":"file_save_draft_area_files($data->attachments, $context->id, 'mod_glossary', 'attachment', $entry->id, array('subdirs' => 0, 'maxbytes' => $maxbytes, 'maxfiles' => 50))"},
{"label":"file_rewrite_pluginfile_urls","value":"file_rewrite_pluginfile_urls($messagetext, 'pluginfile.php', $context->id, 'mod_mymodule', 'proper_file_area', $itemid)"},
{"label":"file_prepare_standard_editor","value":"file_prepare_standard_editor($data, 'textfield', $textfieldoptions, $context, 'mod_somemodule', 'somearea', $data->id)"},
{"label":"file_prepare_standard_filemanager","value":"file_prepare_standard_filemanager($entry, 'attachment', $attachmentoptions, $context, 'mod_mymod', 'attachment', $entry->id)"},
{"label":"file_postupdate_standard_filemanager","value":"file_postupdate_standard_filemanager($entry, 'attachment', $attachmentoptions, $context, 'mod_mymod', 'attachment', $entry->id)"},
{"label":"file_postupdate_standard_editor","value":"file_postupdate_standard_editor($data, 'textfield', $textfieldoptions, $context, 'mod_somemodule', 'somearea', $data->id)"},
{"label":"make_pluginfile_url","value":"make_pluginfile_url($file->get_contextid(), $file->get_component(), $file->get_filearea(), $file->get_itemid(), $file->get_filepath(), $file->get_filename())"},
{"label":"myPLUGIN_pluginfile","value":"myPLUGIN_pluginfile($course, $cm, $context, $filearea, $args, $forcedownload, array $options=array())"},
{"label":"get_file_storage","value":"get_file_storage()"},
{"label":"get_file","value":"get_file($context->id, 'mod_MYPLUGIN', $filearea, $itemid, $filepath, $filename)"},
{"label":"send_file","value":"send_file($file, 86400, 0, $forcedownload, $options)"},
{"label":"get_file_browser","value":"get_file_browser()"},
{"label":"get_system_context","value":"get_system_context()"},
{"label":"get_file_info","value":"get_file_info($context, $component, $filearea, $itemid, '/', $filename)"},
{"label":"get_parent","value":"get_parent()"},
{"label":"get_children","value":"get_children()"},
{"label":"is_directory","value":"is_directory()"},
{"label":"get_visible_name","value":"get_visible_name()"},
{"label":"get_params","value":"get_params()"},
{"label":"create_file_from_pathname","value":"create_file_from_pathname($file_record, $from_zip_file)"},
{"label":"get_area_files","value":"get_area_files($contextid, 'mod_MYMOD', 'AREA', $submission->id)"},
{"label":"get_filename","value":"get_filename()"},
{"label":"get_itemid","value":"get_itemid()"},
{"label":"get_filepath","value":"get_filepath()"},
{"label":"get_component","value":"get_component()"},
{"label":"get_contextid","value":"get_contextid()"},
{"label":"get_filearea","value":"get_filearea()"},
{"label":"fileinfo","value":"$fileinfo = array('contextid' => $context->id, 'component' => 'mod_MYMOD', 'filearea' => 'myarea', 'itemid' => 0, 'filepath' => '/', 'filename' => 'myfile.txt')"},
{"label":"create_file_from_string","value":"create_file_from_string($fileinfo, 'hello world')"},
{"label":"get_content","value":"get_content()"},
{"label":"delete","value":"delete()"},
{"label":"addElementbutton","value":"addElement('button', 'intro', get_string('buttonlabel'))"},
{"label":"addElementcheckbox","value":"addElement('checkbox', 'ratingtime', get_string('ratingtime', 'forum'))"},
{"label":"addElementadvcheckbox","value":"addElement('advcheckbox', 'ratingtime', get_string('ratingtime', 'forum'), 'Label displayed after checkbox', array('group' => 1), array(0, 1))"},
{"label":"addElementchoosecoursefile","value":"addElement('choosecoursefile', 'mediafile', get_string('mediafile', 'lesson'), array('courseid'=>$COURSE->id))"},
{"label":"addGroupRule","value":"addGroupRule('elementname', array('value' => array(array(list, of, rule, params, but, fieldname))))"},
{"label":"addElementdate_time_selector","value":"addElement('date_time_selector', 'assesstimestart', get_string('from'))"},
{"label":"createElement","value":"createElement('radio', 'yesno', '', get_string('yes'), 1, $attributes)"},
{"label":"setDefault","value":"setDefault('yesno', 0)"},
{"label":"addElementselect","value":"addElement('select', 'type', get_string('forumtype', 'forum'), $FORUM_TYPES, $attributes)"},
{"label":"setMultiple","value":"setMultiple(true)"},
{"label":"addElementpassword","value":"addElement('password', 'password', get_string('label'), $attributes)"},
{"label":"addElementhidden","value":"addElement('hidden', 'reply', 'yes')"},
{"label":"addElementhtml","value":"addElement('html', '<div class=qheader>')"},
{"label":"addElementmodgrade","value":"addElement('modgrade', 'scale', get_string('grade'), false)"},
{"label":"addElementstatic","value":"addElement('static', 'description', get_string('description', 'exercise'),get_string('descriptionofexercise', 'exercise', $COURSE->students))"},
{"label":"addElementtext","value":"addElement('text', 'name', get_string('forumname', 'forum'), $attributes)"},
{"label":"addElementtextarea","value":"addElement('textarea', 'introduction', get_string('introtext', 'survey'), 'wrap=virtual rows=20 cols=50')"},
{"label":"addElementrecaptcha","value":"addElement('recaptcha', 'recaptcha_field_name', $attributes)"},
{"label":"addElementpasswordunmask","value":"addElement('passwordunmask', 'password', get_string('label'), $attributes)"},
{"label":"addElementselectyesno","value":"addElement('selectyesno', 'maxbytes', get_string('maxattachmentsize', 'forum'))"},
{"label":"addElementselectwithlink","value":"addElement('selectwithlink', 'scaleid', get_string('scale'), $options, null, array('link' => URL, 'label' => get_string('scalescustomcreate')))"},
{"label":"addElementdate_selector","value":"addElement('date_selector', 'assesstimefinish', get_string('to'))"},
{"label":"addElementduration","value":"addElement('duration', 'timelimit', get_string('timelimit', 'quiz'))"},
{"label":"addElementeditor","value":"addElement('editor', 'fieldname', get_string('labeltext', 'langfile'))"},
{"label":"addElementfilepicker","value":"addElement('filepicker', 'userfile', get_string('file'), null, array('maxbytes' => $maxbytes, 'accepted_types' => '*'))"},
{"label":"addElementfilemanager","value":"addElement('filemanager', 'attachments', get_string('attachment', 'moodle'), null,array('subdirs' => 0, 'maxbytes' => $maxbytes, 'maxfiles' => 50, 'accepted_types' => array('document') ))"},
{"label":"addElementtags","value":"addElement('tags', 'field_name', $lable, $options, $attributes)"},
{"label":"addGroup","value":"addGroup($buttonarray, 'buttonar', '', array(' '), false)"},
{"label":"addElementmodvisible","value":"addElement('modvisible', 'visible', get_string('visible'))"},
{"label":"addElementgrading","value":"addElement('grading', 'advancedgrading', get_string('grade').':', array('gradinginstance' => $gradinginstance))"},
{"label":"addElementquestioncategory","value":"addElement('questioncategory', 'category', get_string('category', 'question'), array('contexts'=>$contexts, 'top'=>true, 'currentcat'=>$currentcat, 'nochildrenof'=>$currentcat))"},
{"label":"disabledIf","value":"disabledIf('mycontrol', 'someselect', 'neq', 42)"},
{"label":"addRule","value":"addRule('elementname', get_string('error'), 'rule type', 'extraruledata', 'server'(default), false, false)"},
{"label":"setHelpButton","value":"setHelpButton('lessondefault', array('lessondefault', get_string('lessondefault', 'lesson'), 'lesson'))"},
{"label":"addHelpButton","value":"addHelpButton('api_key_field', 'api_key', 'block_extsearch')"},
{"label":"disable_form_change_checker","value":"disable_form_change_checker()"},
{"label":"setType","value":"setType()"},
{"label":"add_to_log","value":"add_to_log($courseid, $module, $action, $url='', $info='', $cm=0, $user=0)"},
{"label":"user_accesstime_log","value":"user_accesstime_log($courseid=0)"},
{"label":"get_logs","value":"get_logs($select, array $params=null, $order='l.time DESC', $limitfrom='', $limitnum='', &$totalcount)"},
{"label":"get_logs_usercourse","value":"get_logs_usercourse($userid, $courseid, $coursestart)"},
{"label":"get_logs_userday","value":"get_logs_userday($userid, $courseid, $daystart)"},
{"label":"ignore_active","value":"$PAGE->navbar->ignore_active()"},
{"label":"navbaradd","value":"$PAGE->navbar->add(get_string('name of thing'), new moodle_url('/a/link/if/you/want/one.php'))"},
{"label":"make_active","value":"make_active()"},
{"label":"settingsnavadd","value":"$PAGE->settingsnav->add(get_string('setting'), new moodle_url('/a/link/if/you/want/one.php'), navigation_node::TYPE_CONTAINER)"},
{"label":"navigation","value":"$PAGE->navigation->find($courseid, navigation_node::TYPE_COURSE)"},
{"label":"set_url","value":"$PAGE->set_url(new moodle_url('/page/to/your/file.php', array('key' => 'value', 'id' => 3)))"},
{"label":"pagecontext","value":"$PAGE->context"},
{"label":"course","value":"$PAGE->course"},
{"label":"cm","value":"$PAGE->cm"},
{"label":"url","value":"$PAGE->url"},
{"label":"required_param","value":"required_param('id', PARAM_INT)"},
{"label":"get_coursemodule_from_id","value":"get_coursemodule_from_id('mymodulename', $cmid, 0, false, MUST_EXIST)"},
{"label":"set_title","value":"$PAGE->set_title('My modules page title')"},
{"label":"set_heading","value":"$PAGE->set_heading('My modules page heading')"},
{"label":"set_contextcontext_system","value":"$PAGE->set_context(context_system::instance())"},
{"label":"set_contextcontext_coursecat","value":"$PAGE->set_context(context_coursecat::instance($categoryid))"},
{"label":"set_contextcontext_course","value":"$PAGE->set_context(context_course::instance($courseid))"},
{"label":"set_contextcontext_module","value":"$PAGE->set_context(context_module::instance($moduleid))"},
{"label":"set_pagelayout","value":"$PAGE->set_pagelayout('standard')"},
{"label":"set_activity_record","value":"$PAGE->set_activity_record($activityrecord)"},
{"label":"set_blocks_editing_capability","value":"$PAGE->set_blocks_editing_capability($strcapability)"},
{"label":"set_button","value":"$PAGE->set_button($htmlstring)"},
{"label":"set_cacheable","value":"$PAGE->set_cacheable(true/false)"},
{"label":"set_category_by_id","value":"$PAGE->set_category_by_id($categoryid)"},
{"label":"set_cm","value":"$PAGE->set_cm($coursemodulerecord)"},
{"label":"set_course","value":"$PAGE->set_course($courserecord)"},
{"label":"set_docs_path","value":"$PAGE->set_docs_path($strpath)"},
{"label":"set_focuscontrol","value":"$PAGE->set_focuscontrol($controlid)"},
{"label":"set_headingmenu","value":"$PAGE->set_headingmenu($htmlstring)"},
{"label":"set_other_editing_capability","value":"$PAGE->set_other_editing_capability($strcapability)"},
{"label":"set_pagetype","value":"$PAGE->set_pagetype($strpagetype)"},
{"label":"set_periodic_refresh_delay","value":"$PAGE->set_periodic_refresh_delay($intdelay)"},
{"label":"set_popup_notification_allowed","value":"$PAGE->set_popup_notification_allowed(true/false)"},
{"label":"set_subpage","value":"$PAGE->set_subpage($strsubpage)"},
{"label":"add_body_class","value":"$PAGE->add_body_class($strcssclass)"},
{"label":"add_body_classes","value":"$PAGE->add_body_classes($arrayofclasses)"},
{"label":"activityrecord","value":"$PAGE->activityrecord"},
{"label":"blockmanager","value":"$PAGE->blockmanager"},
{"label":"bodyid","value":"$PAGE->bodyid"},
{"label":"categories","value":"$PAGE->categories"},
{"label":"category","value":"$PAGE->category"},
{"label":"devicetypeinuse","value":"$PAGE->devicetypeinuse"},
{"label":"headerprinted","value":"$PAGE->headerprinted"},
{"label":"pageheading","value":"$PAGE->heading"},
{"label":"navbar","value":"$PAGE->navbar"},
{"label":"requires","value":"$PAGE->requires"},
{"label":"settingsnav","value":"$PAGE->settingsnav"},
{"label":"theme","value":"$PAGE->theme"},
{"label":"title","value":"$PAGE->title"},
{"label":"label","value":"$OUTPUT->label(html_label $label)"},
{"label":"link","value":"$OUTPUT->link($link)"},
{"label":"image","value":"$OUTPUT->image()"},
{"label":"form","value":"$OUTPUT->form($form, $contents)"},
{"label":"confirm","value":"$OUTPUT->confirm($message, $formcontinue, $formcancel)"},
{"label":"button","value":"$OUTPUT->button($formwithbutton)"},
{"label":"htmllist","value":"$OUTPUT->htmllist($list)"},
{"label":"html_writer","value":"html_writer::table($table)"},
{"label":"select","value":"$OUTPUT->select($select)"},
{"label":"html_selectmake","value":"html_select::make($options, 'choice1', 'value1')"},
{"label":"html_selectmake_time_selector","value":"html_select::make_time_selector('days', 'myday', '120308000')"},
{"label":"checkbox","value":"$OUTPUT->checkbox($checkbox, 'donotask')"},
{"label":"old_icon_url","value":"$OUTPUT->old_icon_url('moodlelogo')"},
{"label":"action_icon","value":"$OUTPUT->action_icon($icon)"},
{"label":"box","value":"$OUTPUT->box('A message of some kind')"},
{"label":"box_start","value":"$OUTPUT->box_start()"},
{"label":"box_end","value":"$OUTPUT->box_end()"},
{"label":"close_window_button","value":"$OUTPUT->close_window_button()"},
{"label":"container","value":"$OUTPUT->container('A message of some kind', 'important', 'notice')"},
{"label":"container_start","value":"$OUTPUT->container_start('important', 'notice')"},
{"label":"container_end","value":"$OUTPUT->container_end()"},
{"label":"continue_button","value":"$OUTPUT->continue_button(new moodle_url('http://domain.com/index.php', array('id' => 2, 'userid' => 4)))"},
{"label":"error_text","value":"$OUTPUT->error_text('Its all broken!')"},
{"label":"footer","value":"$OUTPUT->footer()"},
{"label":"header","value":"$OUTPUT->header()"},
{"label":"heading","value":"$OUTPUT->heading(get_string('help'), 3, 'helptitle', 'uniqueid')"},
{"label":"heading_with_help","value":"$OUTPUT->heading_with_help($helpicon)"},
{"label":"help_icon","value":"$OUTPUT->help_icon($helpicon)"},
{"label":"textfield","value":"$OUTPUT->textfield($field)"},
{"label":"paging_bar","value":"$OUTPUT->paging_bar($pagingbar)"},
{"label":"user_picture","value":"$OUTPUT->user_picture($userpic)"},
{"label":"get_string","value":"get_string('module_pluginlangfilename', 'plugintitle')"},
{"label":"print_string","value":"print_string('module_pluginlangfilename', 'plugintitle')"},
{"label":"get_strings","value":"get_strings(array('enable', 'disable', 'up', 'down', 'none'), 'qtype_dragdrop')"},
{"label":"asort","value":"asort()"},
{"label":"code2utf8","value":"code2utf8($string)"},
{"label":"convert","value":"convert($string)"},
{"label":"encode_mimeheader","value":"encode_mimeheader($string)"},
{"label":"entities_to_utf8","value":"entities_to_utf8($string)"},
{"label":"specialtoascii","value":"specialtoascii($string)"},
{"label":"strlen","value":"strlen($string)"},
{"label":"strpos","value":"strpos($string)"},
{"label":"strrpos","value":"strrpos($string)"},
{"label":"strtolower","value":"strtolower($string)"},
{"label":"strtotitle","value":"strtotitle($string)"},
{"label":"strtoupper","value":"strtoupper($string)"},
{"label":"substr","value":"substr($string)"},
{"label":"trim_utf8_bom","value":"trim_utf8_bom($string)"},
{"label":"utf8_to_entities","value":"utf8_to_entities($string)"},
{"label":"pluginversion","value":"$plugin->version"},
{"label":"pluginrequires","value":"$plugin->requires"},
{"label":"plugindependencies","value":"$plugin->dependencies"},
{"label":"add","value":"add(new admin_setting_FIELDTYPE('MYMOD/MYNAME', 'MYNAME', 'MYDESC', array('value' => '0', 'fix' => false), PARAM_INT))"},
{"label":"get_fast_modinfo","value":"get_fast_modinfo($course)"},
{"label":"filter_user_list","value":"filter_user_list($users)"},
{"label":"define_my_steps","value":"define_my_steps()"},
{"label":"set_source_table","value":"set_source_table()"},
{"label":"set_source_sql","value":"set_source_sql()"},
{"label":"prepare_activity_structure","value":"prepare_activity_structure()"},
{"label":"calendar_eventcreate","value":"calendar_event::create($properties)"},
{"label":"calendar_eventupdate","value":"calendar_event::update($data, $checkcapability = true)"},
{"label":"calendar_event_hook","value":"calendar_event_hook($action, array $args)"},
{"label":"calendar_get_default_courses","value":"calendar_get_default_courses()"},
{"label":"calendar_get_days","value":"calendar_get_days()"},
{"label":"calendar_get_starting_weekday","value":"calendar_get_starting_weekday()"},
{"label":"calendar_day_representation","value":"calendar_day_representation($tstamp, $now = false, $usecommonwords = true)"},
{"label":"calendar_time_representation","value":"calendar_time_representation($time)"},
{"label":"calendar_wday_name","value":"calendar_wday_name($englishname)"},
{"label":"calendar_days_in_month","value":"calendar_days_in_month($month, $year)"},
{"label":"calendar_get_link_href","value":"calendar_get_link_href($linkbase, $d, $m, $y)"},
{"label":"calendar_get_mini","value":"calendar_get_mini($courses, $groups, $users, $cal_month = false, $cal_year = false)"},
{"label":"calendar_get_popup","value":"calendar_get_popup($is_today, $event_timestart, $popupcontent = '') "},
{"label":"calendar_add_month","value":"calendar_add_month($month, $year)"},
{"label":"calendar_sub_month","value":"calendar_sub_month($month, $year)"},
{"label":"calendar_get_module_cached","value":"calendar_get_module_cached(&$coursecache, $modulename, $instance) "},
{"label":"calendar_get_course_cached","value":"calendar_get_course_cached(&$coursecache, $courseid)"},
{"label":"calendar_print_month_selector","value":"calendar_print_month_selector($name, $selected)"},
{"label":"calendar_top_controls","value":"calendar_top_controls($type, $data)"},
{"label":"calendar_filter_controls","value":"calendar_filter_controls(moodle_url $returnurl)"},
{"label":"calendar_preferences_button","value":"calendar_preferences_button(stdClass $course)"},
{"label":"calendar_set_filters","value":"calendar_set_filters(array $courseeventsfrom, $ignorefilters = false)"},
{"label":"calendar_get_link_previous","value":"calendar_get_link_previous($text, $linkbase, $d, $m, $y, $accesshide = false)"},
{"label":"calendar_get_link_next","value":"calendar_get_link_next($text, $linkbase, $d, $m, $y, $accesshide = false)"},
{"label":"calendar_get_allowed_types","value":"calendar_get_allowed_types(&$allowed, $course = null)"},
{"label":"calendar_add_event_allowed","value":"calendar_add_event_allowed($event) "},
{"label":"calendar_edit_event_allowed","value":"calendar_edit_event_allowed($event)"},
{"label":"calendar_user_can_add_event","value":"calendar_user_can_add_event($course)"},
{"label":"calendar_show_event_type","value":"calendar_show_event_type($type, $user = null)"},
{"label":"calendar_set_event_type_display","value":"calendar_set_event_type_display($type, $display = null, $user = null)"},
{"label":"calendar_get_events","value":"calendar_get_events($tstart, $tend, $users, $groups, $courses, $withduration = true, $ignorehidden = true)"},
{"label":"calendar_events_by_day","value":"calendar_events_by_day($events, $month, $year, &$eventsbyday, &$durationbyday, &$typesbyday, &$courses) "},
{"label":"calendar_get_upcoming","value":"calendar_get_upcoming($courses, $groups, $users, $daysinfuture, $maxevents, $fromtime = 0)"},
{"label":"calendar_get_block_upcoming","value":"calendar_get_block_upcoming($events, $linkhref = NULL)"},
{"label":"calendar_format_event_time","value":"calendar_format_event_time($event, $now, $linkparams = null, $usecommonwords = true, $showtime = 0)"},
{"label":"calendar_add_event_metadata","value":"calendar_add_event_metadata($event)"},
{"label":"table_exists","value":"table_exists($table)"},
{"label":"create_table","value":"create_table($table, $continue=true, $feedback=true)"},
{"label":"drop_table","value":"drop_table($table, $continue=true, $feedback=true)"},
{"label":"rename_table","value":"rename_table($table, $newname, $continue=true, $feedback=true)"},
{"label":"field_exists","value":"field_exists($table, $field)"},
{"label":"add_field","value":"add_field($table, $field, $continue=true, $feedback=true)"},
{"label":"drop_field","value":"drop_field($table, $field, $continue=true, $feedback=true)"},
{"label":"change_field_type","value":"change_field_type($table, $field, $continue=true, $feedback=true)"},
{"label":"change_field_precision","value":"change_field_precision($table, $field, $continue=true, $feedback=true)"},
{"label":"change_field_unsigned","value":"change_field_unsigned($table, $field, $continue=true, $feedback=true)"},
{"label":"change_field_notnull","value":"change_field_notnull($table, $field, $continue=true, $feedback=true)"},
{"label":"drop_enum_from_field","value":"drop_enum_from_field($table, $field, $continue=true, $feedback=true)"},
{"label":"change_field_default","value":"change_field_default($table, $field, $continue=true, $feedback=true)"},
{"label":"rename_field","value":"rename_field($table, $field, $newname, $continue=true, $feedback=true)"},
{"label":"index_exists","value":"index_exists($table, $index)"},
{"label":"find_index_name","value":"find_index_name($table, $index)"},
{"label":"add_index","value":"add_index($table, $index, $continue=true, $feedback=true)"},
{"label":"drop_index","value":"drop_index($table, $index, $continue=true, $feedback=true)"},
{"label":"is_enrolled","value":"is_enrolled(context $context, $user = null, $withcapability = '', $onlyactive = false)"},
{"label":"get_enrolled_sql","value":"get_enrolled_sql(context $context, $withcapability = '', $groupid = 0, $onlyactive = false)"},
{"label":"get_enrolled_users","value":"get_enrolled_users(context $context, $withcapability = '', $groupid = 0, $userfields = 'u.*', $orderby = '', $limitfrom = 0, $limitnum = 0)"},
{"label":"count_enrolled_users","value":"count_enrolled_users(context $context, $withcapability = '', $groupid = 0)"},
{"label":"events_trigger","value":"events_trigger('user_enrolled', $ue)"},
{"label":"handlers","value":"$handlers = array ( 'user_enrolled' => array ('handlerfile' => '/mod/MYMOD/lib.php', 'handlerfunction'  => 'MYMODFUNCTION', 'schedule'         => 'instant', 'internal' => 1,))"},
{"label":"messageproviders","value":"$messageproviders = array ('MYPROVIDER' => array ())"},
{"label":"message_send","value":"message_send($eventdata)"},
{"label":"get_renderer","value":"$PAGE->get_renderer('core', 'media')"},
{"label":"get_user_preferences","value":"get_user_preferences($name = null, $default = null, $user = null)"},
{"label":"set_user_preference","value":"set_user_preference($name, $value, $user = null)"},
{"label":"set_user_preferences","value":"set_user_preferences(array $prefarray, $user = null)"},
{"label":"unset_user_preference","value":"unset_user_preference($name, $user = null)"},
{"label":"get_ratings","value":"get_ratings()"},
{"label":"get_user_grades","value":"get_user_grades()"},
{"label":"delete_ratings","value":"delete_ratings()"},
{"label":"tag_set","value":"tag_set('user', $userId, array())"},
{"label":"tag_get_tags","value":"tag_get_tags('user', $userId)"},
{"label":"tag_set_add","value":"tag_set_add('user', $userId, 'chess')"},
{"label":"tag_set_delete","value":"tag_set_delete('user', $userId, 'chess')"},
{"label":"tag_description_set","value":"tag_description_set($firstTagKey, '<p>TEXT</p>', FORMAT_HTML)"},
{"label":"tag_print_cloud","value":"tag_print_cloud()"},
{"label":"usergetdate","value":"usergetdate(time())"},
{"label":"userdate","value":"userdate(make_timestamp($y, $m), 'Current user time')"},
{"label":"make_timestamp","value":"make_timestamp()"},
{"label":"usertime","value":"usertime()"},
{"label":"usergetmidnight","value":"usergetmidnight()"},
{"label":"usertimezone","value":"usertimezone()"},
{"label":"get_user_timezone_offset","value":"get_user_timezone_offset()"},
{"label":"format_time","value":"format_time()"},
{"label":"get_timezone_offset","value":"get_timezone_offset()"},
{"label":"dst_changes_for_year","value":"dst_changes_for_year()"},
{"label":"dst_offset_on","value":"dst_offset_on()"},
{"label":"find_day_in_month","value":"find_day_in_month()"},
{"label":"days_in_month","value":"days_in_month()"},
{"label":"dayofweek","value":"dayofweek()"},
{"label":"set_module_viewed","value":"set_module_viewed($cm)"},
{"label":"optional_param","value":"optional_param('itemnumber', 0, PARAM_INT)"},
{"label":"dbtype","value":"$CFG->dbtype"},
{"label":"dblibrary","value":"$CFG->dblibrary"},
{"label":"dbhost","value":"$CFG->dbhost"},
{"label":"dbname","value":"$CFG->dbname"},
{"label":"dbuser","value":"$CFG->dbuser"},
{"label":"dbpass","value":"$CFG->dbpass"},
{"label":"prefix","value":"$CFG->prefix"},
{"label":"dboptions","value":"$CFG->dboptions"},
{"label":"wwwroot","value":"$CFG->wwwroot"},
{"label":"dataroot","value":"$CFG->dataroot"},
{"label":"directorypermissions","value":"$CFG->directorypermissions"},
{"label":"admin","value":"$CFG->admin"},
{"label":"dirroot","value":"$CFG->dirroot"}
]
}