{
  "enable": true,
  "default": "*",
  "frequency": 5,
  "partner": {
    "name": "Sudimer",
    "image": "default.png"
  },
  "schedules": [
    {
      "year": "2017",
      "month": "12",
      "date": "12",
      "hour": "20",
      "minute": "25",
      "seconds": "0",
      "message": "Sample Message<br>by Sudimer",
      "background": {
        "url": "default.png",
        "size": "cover",
        "opacity": "0.2"
      },
      "youtube": "*"
    },
    {
      "year": "*",
      "month": "*",
      "date": "*",
      "hour": "20",
      "minute": "0",
      "seconds": "0",
      "message": "It's 20 o'clock.",
      "background": {
        "url": "default.png",
        "size": "cover",
        "opacity": "0.2"
      },
      "youtube": "*"
    }
  ]
}