{
    "a":          { "attributes": ["href", "hreflang", "media", "rel", "target", "type", "ng-blur", "ng-copy",  "ng-cut", "data-ng-blur", "data-ng-copy",  "data-ng-cut", "ng-href", "data-ng-href"] },
    "abbr":       { "attributes": [] },
    "acronym":    { "attributes": [] },
    "address":    { "attributes": [] },
    "area":       { "attributes": ["alt", "coords", "href", "hreflang", "media", "rel", "shape", "target", "type"] },
    "article":    { "attributes": [] },
    "aside":      { "attributes": [] },
    "audio":      { "attributes": ["autoplay", "buffered", "controls", "loop", "mediagroup", "muted", "played", "preload", "src"] },
    "b":          { "attributes": [] },
    "base":       { "attributes": ["href", "target"] },
    "bdi":        { "attributes": [] },
    "bdo":        { "attributes": [] },
    "big":        { "attributes": [] },
    "blockquote": { "attributes": ["cite"] },
    "body":       { "attributes": ["onafterprint", "onbeforeprint", "onbeforeunload", "onhashchange", "onmessage", "onoffline", "ononline",
                                   "onpagehide", "onpageshow", "onpopstate", "onredo", "onresize", "onstorage", "onundo", "onunload", "ng-app", "ng-controller", "ng-csp", "data-ng-app", "data-ng-controller", "data-ng-csp"] },
    "br":         { "attributes": [] },
    "button":     { "attributes": ["autofocus", "disabled", "form", "formaction", "formenctype", "formmethod", "formnovalidate", "formtarget",
                                   "name", "type", "value"] },
    "canvas":     { "attributes": ["height", "width"] },
    "caption":    { "attributes": [] },
    "center":     { "attributes": [] },
    "cite":       { "attributes": [] },
    "code":       { "attributes": [] },
    "col":        { "attributes": ["span"] },
    "colgroup":   { "attributes": ["span"] },
    "command":    { "attributes": ["checked", "disabled", "icon", "label", "radiogroup", "type"] },
    "datalist":   { "attributes": [] },
    "dd":         { "attributes": [] },
    "del":        { "attributes": ["cite", "datetime"] },
    "details":    { "attributes": ["open", "ng-open", "data-ng-open"] },
    "dfn":        { "attributes": [] },
    "dialog":     { "attributes": ["open", "ng-open", "data-ng-open"] },
    "div":        { "attributes": ["ng-app", "flex",  "flex-sm", "flex-gt-sm", "flex-md", "flex-gt-md", "flex-lg", "flex-gt-lg", "layout", "layout-sm", "layout-gt-sm", "layout-md", "layout-gt-md", "layout-lg", "layout-gt-lg", "layout-margin", "layout-padding", "layout-fill", "layout-align", "layout-align-sm", "layout-align-gt-sm", "layout-align-md", "layout-align-gt-md", "layout-align-lg", "layout-align-gt-lg", "hide", "hide-sm","hide-gt-sm", "hide-md", "hide-gt-md", "hide-lg", "hide-gt-lg", "show", "show-sm","show-gt-sm", "show-md", "show-gt-md", "show-lg", "show-gt-lg", "flex-order", "flex-order-sm","flex-order-gt-sm", "flex-order-md", "flex-order-gt-md", "flex-order-lg", "flex-order-gt-lg", "offset", "offset-sm","offset-gt-sm", "offset-md", "offset-gt-md", "offset-lg", "offset-gt-lg"] },
    "dl":         { "attributes": [] },
    "dt":         { "attributes": [] },
    "em":         { "attributes": [] },
    "embed":      { "attributes": ["height", "src", "type", "width"] },
    "fieldset":   { "attributes": ["disabled", "form", "name"] },
    "figcaption": { "attributes": [] },
    "figure":     { "attributes": [] },
    "footer":     { "attributes": [] },
    "form":       { "attributes": ["accept-charset", "action", "autocomplete", "enctype", "method", "name", "novalidate", "target", "ng-submit", "data-ng-submit"] },
    "frame":      { "attributes": ["frameborder", "name", "scrolling", "src"] },
    "frameset":   { "attributes": ["rows"] },
    "h1":         { "attributes": [] },
    "h2":         { "attributes": [] },
    "h3":         { "attributes": [] },
    "h4":         { "attributes": [] },
    "h5":         { "attributes": [] },
    "h6":         { "attributes": [] },
    "head":       { "attributes": [] },
    "header":     { "attributes": [] },
    "hgroup":     { "attributes": [] },
    "hr":         { "attributes": [] },
    "html":       { "attributes": ["manifest", "xml:lang", "xmlns", "ng-app", "ng-controller", "ng-csp", "data-ng-app", "data-ng-controller", "data-ng-csp"] },
    "i":          { "attributes": [] },
    "iframe":     { "attributes": ["frameborder", "height", "name", "sandbox", "scrolling", "seamless", "src", "srcdoc", "width"] },
    "ilayer":     { "attributes": [] },
    "img":        { "attributes": ["alt", "height", "ismap", "longdesc", "src", "srcset", "usemap", "width", "ng-src", "ng-srcset", "data-ng-src", "data-ng-srcset"] },
    "input":      { "attributes": ["accept", "alt", "autocomplete", "autocorrect", "autofocus", "checked", "dirname", "disabled", "form", "formaction", "formenctype", "formmethod",
                                   "formnovalidate", "formtarget", "height", "inputmode", "list", "max", "maxlength", "min", "multiple", "name", "pattern", "placeholder", "readonly",
                                   "required", "size", "src", "step", "type", "value", "width", "ng-required", "ng-minlength", "ng-maxlength", "ng-pattern", "ng-change", "ng-trim", "ng-value", "ng-disabled", "ng-blur", "ng-copy",  "ng-cut",  "ng-model", "ng-list",  "ng-readonly", "ng-value", "data-ng-required", "data-ng-minlength", "data-ng-maxlength", "data-ng-pattern", "data-ng-change", "data-ng-trim", "data-ng-value", "data-ng-disabled", "data-ng-blur", "data-ng-copy",  "data-ng-cut",  "data-ng-model", "data-ng-list",  "data-ng-readonly", "data-ng-value"] },
    "ins":        { "attributes": ["cite", "datetime"] },
    "kbd":        { "attributes": [] },
    "keygen":     { "attributes": ["autofocus", "challenge", "disabled", "form", "keytype", "name"] },
    "label":      { "attributes": ["for", "form"] },
    "legend":     { "attributes": [] },
    "li":         { "attributes": ["value"] },
    "link":       { "attributes": ["disabled", "href", "hreflang", "media", "rel", "sizes", "type"] },
    "main":       { "attributes": [] },
    "map":        { "attributes": ["name"] },
    "mark":       { "attributes": [] },
    "marquee":    { "attributes": ["align", "behavior", "bgcolor", "direction", "height", "hspace", "loop", "scrollamount", "scrolldelay", "truespeed", "vspace", "width"] },
    "menu":       { "attributes": ["label", "type"] },
    "meta":       { "attributes": ["charset", "content", "http-equiv", "name"] },
    "meter":      { "attributes": ["form", "high", "low", "max", "min", "optimum", "value"] },
    "nav":        { "attributes": [] },
    "noscript":   { "attributes": [] },
    "object":     { "attributes": ["archive", "codebase", "codetype", "data", "declare", "form", "height", "name", "standby", "type", "usemap", "width"] },
    "ol":         { "attributes": ["reversed", "start", "type"] },
    "optgroup":   { "attributes": ["disabled", "label"] },
    "option":     { "attributes": ["disabled", "label", "selected", "value", "ng-selected", "data-ng-selected"] },
    "output":     { "attributes": ["for", "form", "name"] },
    "p":          { "attributes": [] },
    "param":      { "attributes": ["name", "value"] },
    "picture":    { "attributes": [] },
    "pre":        { "attributes": [] },
    "progress":   { "attributes": ["form", "max", "value"] },
    "q":          { "attributes": ["cite"] },
    "rp":         { "attributes": [] },
    "rt":         { "attributes": [] },
    "ruby":       { "attributes": [] },
    "samp":       { "attributes": [] },
    "script":     { "attributes": ["async", "charset", "defer", "src", "type"] },
    "section":    { "attributes": [] },
    "select":     { "attributes": ["autofocus", "disabled", "form", "multiple", "name", "required", "size", "ng-blur", "ng-copy",  "ng-cut",  "ng-model", "ng-options", "data-ng-blur", "data-ng-copy",  "data-ng-cut",  "data-ng-model", "data-ng-options"] },
    "small":      { "attributes": [] },
    "source":     { "attributes": ["media", "src", "type", "srcset"] },
    "span":       { "attributes": [] },
    "strong":     { "attributes": [] },
    "style":      { "attributes": ["disabled", "media", "scoped", "type"] },
    "sub":        { "attributes": [] },
    "summary":    { "attributes": [] },
    "sup":        { "attributes": [] },
    "table":      { "attributes": ["border", "cellpadding", "cellspacing", "height", "width"] },
    "tbody":      { "attributes": [] },
    "td":         { "attributes": ["colspan", "headers", "rowspan"] },
    "template":   { "attributes": [] },
    "textarea":   { "attributes": ["autocomplete", "autofocus", "cols", "dirname", "disabled", "form", "label", "maxlength", "name", "placeholder", "readonly", "required", "rows", "spellcheck", "wrap", "ng-blur", "ng-copy",  "ng-cut",  "ng-model", "ng-list",  "ng-readonly", "ng-value", "data-ng-blur", "data-ng-copy",  "data-ng-cut",  "data-ng-model", "data-ng-list",  "data-ng-readonly", "data-ng-value"] },
    "tfoot":      { "attributes": [] },
    "th":         { "attributes": ["colspan", "headers", "rowspan", "scope"] },
    "thead":      { "attributes": [] },
    "time":       { "attributes": ["datetime", "pubdate"] },
    "title":      { "attributes": [] },
    "tr":         { "attributes": [] },
    "track":      { "attributes": ["default", "kind", "label", "src", "srclang"] },
    "tt":         { "attributes": [] },
    "ul":         { "attributes": [] },
    "var":        { "attributes": [] },
    "video":      { "attributes": ["autoplay", "buffered", "controls", "crossorigin", "height", "loop", "mediagroup", "muted", "poster", "preload", "src", "width"] },
    "wbr":        { "attributes": [] },

	"ng-pluralize":   { "attributes": ["count", "when", "offset"] },
    "ng-transclude":  { "attributes": [] },
    "ng-include":     { "attributes": ["src"] },
    "ng-view":        { "attributes": [] },

	"md-autocomplete":     		{ "attributes": ["md-search-text", "md-selected-item", "md-items", "md-item-text", "placeholder"] },
	"md-bottom-sheet":     		{ "attributes": ["aria-label", "class"] },
	"md-button":     			{ "attributes": ["md-no-ink", "ng-disabled", "md-ripple-size", "aria-label", "class", "href"] },
	"md-card":     				{ "attributes": [] },
	"md-checkbox":     			{ "attributes": ["ng-model", "name", "ng-true-value", "ng-false-value", "ng-change", "md-no-ink", "aria-label"] },
	"md-content":     			{ "attributes": ["class", "md-theme"] },
	"md-dialog":     			{ "attributes": ["aria-label", "class"] },
	"md-divider":     			{ "attributes": ["md-inset"] },
	"md-grid-list":     		{ "attributes": ["md-cols", "md-row-height", "md-gutter", "md-on-layout"] },
	"md-grid-tile":     		{ "attributes": ["md-colspan", "md-rowspan"] },
	"md-highlight-text":  		{ "attributes": ["md-highlight-text"] },
	"md-icon":     				{ "attributes": ["md-svg-src", "md-svg-icon", "md-font-icon", "alt"] },
	"md-input":     			{ "attributes": ["md-maxlength"] },
	"md-input-container":    	{ "attributes": ["md-is-error"] },
	"md-item":     				{ "attributes": ["ng-repeat"] },
	"md-list":    				{ "attributes": [] },
	"md-progress-circular":     { "attributes": ["md-mode", "value", "diameter", "ng-value", "md-diameter"] },
	"md-progress-linear":     	{ "attributes": ["md-mode", "value", "ng-value", "md-buffer-value"] },
	"md-radio-button":     		{ "attributes": ["value", "aria-label", "ng-model", "ng-value", "ng-change", "name"] },
	"md-radio-group":     		{ "attributes": ["ng-model", "md-no-ink"] },
	"md-sidenav":     			{ "attributes": ["md-is-open", "md-component-id", "md-is-locked-open", "class"] },
	"md-slider":     			{ "attributes": ["ng-model","md-discrete", "step", "min", "max"] },
	"md-subheader":     		{ "attributes": [] },
	"md-swipe-left":     		{ "attributes": [] },
	"md-swipe-right":     		{ "attributes": [] },
	"md-switch":     			{ "attributes": ["ng-model", "aria-label", "name", "md-no-ink", "ng-disabled", "ng-true-value", "ng-false-value", "ng-change"] },
	"md-tab":     				{ "attributes": ["label", "md-active", "disabled", "md-on-deselect", "md-on-select"] },
	"md-tab-label":       		{ "attributes": [] },
	"md-tabs":     				{ "attributes": ["md-selected", "md-no-ink", "md-no-bar", "md-align-tabs", "md-stretch-tabs"] },
	"md-text-float":        	{ "attributes": ["label", "ng-model", "ng-disabled", "type", "md-fid"] },
	"md-textarea":     			{ "attributes": ["md-maxlength"] },
    "md-toast":      			{ "attributes": [] },
	"md-toolbar":     			{ "attributes": ["md-scroll-shrink", "md-shrink-speed-factor", "theme", "class"] },
	"md-tooltip":     			{ "attributes": ["md-visible", "md-delay", "md-direction"] },
	"md-whiteframe":     		{ "attributes": [] }
}