{
"cfabort":                { "attributes": ["showerror"] },
"cfajaximport":           { "attributes": ["scriptsrc","csssrc","tags","params"] },
"cfajaxproxy":            { "attributes": ["cfc","jsclassname","bind","onerror","onsuccess"] },
"cfapplet":               { "attributes": ["appletsource","name","height","width","vspace","hspace","align","notsupported"] },
"cfapplication":          { "attributes": ["name","loginstorage","clientmanagement","clientstorage","setclientcookies","sessionmanagement","sessiontimeout","applicationtimeout","setdomaincookies","scriptprotect","securejsonprefix","securejson","serverSideFormValidation","datasource","exchangeserverversion","authcookie","sessioncookie","wsversion"] },
"cfargument":             { "attributes": ["name","type","required","default","displayname","hint","restargsource","restargname"] },
"cfassociate":            { "attributes": ["basetag","datacollection"] },
"cfbreak":                { "attributes": [ ] },
"cfcache":                { "attributes": ["action","directory","Timespan","expireurl","username","password","port","protocol","value","metadata","stripwhitespace","throwonerror","id","region","usecache","dependson","idletime","name","useQueryString","key","timeout","cachedirectory"] },
"cfcalendar":             { "attributes": ["name","height","width","selecteddate","startrange","endrange","disabled","mask","firstdayofweek","daynames","monthnames","enabled","visible","tooltip","style","onchange","onblur","onfocus"] },
"cfcase":                 { "attributes": ["value","delimiters"] },
"cfcatch":                { "attributes": ["type","name"] },
"cfchart":                { "attributes": ["chartheight","chartwidth","scalefrom","scaleto","showxgridlines","showygridlines","gridlines","seriesplacement","foregroundcolor","backgroundcolor","showborder","databackgroundcolor","font","fontsize","fontitalic","fontbold","labelformat","xaxistitle","yaxistitle","xaxistype","yaxistype","sortxaxis","show3d","xoffset","yoffset","showlegend","rotated","tipstyle","tipbgcolor","showmarkers","markersize","pieslicestyle","URL","name","style","title","arrows","aspect3d","height","labels","legend","zoom","plot","preview","renderer","scales","tooltip","type","xaxis","yaxis","xaxis2","yaxis2","xaxisvalues","yaxisvalues","width","alpha","background","bevel","border","crosshair","fill","format","plotarea","refresh","query"] },
"cfchartdata":            { "attributes": ["item","value"] },
"cfchartseries":          { "attributes": ["type","query","itemcolumn","valuecolumn","serieslabel","paintstyle","markerstyle","colorlist","datalabelstyle","alpha","background","bevel","border","aspect","animate","data","hovermarker","marker","scales","shadow","zcolumn","tooltip","label","seriescolor"] },
"cfcol":                  { "attributes": ["header","width","align","text"] },
"cfcollection":           { "attributes": ["action","collection","path","language","name","categories","engine"] },
"cfcomponent":            { "attributes": ["extends","initmethod","implements","output","displayname","name","hint","style","namespace","serviceportname","porttypename","bindingname","wsdlfile","serviceaddress","persistent","entityName","table","schema","catalog","dynamicinsert","dynamicupdate","readonly","selectbeforeupdate","batchsize","optimisticlock","lazy","rowid","discriminatorColumn","discriminatorValue","joinColumn","embedded","cacheUse","cacheName","saveMapping","accessors","serializable","alias","datasource","mappedSuperClass","rest","restPath","httpMethod","produces","consumes","indexable","indexLanguage","autoindex","wsversion"] },
"cfcontent":              { "attributes": ["type","deletefile","file","variable","reset"] },
"cfcontinue":             { "attributes": [ ] },
"cfcookie":               { "attributes": ["name","value","expires","secure","path","domain","httpOnly","casesensitive","encodevalue","preservecase"] },
"cfdbinfo":               { "attributes": ["type","datasource","name","dbname","username","password","pattern","table"] },
"cfdefaultcase":          { "attributes": [ ] },
"cfdirectory":            { "attributes": ["action","directory","name","filter","mode","sort","newdirectory","recurse","type","listinfo","storeLocation","storeACL","destination"] },
"cfdiv":                  { "attributes": ["id","onBindError","bind","tagName","bindonload"] },
"cfdocument":             { "attributes": ["format","filename","overwrite","name","pagetype","pageheight","pagewidth","orientation","margintop","marginbottom","marginleft","marginright","unit","encryption","ownerpassword","userpassword","permissions","fontembed","backgroundvisible","scale","authpassword","authuser","bookmark","localurl","mimetype","proxypassword","proxyuser","saveasname","src","srcfile","useragent","proxyhost","proxyport","tagged","pdfa","formFields","formsType","permissionsPassword","openPassword"] },
"cfdocumentitem":         { "attributes": ["type","evalAtPrint"] },
"cfdocumentsection":      { "attributes": ["margintop","marginbottom","marginleft","marginright","authpassword","authuser","mimetype","name","src","srcfile","useragent"] },
"cfdump":                 { "attributes": ["var","expand","format","hide","keys","label","metainfo","output","show","showUDfs","top","abort"] },
"cfelse":                 { "attributes": [ ] },
"cfelseif":               { "attributes": [ ] },
"cferror":                { "attributes": ["type","template","mailto","exception"] },
"cfexchangecalendar":     { "attributes": ["action","attachmentpath","connection","event","generateUniquefilenames","message","name","notify","responseType","result","uid","attendees","dataRequestType","emailaddress","startdate","enddate","getoccurrence"] },
"cfexchangeconnection":   { "attributes": ["action","connection","mailboxName","password","port","protocol","proxyHost","proxyPort","server","username","folder","recurse","name","exchangeserverlanguage","formbasedauthentication","serverversion"] },
"cfexchangecontact":      { "attributes": ["action","attachmentPath","connection","contact","generateUniqueFilenames","name","result","uid"] },
"cfexchangeconversation": { "attributes": ["action","name","folderID","uid","isRead","destinationFolderID","connection","deleteType"] },
"cfexchangefilter":       { "attributes": ["name","from","to","value"] },
"cfexchangefolder":       { "attributes": ["action","name","folderID","folderPath","pathDelimiter","parentFolderId","connection","result","destinationFolderID","sourceFolderID","deleteType","deleteSubFolders","folder","uid"] },
"cfexchangemail":         { "attributes": ["action","attachmentPath","connection","folder","generateUniqueFilenames","mailUID","meetingUID","message","name","UID","destinationfolder"] },
"cfexchangetask":         { "attributes": ["action","attachmentPath","connection","task","name","results","result","uid"] },
"cfexecute":              { "attributes": ["name","arguments","outputfile","variable","timeout","errorVariable","errorFile"] },
"cfexit":                 { "attributes": ["method"] },
"cffeed":                 { "attributes": ["action","columnmap","enclosureDir","ignoreEnclosureError","name","outputFile","overwrite","overWriteEnclosure","properties","query","source","timeout","proxyServer","xmlvar","proxyPort","proxyPassword","userAgent","proxyUser","escapeChars"] },
"cffile":                 { "attributes": ["action","file","mode","output","addnewline","attributes","charset","source","destination","variable","filefield","nameconflict","accept","result","fixnewline","strict"] },
"cffileupload":           { "attributes": ["url","width","title","extensionfilter","uploadbuttonlabel","progressbar","height","maxUploadSize","maxFileSelect","style","bgcolor","addButtonLabel","name","oncomplete","onerror","clearButtonLabel","deleteButtonLabel","align","wmode","stopOnError","hideUploadButton","onUploadComplete"] },
"cffinally":              { "attributes": [ ] },
"cfflush":                { "attributes": ["interval"] },
"cfform":                 { "attributes": ["name","action","method","format","skin","preservedata","onload","onsubmit","codebase","archive","height","width","onerror","wmode","accessible","preloader","timeout","scriptsrc","style","onreset","id","target","passthrough","onsuccess","enctype","class","enablecab"] },
"cfformgroup":            { "attributes": ["type","query","startrow","maxrows","label","id","style","selectedindex","width","height","enabled","visible","onchange","tooltip"] },
"cfformitem":             { "attributes": ["type","style","width","height","enabled","visible","tooltip","bind"] },
"cfftp":                  { "attributes": ["action","username","password","server","timeout","port","connection","proxyserver","retrycount","stoponerror","passive","transfermode","failifexists","directory","localfile","remotefile","item","existing","new","name","result","attributes","passphrase","buffersize","secure","asciiextensionlist","key","actionparam","fingerprint"] },
"cffunction":             { "attributes": ["name","returntype","roles","access","output","displayname","hint","description","returnformat","securejson","verifyclient","restPath","httpMethod","produces","consumes"] },
"cfgrid":                 { "attributes": ["name","bind","pagesize","striperowcolor","preservepageonsort","striperows","format","height","width","autowidth","vspace","hspace","align","query","insert","delete","sort","font","fontsize","italic","bold","textcolor","href","hrefkey","target","appendkey","highlighthref","onvalidate","onerror","griddataalign","gridlines","rowheight","rowheaders","rowheaderalign","rowheaderfont","rowheaderfontsize","rowheaderitalic","rowheaderbold","rowheadertextcolor","colheaders","colheaderalign","colheaderfont","colheaderfontsize","colheaderitalic","colheaderbold","colheadertextcolor","bgcolor","selectcolor","selectmode","maxrows","notsupported","picturebar","insertbutton","deletebutton","sortascendingbutton","sortdescendingbutton","style","enabled","visible","tooltip","onchange","bindonload","selectonload","onblur","onfocus","collapsible","groupfield","onLoad","multiRowSelect"] },
"cfgridcolumn":           { "attributes": ["name","header","width","font","fontsize","italic","bold","bgcolor","textcolor","href","hrefkey","target","select","display","type","headerfont","headerfontsize","headeritalic","headerbold","headertextcolor","dataalign","headeralign","numberformat","values","valuesdisplay","valuesdelimiter","mask","headerIcon","autoExpand","headerMenu"] },
"cfgridrow":              { "attributes": ["data","delimiter"] },
"cfgridupdate":           { "attributes": ["grid","datasource","tablename","username","password","tableowner","tablequalifier","keyonly","clientinfo"] },
"cfheader":               { "attributes": ["name","value","charset","statuscode","statustext"] },
"cfhtmlhead":             { "attributes": ["text"] },
"cfhttp":                 { "attributes": ["url","port","method","proxyserver","proxyport","proxyuser","proxypassword","username","password","useragent","charset","resolveurl","throwonerror","redirect","timeout","getasbinary","result","delimiter","name","columns","firstrowasheaders","textqualifier","file","multipart","clientcertpassword","path","clientcert","compression","multiparttype"] },
"cfhttpparam":            { "attributes": ["type","name","value","file","encoded","mimetype"] },
"cfif":                   { "attributes": [ ] },
"cfimage":                { "attributes": ["action","angle","color","destination","difficulty","fontSize","format","height","isBase64","name","overwrite","quality","source","structName","text","thickness","width","fonts","interpolation"] },
"cfimap":                 { "attributes": ["password","secure","action","timeout","messageNumber","connection","newFolder","uid","folder","port","stoponerror","generateUniqueFileNames","maxrows","username","startRow","attachmentpath","server","name","recurse"] },
"cfimport":               { "attributes": ["taglib","prefix","path"] },
"cfinclude":              { "attributes": ["template","runonce"] },
"cfindex":                { "attributes": ["collection","action","type","title","key","body","custom1","custom2","custom3","custom4","category","categoryTree","urlpath","extensions","query","recurse","language","status","prefix","docboost","fieldboost","autocommit"] },
"cfinput":                { "attributes": ["name","autosuggest","autosuggestbinddelay","autosuggestminlength","bindattribute","bindonload","id","type","label","style","class","required","mask","validate","validateat","message","range","maxlength","pattern","onvalidate","onerror","size","value","bind","checked","disabled","src","onkeyup","onkeydown","onmouseup","onmousedown","onchange","onclick","daynames","firstdayofweek","monthnames","enabled","visible","tooltip","width","height","passthrough","delimiter","maxresultsdisplayed","onbinderror","showautosuggestloadingicon","sourcefortooltip","typeahead","matchContains"] },
"cfinsert":               { "attributes": ["datasource","tablename","tableowner","tablequalifier","username","password","formfields","providerdsn","fetchclientinfo","dbtype","clientinfo","dbname","dbserver","provider"] },
"cfinterface":            { "attributes": ["displayName","extends","hint"] },
"cfinvoke":               { "attributes": ["component","method","returnvariable","argumentcollection","username","password","webservice","timeout","proxyserver","proxyport","proxyuser","proxypassword","serviceport","refreshwsdl","wsdl2javaargs","wsversion"] },
"cfinvokeargument":       { "attributes": ["name","value","omit"] },
"cflayout":               { "attributes": ["type","align","name","padding","style","tabheight","tabposition","titlecollapse","activeontop","fillheight","fitToWindow","height","width","buttonStyle","tabstrip"] },
"cflayoutarea":           { "attributes": ["position","align","closable","collapsible","disabled","initCollapsed","initHide","maxSize","minSize","name","onBindError","overflow","selected","size","source","splitter","style","title","refreshonactivate","titleIcon","bindOnLoad","tabtip"] },
"cfldap":                 { "attributes": ["server","port","username","password","action","name","timeout","maxrows","start","scope","attributes","returnasbinary","filter","sort","sortcontrol","dn","startrow","modifytype","rebind","referral","secure","separator","delimiter"] },
"cflocation":             { "attributes": ["url","addtoken","statuscode"] },
"cflock":                 { "attributes": ["timeout","scope","name","throwontimeout","type"] },
"cflog":                  { "attributes": ["text","log","file","type","application"] },
"cflogin":                { "attributes": ["idletimeout","applicationtoken","cookiedomain"] },
"cfloginuser":            { "attributes": ["name","password","roles"] },
"cflogout":               { "attributes": [ ] },
"cfloop":                 { "attributes": ["index","to","from","step","condition","query","startrow","endrow","list","delimiters","collection","item","array","characters","file","group","groupcasesensitive"] },
"cfmail":                 { "attributes": ["to","from","cc","bcc","subject","replyto","failto","username","password","wraptext","charset","type","mimeattach","query","group","groupcasesensitive","startrow","maxrows","server","port","mailerid","timeout","spoolenable","debug","priority","usessl","usetls","remove","keystore","keypassword","sign","keyalias","keystorepassword"] },
"cfmailparam":            { "attributes": ["file","type","name","value","contentID","disposition","content","remove"] },
"cfmailpart":             { "attributes": ["type","wraptext","charset"] },
"cfmap":                  { "attributes": ["width","centerlongitude","centeraddress","continuouszoom","type","title","zoomcontrol","tip","overview","hideborder","doubleclickzoom","key","collapsible","zoomlevel","height","centerlatitude","onload","typecontrol","displayscale","name","scrollwheelzoom","markerBind","showMarkerWindow","markerWindowContent","markerIcon","markerColor","onError","showCenterMarker","showScale","showallmarkers","showmarkerwinodw","showuser","initshow"] },
"cfmapitem":              { "attributes": ["longitude","address","tip","latitude","name","showMarkerWindow","markerWindowContent","markerIcon","markerColor","showmarkerwinodw","showuser"] },
"cfmediaplayer":          { "attributes": ["width","height","fullscreencontrol","hideBorder","controlbar","align","onload","bgcolor","source","name","quality","hideTitle","oncomplete","onstart","wmode","autoPlay","style","type","repeat","posterImage","skin","title","onerror","onpause"] },
"cfmenu":                 { "attributes": ["bgcolor","childstyle","font","fontcolor","fontsize","menustyle","name","selectedfontcolor","selecteditemcolor","type","width"] },
"cfmenuitem":             { "attributes": ["display","childstyle","divider","href","image","menustyle","name","style","target"] },
"cfmessagebox":           { "attributes": ["labelcancel","callbackHandler","labelok","title","type","message","labelno","labelyes","multiline","name","bodyStyle","buttonType","icon","modal","width","x","y"] },
"cfmodule":               { "attributes": ["template","name","attributecollection"] },
"cfntauthenticate":       { "attributes": ["name","username","password","domain","result","listgroups","throwonerror"] },
"cfobject":               { "attributes": ["type","action","class","name","context","server","component","locale","webservice","password","secure","protocol","proxyserver","refreshwsdl","wsportname","wsdl2javaargs","proxyport","port","proxypassword","assembly","username","proxyuser","wsversion"] },
"cfobjectcache":          { "attributes": ["action"] },
"cfoutput":               { "attributes": ["query","group","groupcasesensitive","startrow","maxrows"] },
"cfparam":                { "attributes": ["name","type","default","max","min","pattern","maxlength"] },
"cfpdf":                  { "attributes": ["action","ascending","copyfrom","destination","directory","encrypt","flatten","foreground","image","info","isBase64","keepbookmark","name","newownerpassword","newuserpassword","opacity","order","overwrite","password","permissions","position","rotation","showonprint","source","type","version","transparent","resolution","stoponerror","inputfiles","scale","imageprefix","outputfiles","pages","ddxfile","saveoption","format","hires","maxScale","maxBreadth","maxLength","compressTIFFs","overridepage","package","hScale","vScale","noBookMarks","noAttachments","noComments","noJavaScripts","noLinks","noMetadata","noThumbnails","noFonts","algo","topMargin","leftMargin","rightMargin","bottomMargin","numberFormat","align","honourspaces","addQuads","text","useStructure","jpgdpi","encodeAll","charset"] },
"cfpdfform":              { "attributes": ["action","datafile","destination","overwrite","overwritedata","result","source","xmldata","name","fdf","fdfData"] },
"cfpdfformparam":         { "attributes": ["index","name","value","imagefield"] },
"cfpdfparam":             { "attributes": ["password","source","pages"] },
"cfpdfsubform":           { "attributes": ["index","name"] },
"cfpod":                  { "attributes": ["bodyStyle","headerStyle","height","name","onBindError","overflow","source","title","width"] },
"cfpop":                  { "attributes": ["server","port","username","password","action","name","messagenumber","uid","attachmentpath","timeout","maxrows","startrow","generateuniquefilenames","secure"] },
"cfpresentation":         { "attributes": ["backgroundColor","control","controlLocation","directory","glowColor","initialTab","lightColor","overwrite","primaryColor","shadowColor","showNotes","showOutline","showSearch","textColor","title","authpassword","authuser","autoplay","loop","proxypassword","proxyuser","proxyhost","proxyport","useragent","destination","format"] },
"cfpresentationslide":    { "attributes": ["audio","bottomMargin","duration","notes","presenter","rightMargin","scale","src","title","topMargin","video","advance","authpassword","authuser","marginbottom","marginleft","marginright","margintop","useragent","slides","useexternalprogram"] },
"cfpresenter":            { "attributes": ["biography","email","image","name","logo","title"] },
"cfprint":                { "attributes": ["source","attributestruct","copies","jobname","orientation","pages","password","papersize","quality","color","coverpage","type","printer","sides","paper","fidelity"] },
"cfprocessingdirective":  { "attributes": ["suppresswhitespace","pageencoding"] },
"cfprocparam":            { "attributes": ["type","variable","value","cfsqltype","maxlength","scale","null","dbvarname"] },
"cfprocresult":           { "attributes": ["name","resultset","maxrows"] },
"cfprogressbar":          { "attributes": ["width","height","bind","oncomplete","name","duration","interval","style","autoDisplay","onError"] },
"cfproperty":             { "attributes": ["name","type","required","default","displayname","hint","fieldtype","ormType","column","generator","sequence","selectkey","params","length","precision","index","setter","getter","source","elementcolumn","elementtype","structkeytype","structkeycolumn","inversejoincolumn","linkschema","linkcatalog","linktable","missingRowIgnored","inverse","orderby","fkcolumn","fetch","cascade","constrained","unique","uniquekey","notnull","update","insert","generated","formula","lazy","optimisticLock","scale","mappedby","cfc","joinColumn","validate","validateParams","cacheUse","sqlType","dbDefault","where","persistent","unSavedValue","serializable","singularname","remotingFetch","table","indexBoost","indexTokenize","indexStore","indexFieldName","indexable","indexLanguage"] },
"cfquery":                { "attributes": ["name","datasource","ormoptions","dbtype","username","password","maxrows","blockfactor","timeout","cachedafter","cachedwithin","debug","result","cacheId","cacheRegion","fetchclientinfo","clientinfo"] },
"cfqueryparam":           { "attributes": ["value","cfsqltype","maxlength","scale","null","list","separator"] },
"cfregistry":             { "attributes": ["action","branch","entry","variable","type","sort","directory","name","mode","newdirectory","value","recurse","registryversion"] },
"cfreport":               { "attributes": ["template","format","name","filename","query","overwrite","encryption","ownerpassword","userpassword","permissions","datasource","type","timeout","report","orderby","username","password","formula","resourcetimespan","style"] },
"cfreportparam":          { "attributes": ["name","value","chart","query","series","style","subreport"] },
"cfrethrow":              { "attributes": [ ] },
"cfreturn":               { "attributes": [ ] },
"cfsavecontent":          { "attributes": ["variable"] },
"cfschedule":             { "attributes": ["action","task","operation","file","path","startdate","starttime","URL","port","publish","enddate","endtime","interval","requesttimeout","username","password","proxyserver","proxyport","proxyuser","proxypassword","resolveurl","group","onException","repeat","onComplete","cronTime","priority","eventHandler","exclude","cluster","onMisfire","retrycount","mode","result","overwrite"] },
"cfscript":               { "attributes": [ ] },
"cfsearch":               { "attributes": ["name","collection","category","categorytree","status","type","criteria","maxrows","startrow","suggestions","contextpassages","contextbytes","contexthighlightbegin","contexthighlightend","previouscriteria","language","orderBy","searchcolumns","searchtime"] },
"cfselect":               { "attributes": ["name","id","bind","bindAttribute","bindOnLoad","editable","label","style","sourceForTooltip","size","required","message","onerror","multiple","query","value","display","group","queryposition","selected","onkeyup","onkeydown","onmouseup","onmousedown","onchange","onclick","enabled","visible","tooltip","height","width","passthrough","onbinderror"] },
"cfset":                  { "attributes": [ ] },
"cfsetting":              { "attributes": ["enablecfoutputonly","showdebugoutput","requesttimeout"] },
"cfsharepoint":           { "attributes": ["password","action","login","params","domain","username","name","wsdl"] },
"cfsilent":               { "attributes": [ ] },
"cfslider":               { "attributes": ["name","label","range","scale","value","onvalidate","message","height","width","vspace","hspace","align","lookandfeel","vertical","bgcolor","textcolor","font","fontsize","italic","bold","notsupported","clickToChange","max","onChange","min","onDrag","onerror","increment","tip","format"] },
"cfspreadsheet":          { "attributes": ["password","sheetname","action","rows","overwrite","src","filename","columns","columnnames","query","sheet","headerrow","name","format","excludeheaderrow"] },
"cfsprydataset":          { "attributes": ["bind","name","onbinderror","options","type","xpath"] },
"cfstoredproc":           { "attributes": ["procedure","datasource","username","password","blockfactor","debug","returncode","result","fetchclientinfo","clientinfo","timeout"] },
"cfswitch":               { "attributes": ["expression"] },
"cftable":                { "attributes": ["query","maxrows","colspacing","headerlines","htmltable","border","colheaders","startrow"] },
"cftextarea":             { "attributes": ["name","id","label","style","required","html","validate","validateat","message","range","maxlength","pattern","onvalidate","onerror","disabled","value","bind","onkeyup","onkeydown","onmouseup","onmousedown","onchange","onclick","enabled","visible","tooltip","toolbar","height","width","basepath","bindattribute","bindonload","fontformats","fontnames","fontsizes","onbinderror","richtext","skin","wrap","sourcefortooltip","stylesxml","templatesxml","toolbaronfocus","secureUpload"] },
"cftextinput":            { "attributes": ["name","value","required","range","validate","onvalidate","pattern","message","onerror","size","font","fontsize","italic","bold","height","width","vspace","hspace","align","bgcolor","textcolor","maxlength","notsupported","label"] },
"cfthread":               { "attributes": ["action","duration","name","priority","timeout"] },
"cfthrow":                { "attributes": ["type","message","detail","errorcode","extendedinfo","object"] },
"cftimer":                { "attributes": ["label","type"] },
"cftooltip":              { "attributes": ["preventoverlap","autodismissdelay","hidedelay","showdelay","sourcefortooltip","tooltip","style"] },
"cftrace":                { "attributes": ["abort","category","inline","text","type","var"] },
"cftransaction":          { "attributes": ["action","isolation","savepoint","nested"] },
"cftree":                 { "attributes": ["name","format","required","delimiter","completepath","appendkey","highlighthref","onvalidate","message","onerror","lookandfeel","font","fontsize","italic","bold","height","width","vspace","hspace","align","border","hscroll","vscroll","style","enabled","visible","tooltip","onchange","onblur","onfocus","notsupported","cache","label","value"] },
"cftreeitem":             { "attributes": ["bind","value","display","parent","img","imgopen","href","target","query","queryAsRoot","expand","onbinderror"] },
"cftry":                  { "attributes": [ ] },
"cfupdate":               { "attributes": ["datasource","tablename","tableowner","tablequalifier","username","password","formfields","clientinfo"] },
"cfwddx":                 { "attributes": ["action","input","output","toplevelvariable","usetimezoneinfo","validate"] },
"cfwebsocket":            { "attributes": ["onerror","onopen","subscribeto","name","usecfauth","onclose","onmessage"] },
"cfwindow":               { "attributes": ["bodyStyle","center","closable","draggable","headerStyle","height","initShow","minHeight","minWidth","modal","name","onBindError","resizable","source","title","width","x","y","refreshonshow","destroyOnClose"] },
"cfxml":                  { "attributes": ["variable","casesensitive"] },
"cfzip":                  { "attributes": ["action","charset","destination","entrypath","file","filter","name","overwrite","prefix","recurse","showDirectory","source","storePath","variable"] },
"cfzipparam":             { "attributes": ["charset","content","entrypath","filter","prefix","recurse","source"] }
}
