{"E":{"s":"The Math.E property represents the base of natural logarithms, e, approximately 2.718.","y":"","p":null},"LN2":{"s":"The Math.LN2 property represents the natural logarithm of 2, approximately 0.693.","y":"","p":null},"LN10":{"s":"The Math.LN10 property represents the natural logarithm of 10, approximately 2.302.","y":"","p":null},"LOG2E":{"s":"The Math.LOG2E property represents the base 2 logarithm of E (approximately 1.442).","y":"","p":null},"LOG10E":{"s":"The Math.LOG10E property represents the base 10 logarithm of E (approximately 0.434).","y":"","p":null},"PI":{"s":"The Math.PI property represents the ratio of the circumference of a circle to its diameter, approximately 3.14159.","y":"","p":null},"SQRT1_2":{"s":"","y":"","p":null},"SQRT2abs":{"s":"","y":"","p":null},"acos":{"s":"The Math.acos() function returns the arccosine (in radians) of a number.","y":"Math.acos(x) ","p":null},"acosh":{"s":"The Math.acosh() function returns the hyperbolic arccosine (in radians) of a number.","y":"Math.acosh(x) ","p":null},"asin":{"s":"The Math.asin() function returns the arcsine (in radians) of a number.","y":"Math.asin(x)","p":[{"t":"x","d":"A number."}]},"asinh":{"s":"The Math.asinh() function returns the hyperbolic arcsine (in radians) of a number.","y":"Math.asinh(x)","p":[{"t":"x","d":"A number."}]},"atan":{"s":"The Math.atan() function returns the arctangent (in radians) of a number.","y":"Math.atan(x)","p":[{"t":"x","d":"A number."}]},"atanh":{"s":"The Math.atanh() function returns the hyperbolic arctangent (in radians) of a number.","y":"Math.atanh(x)","p":[{"t":"x","d":"A number."}]},"atan2":{"s":"The Math.atan2() function returns the arctangent of the quotient of its arguments.","y":"Math.atan2(y, x) ","p":null},"cbrt":{"s":"The Math.cbrt() function returns the cube root (x3) of a number.","y":"\nMath.cbrt(x)","p":[{"t":"x","d":"A number."}]},"ceil":{"s":"The Math.ceil() function returns the smallest integer greater than or equal to a number.","y":"Math.ceil(x) ","p":[{"t":"x","d":"A number."}]},"cos":{"s":"The Math.cos() function returns the cosine of a number.","y":"Math.cos(x)","p":[{"t":"x","d":"A number given in unit of radians."}]},"cosh":{"s":"The Math.cosh() function returns the hyperbolic cosine of a number.","y":"Math.cosh(x)","p":[{"t":"x","d":"A number."}]},"exp":{"s":"The Math.exp() function returns Ex, where x is the argument, and E is Euler's constant, the base of the natural logarithms.","y":"Math.exp(x)","p":[{"t":"x","d":"A number."}]},"expm1":{"s":"The Math.expm1() function returns Ex - 1, where x is the argument, and E is Euler's constant, the base of the natural logarithms.","y":"Math.expm1(x)","p":[{"t":"x","d":"A number."}]},"floor":{"s":"The Math.floor() function returns the largest integer less than or equal to a number.","y":"Math.floor(x) ","p":[{"t":"x","d":"A number."}]},"fround":{"s":"The Math.fround() function returns the nearest single precision float representation of a number.","y":"Math.fround(x)","p":[{"t":"x","d":"A number."}]},"hypot":{"s":"The Math.hypot() function returns the square root of the sum of squares of its arguments ( value12+value22+...  \\sqrt{\\mathrm{value}_1^2+\\mathrm{value}_2^2+...})","y":"\nMath.hypot([value1[,value2, ...]]) ","p":null},"imul":{"s":"The Math.imul() function returns the result of the C-like 32-bit multiplication of the two parameters.","y":"Math.imul(a, b)","p":[{"t":"a","d":"First number."},{"t":"b","d":"Second number."}]},"log":{"s":"The Math.log() function returns the natural logarithm (base E) of a number.","y":"Math.log(x)","p":[{"t":"x","d":"A number."}]},"log1p":{"s":"The Math.log1p() function returns the natural logarithm (base E) of 1 + a number.","y":"Math.log1p(x)","p":[{"t":"x","d":"A number."}]},"log10":{"s":"The Math.log10() function returns the base 10 logarithm of a number.","y":"Math.log10(x)","p":[{"t":"x","d":"A number."}]},"log2":{"s":"The Math.log2() function returns the base 2 logarithm of a number.","y":"Math.log2(x)","p":[{"t":"x","d":"A number."}]},"max":{"s":"The Math.max() function returns the largest of zero or more numbers.","y":"Math.max([value1[,value2, ...]]) ","p":null},"min":{"s":"The Math.min() function returns the smallest of zero or more numbers.","y":"Math.min([value1[,value2, ...]]) ","p":[{"t":"value1, value2, ...","d":"Numbers."}]},"pow":{"s":"The Math.pow() function returns the base to the\u00a0exponent Power,\u00a0 that is, baseexponent.","y":"Math.pow(base, exponent) ","p":[{"t":"base","d":"The base number."},{"t":"exponent","d":"The exponent used to raise the\u00a0base."}]},"random":{"s":"The Math.random() function returns a floating-point, pseudo-random number in the range [0, 1)\u00a0that is, from 0 (inclusive) up to but not including 1 (exclusive), which you can then scale to your desired range.","y":"Math.random()","p":null},"round":{"s":"The Math.round() function returns the value of a number rounded to the nearest integer.","y":"Math.round(x) ","p":[{"t":"x","d":"A number."}]},"sign":{"s":"The Math.sign() function returns the sign of a number, indicating whether the number is positive, negative or zero.","y":"Math.sign(x)","p":[{"t":"x","d":"A number."}]},"sin":{"s":"The Math.sin() function returns the sine of a number.","y":"Math.sin(x)","p":[{"t":"x","d":"A number (given in radians)."}]},"sinh":{"s":"The Math.sinh() function returns the hyperbolic sine of a number.","y":"Math.sinh(x)","p":[{"t":"x","d":"A number (given in radians)."}]},"sqrt":{"s":"The Math.sqrt() function returns the square root (x\\sqrt{x}) of a number.","y":"\nMath.sqrt(x) ","p":[{"t":"x","d":"A number."}]},"tan":{"s":"The Math.tan() function returns the tangent of a number.","y":"Math.tan(x)","p":[{"t":"x","d":"A number representing an angle in radians."}]},"tanh":{"s":"The Math.tanh() function returns the hyperbolic tangent of a number.","y":"Math.tanh(x)","p":[{"t":"x","d":"A number."}]},"trunc":{"s":"The Math.trunc() function returns the integral part of a number by removing any fractional digits. It does not round any numbers.","y":"Math.trunc(x)","p":[{"t":"x","d":"A number."}]}}