{"exec":{"s":"The exec() method executes a search for a match in a specified string. Returns a result array, or null.","y":"regexObj.exec(str)","p":[{"t":"str","d":"The string against which to match the regular expression."}]},"test":{"s":"The test() method executes a search for a match between a regular expression and a specified string. Returns true or false.","y":"regexObj.test(str)","p":[{"t":"str","d":"The string against which to match the regular expression."}]},"toSource":{"s":"The toSource() method returns a string representing the source code of the object.","y":"regexObj.toSource()\nRegExp.toSource()\n","p":null},"toString":{"s":"The toString() method returns a string representing the regular expression.","y":"regexObj.toString()","p":null}}