{
"cfabort":               { "attributes": ["type","showerror"] },
"cfadmin":               { "attributes": [ ] },
"cfapplet":              { "attributes": ["height","notsupported","align","appletsource","width","name","hspace","paramn","vspace"] },
"cfapplication":         { "attributes": ["setclientcookies","sessionmanagement","setdomaincookies","name","sessiontimeout","clientstorage","clientmanagement","scriptprotect","loginstorage","applicationtimeout"] },
"cfargument":            { "attributes": ["default","required","hint","displayname","name","type"] },
"cfassociate":           { "attributes": ["basetag","datacollection"] },
"cfauthenticate":        { "attributes": [ ] },
"cfbreak":               { "attributes": [ ] },
"cfcache":               { "attributes": ["cachedirectory","Timespan","directory","password","protocol","id","key","port","timeout","action","expireurl","username"] },
"cfcalendar":            { "attributes": ["endrange","visible","monthnames","startrange","disabled","tooltip","onblur","firstdayofweek","enabled","height","daynames","width","mask","style","selecteddate","onchange","onfocus","name"] },
"cfcase":                { "attributes": ["delimiters","value"] },
"cfcatch":               { "attributes": ["type"] },
"cfchart":               { "attributes": ["fontitalic","showmarkers","xaxistitle","gridlines","yaxistype","sortxaxis","foregroundcolor","databackgroundcolor","labelformat","style","show3d","URL","fontbold","name","scalefrom","backgroundcolor","chartheight","yaxistitle","xoffset","tipstyle","scaleto","format","font","xaxistype","tipbgcolor","showlegend","chartwidth","markersize","showygridlines","showborder","showxgridlines","title","pieslicestyle","yoffset","fontsize","seriesplacement"] },
"cfchartdata":           { "attributes": ["item","value"] },
"cfchartseries":         { "attributes": ["valuecolumn","itemcolumn","query","markerstyle","colorlist","seriescolor","serieslabel","type","datalabelstyle","paintstyle"] },
"cfcol":                 { "attributes": ["text","align","width","header"] },
"cfcollection":          { "attributes": ["language","path","collection","categories","name","action"] },
"cfcomponent":           { "attributes": ["name","bindingname","hint","wsdlfile","style","output","serviceportname","display","displayname","synchronized","extends","porttypename","namespace"] },
"cfcontent":             { "attributes": ["content","reset","deletefile","variable","file","type"] },
"cfcontinue":            { "attributes": [ ] },
"cfcookie":              { "attributes": ["domain","expires","path","name","value","secure"] },
"cfdefaultcase":         { "attributes": [ ] },
"cfdirectory":           { "attributes": ["mode","sort","filter","directory","serverpassword","recurse","listinfo","name","action","newdirectory"] },
"cfdocument":            { "attributes": ["marginbottom","permissions","filename","proxyuser","pageheight","name","fontembed","pagetype","encryption","src","format","proxyport","backgroundvisible","proxypassword","marginright","marginleft","scale","pagewidth","proxyserver","ownerpassword","userpassword","unit","overwrite","srcfile","orientation","margintop","mimetype"] },
"cfdocumentitem":        { "attributes": ["type"] },
"cfdocumentsection":     { "attributes": ["marginbottom","marginright","marginleft","srcfile","margintop","src","mimetype"] },
"cfdump":                { "attributes": ["maxlevel","var","type","eval","expand","label"] },
"cfelse":                { "attributes": [ ] },
"cfelseif":              { "attributes": ["contition"] },
"cferror":               { "attributes": ["mailto","exception","template","type"] },
"cfexecute":             { "attributes": ["outputfile","arguments","variable","name","timeout"] },
"cfexit":                { "attributes": ["method"] },
"cffile":                { "attributes": ["charset","mode","source","fixnewline","variable","filefield","serverpassword","output","accept","nameconflict","file","addnewline","destination","action","result","attributes"] },
"cffinally":             { "attributes": [ ] },
"cfflush":               { "attributes": ["interval"] },
"cfform":                { "attributes": ["skin","onmouseover","acceptcharset","onmousemove","scriptsrc","enablecab","style","codebase","passthrough","onreset","width","onmousedown","dir","accept","archive","name","enctype","class","timeout","onclick","format","preloader","method","height","onmouseup","onkeydown","wmode","accessible","preservedata","onsubmit","lang","id","onmouseout","onload","target","onkeyup","onkeypress","action","title","ondblclick"] },
"cfformgroup":           { "attributes": ["style","id","width","visible","onchange","maxrows","selectedindex","enabled","query","type","label","startrow","height","tooltip"] },
"cfformitem":            { "attributes": ["height","enabled","type","width","style","tooltip","visible","bind"] },
"cfforward":             { "attributes": ["template"] },
"cfftp":                 { "attributes": ["remotefile","failifexists","item","existing","retrycount","proxyport","proxypassword","server","directory","proxyuser","localfile","transfermode","proxyserver","asciiextensionlist","password","name","port","timeout","action","result","stoponerror","connection","username","new","passive"] },
"cffunction":            { "attributes": ["access","hint","returntype","output","displayname","throws","name","roles","description"] },
"cfgraph":               { "attributes": ["itemcolumn","query","gridlines","graphheight","valuelabelfont","linewidth","fill","bordercolor","showitemlabel","url","titlefont","scalefrom","borderwidth","legendfont","backgroundcolor","barspacing","scaleto","valuecolumn","valuelocation","showlegend","colorlist","showvaluelabel","linecolor","itemlabelsize","urlcolumn","valuelabelsize","graphwidth","itemlabelorientation","fileformat","itemlabelfont","type","title","depth"] },
"cfgraphdata":           { "attributes": ["item","color","url","value"] },
"cfgrid":                { "attributes": ["target","width","textcolor","notsupported","height","autowidth","rowheaders","colheaders","bold","insertbutton","sortascendingbutton","deletebutton","rowheaderbold","selectmode","insert","enabled","name","onvalidate","gridlines","colheaderfontsize","maxrows","italic","href","fontsize","visible","picturebar","onblur","rowheaderalign","format","hspace","onerror","colheadertextcolor","rowheight","rowheaderitalic","griddataalign","colheaderfont","tooltip","colheaderalign","delete","hrefkey","rowheaderwidth","colheaderitalic","rowheadertextcolor","selectcolor","vspace","appendkey","style","colheaderbold","onfocus","align","rowheaderfontsize","font","highlighthref","sort","query","bgcolor","sortdescendingbutton","rowheaderfont","onchange"] },
"cfgridcolumn":          { "attributes": ["bgcolor","values","headeralign","dataalign","type","valuesdelimiter","italic","hrefkey","font","select","bold","width","headerfontsize","display","headertextcolor","header","mask","href","numberformat","headerfont","fontsize","headeritalic","headerbold","textcolor","target","valuesdisplay","name"] },
"cfgridrow":             { "attributes": ["data"] },
"cfgridupdate":          { "attributes": ["datasource","grid","dbname","tablequalifier","providerdsn","username","tablename","keyonly","dbserver","connectstring","provider","tableowner","password","dbtype"] },
"cfheader":              { "attributes": ["charset","statustext","statuscode","name","value"] },
"cfhtmlhead":            { "attributes": ["text"] },
"cfhttp":                { "attributes": ["charset","getasbinary","throwonerror","useragent","proxyuser","url","columns","password","file","firstrowasheaders","textqualifier","name","timeout","delimiter","multipart","username","result","method","proxyport","proxypassword","path","proxyserver","port","redirect","resolveurl"] },
"cfhttpparam":           { "attributes": ["encoded","file","name","type","value","mimetype"] },
"cfif":                  { "attributes": ["contition"] },
"cfimport":              { "attributes": ["prefix","taglib"] },
"cfinclude":             { "attributes": ["template"] },
"cfindex":               { "attributes": ["prefix","language","query","custom3","custom1","recurse","urlpath","status","collection","categoryTree","external","extensions","category","key","type","custom4","custom2","action","title","body"] },
"cfinput":               { "attributes": ["onmouseover","range","border","datasrc","onmousemove","maxlength","tooltip","style","passthrough","onvalidate","width","dir","accept","alt","mask","onfocus","class","value","checked","tabindex","onchange","required","validateat","monthnames","onselect","size","id","onmouseout","notab","onkeypress","title","firstdayofweek","readonly","message","daynames","align","datafld","disabled","ismap","onmousedown","name","bind","label","accesskey","onclick","src","height","onerror","enabled","pattern","onmouseup","onkeydown","dataformatas","visible","lang","onblur","type","hspace","onkeyup","usemap","validate","ondblclick"] },
"cfinsert":              { "attributes": ["tablequalifier","tablename","tableowner","formfields","password","datasource","username"] },
"cfinvoke":              { "attributes": ["serviceport","proxyport","proxypassword","proxyuser","proxyserver","password","webservice","timeout","username","returnvariable","method","argumentcollection","component"] },
"cfinvokeargument":      { "attributes": ["omit","name","value"] },
"cfldap":                { "attributes": ["returnasbinary","sort","filter","server","start","rebind","dn","startrow","separator","password","maxrows","name","filterfile","referral","port","scope","timeout","action","delimiter","modifytype","attributes","username","sortcontrol"] },
"cflocation":            { "attributes": ["addtoken","url","statuscode"] },
"cflock":                { "attributes": ["throwontimeout","id","name","type","scope","timeout"] },
"cflog":                 { "attributes": ["date","charset","text","application","log","time","file","type","thread"] },
"cflogin":               { "attributes": ["cookiedomain","applicationtoken","idletimeout"] },
"cfloginuser":           { "attributes": ["password","name","roles"] },
"cflogout":              { "attributes": [ ] },
"cfloop":                { "attributes": ["condition","item","query","charset","delimiters","list","startline","to","step","collection","endrow","startrow","index","file","from","endline"] },
"cfmail":                { "attributes": ["query","charset","mimeattach","server","proxyuser","startrow","password","maxrows","from","timeout","username","proxyport","proxypassword","wraptext","subject","failto","to","mailerid","proxyserver","cc","groupcasesensitive","type","port","replyto","spoolenable","group","bcc"] },
"cfmailparam":           { "attributes": ["contentID","disposition","file","name","type","value"] },
"cfmailpart":            { "attributes": ["charset","wraptext","type"] },
"cfmodule":              { "attributes": [ ] },
"cfntauthenticate":      { "attributes": ["result","password","listgroups","throwonerror","domain","username"] },
"cfobject":              { "attributes": ["context","delimiters","server","locale","name","webservice","type","class","action","component"] },
"cfobjectcache":         { "attributes": ["action"] },
"cfoutput":              { "attributes": ["query","startrow","maxrows","groupcasesensitive","group"] },
"cfparam":               { "attributes": ["default","pattern","min","name","type","max"] },
"cfpop":                 { "attributes": ["attachmentpath","server","uid","messagenumber","generateuniquefilenames","startrow","password","maxrows","name","port","timeout","action","username"] },
"cfprocessingdirective": { "attributes": ["pageencoding","suppresswhitespace"] },
"cfprocparam":           { "attributes": ["maxlength","variable","scale","null","cfsqltype","type","dbvarname","value"] },
"cfprocresult":          { "attributes": ["maxrows","name","resultset"] },
"cfproperty":            { "attributes": ["default","access","required","hint","displayname","name","type"] },
"cfquery":               { "attributes": ["provider","connectstring","cachedafter","dbtype","providerdsn","dbserver","psq","cachename","dbname","password","maxrows","name","timeout","debug","datasource","blockfactor","username","result","cachedwithin"] },
"cfqueryparam":          { "attributes": ["maxlength","list","scale","separator","null","cfsqltype","value"] },
"cfregistry":            { "attributes": ["sort","variable","entry","name","type","value","action","branch"] },
"cfreport":              { "attributes": ["formula","password","overwrite","type","username","query","userpassword","datasource","ownerpassword","permissions","timeout","orderby","encryption","filename","report","format","template","name"] },
"cfreportparam":         { "attributes": ["name","value"] },
"cfrethrow":             { "attributes": [ ] },
"cfreturn":              { "attributes": ["expr"] },
"cfsavecontent":         { "attributes": ["variable"] },
"cfschedule":            { "attributes": ["operation","hidden","requesttimeout","proxyuser","serverpassword","URL","password","endtime","file","username","publish","task","returnvariable","starttime","proxyport","proxypassword","enddate","interval","startdate","path","proxyserver","port","action","readonly","resolveurl"] },
"cfscript":              { "attributes": ["language"] },
"cfsearch":              { "attributes": ["language","previouscriteria","suggestions","status","startrow","criteria","collection","categorytree","external","contextbytes","category","maxrows","name","type","contexthighlightbegin","contextpassages","contexthighlightend"] },
"cfselect":              { "attributes": ["onmouseover","query","message","queryposition","multiple","datasrc","onmousemove","tooltip","style","datafld","display","passthrough","disabled","width","onmousedown","dir","name","onfocus","class","value","label","onclick","tabindex","height","selected","onchange","required","onerror","enabled","onmouseup","onkeydown","dataformatas","visible","size","lang","onblur","id","onmouseout","onkeyup","onkeypress","editable","title","group","ondblclick"] },
"cfservlet":             { "attributes": ["code","writeoutput","timeout","debug","jrunproxy"] },
"cfservletparam":        { "attributes": ["variable","name","type","value"] },
"cfset":                 { "attributes": ["noname"] },
"cfsetting":             { "attributes": ["enablecfoutputonly","requesttimeout","showdebugoutput"] },
"cfsilent":              { "attributes": [ ] },
"cfsleep":               { "attributes": ["time"] },
"cfslider":              { "attributes": ["textcolor","message","range","notsupported","align","bold","lookandfeel","onvalidate","width","name","tickmarkmajor","value","label","font","tickmarkimages","height","tickmarkminor","onerror","bgcolor","vertical","scale","italic","hspace","vspace","tickmarklabels","fontsize","refreshlabel"] },
"cfstopwatch":           { "attributes": ["variable","label"] },
"cfstoredproc":          { "attributes": ["password","returncode","dbserver","procedure","providerdsn","timeout","debug","datasource","result","blockfactor","username","dbname","connectstring","dbtype","provider"] },
"cfswitch":              { "attributes": ["expression"] },
"cftable":               { "attributes": ["query","border","colspacing","colheaders","startrow","maxrows","htmltable","headerlines"] },
"cftextarea":            { "attributes": ["width","height","lang","bind","passthrough","accept","pattern","readonly","enabled","onmouseover","range","message","class","name","onvalidate","alt","cols","required","ondblclick","validate","onkeydown","visible","tabindex","onblur","html","hspace","accesskey","onerror","onmouseup","title","disabled","validateat","onmousedown","tooltip","id","onclick","onkeypress","maxlength","value","onmousemove","onselect","label","style","onfocus","onmouseout","align","onkeyup","rows","dir","onchange"] },
"cftextinput":           { "attributes": ["textcolor","height","message","range","notsupported","required","onerror","maxlength","align","bgcolor","bold","onvalidate","italic","size","width","name","hspace","vspace","value","validate","fontsize","font"] },
"cfthrow":               { "attributes": ["message","detail","errorcode","type","object","extendedinfo"] },
"cftimer":               { "attributes": ["type","label"] },
"cftrace":               { "attributes": ["text","variable","var","abort","category","type","inline"] },
"cftransaction":         { "attributes": ["isolation","action"] },
"cftree":                { "attributes": ["onerror","visible","tooltip","onblur","italic","vspace","onvalidate","completepath","enabled","required","message","appendkey","lookandfeel","font","height","bold","width","border","highlightref","align","notsupported","format","style","onchange","hscroll","fontsize","vscroll","onfocus","delimiter","name"] },
"cftreeitem":            { "attributes": ["href","img","target","display","query","queryAsRoot","imgopen","value","expand","parent"] },
"cftry":                 { "attributes": [ ] },
"cfupdate":              { "attributes": ["tablequalifier","tablename","tableowner","formfields","password","datasource","username"] },
"cfwddx":                { "attributes": ["xmlconform","toplevelvariable","output","usetimezoneinfo","input","action","validate"] },
"cfwhile":               { "attributes": ["condition"] },
"cfxml":                 { "attributes": ["variable","validator","casesensitive"] }
}
