{
    "ngCordovaPlugins": {
        "$cordovaActionSheet": {
            "path": "actionSheet",
            "name": "$cordovaActionSheet",
            "source": "https://github.com/driftyco/ng-cordova/blob/master/src/plugins/actionSheet.js",
            "officialDocs": "https://github.com/EddyVerbruggen/cordova-plugin-actionsheet",
            "ios": "true",
            "android": "true"
        },
        "$cordovaAdMob": {
            "path": "adMob",
            "name": "$cordovaAdMob",
            "source": "https://github.com/driftyco/ng-cordova/blob/master/src/plugins/adMob.js",
            "officialDocs": "https://github.com/floatinghotpot/cordova-admob-pro",
            "ios": "true",
            "android": "true"
        },
        "$cordovaAppAvailability": {
            "path": "appAvailability",
            "name": "$cordovaAppAvailability",
            "source": "https://github.com/driftyco/ng-cordova/blob/master/src/plugins/appAvailability.js",
            "officialDocs": "https://github.com/ohh2ahh/AppAvailability",
            "ios": "true",
            "android": "true"
        },
        "$cordovaAppVersion": {
            "path": "appVersion",
            "name": "$cordovaAppVersion",
            "source": " https://github.com/driftyco/ng-cordova/blob/master/src/plugins/appVersion.js",
            "officialDocs": " https://github.com/whiteoctober/cordova-plugin-app-version",
            "ios": "true",
            "android": "true"
        },
        "$cordovaBackgroundGeolocation": {
            "path": "backgroundGeolocation",
            "name": "$cordovaBackgroundGeolocation",
            "source": "https://github.com/driftyco/ng-cordova/blob/master/src/plugins/backgroundGeolocation.js",
            "officialDocs": "https://github.com/christocracy/cordova-plugin-background-geolocation",
            "ios": "true",
            "android": "true"
        },
        "$cordovaBarcodeScanner": {
            "path": "barcodeScanner",
            "name": "$cordovaBarcodeScanner",
            "source": "https://github.com/driftyco/ng-cordova/blob/master/src/plugins/barcodeScanner.js",
            "officialDocs": "https://github.com/wildabeast/BarcodeScanner/#using-the-plugin",
            "ios": "true",
            "android": "true"
        },
        "$cordovaBatteryStatus": {
            "path": "batteryStatus",
            "name": "$cordovaBatteryStatus",
            "source": "https://github.com/driftyco/ng-cordova/blob/master/src/plugins/batteryStatus.js",
            "officialDocs": "https://github.com/apache/cordova-plugin-battery-status/blob/master/doc/index.md",
            "ios": "true",
            "android": "true"
        },
        "$cordovaAppRate": {
            "path": "appRate",
            "name": "$cordovaAppRate",
            "source": "https://github.com/driftyco/ng-cordova/blob/master/src/plugins/adMob.js",
            "officialDocs": "https://github.com/pushandplay/cordova-plugin-apprate",
            "ios": "true",
            "android": "true"
        },
        "$cordovaCalendar": {
            "path": "calendar",
            "name": "$cordovaCalendar",
            "source": " https://github.com/driftyco/ng-cordova/blob/master/src/plugins/calendar.js",
            "officialDocs": " https://github.com/EddyVerbruggen/Calendar-PhoneGap-Plugin/blob/master/README.md",
            "ios": "true",
            "android": "true"
        },
        "$cordovaCamera": {
            "path": "camera",
            "name": "$cordovaCamera",
            "source": "https://github.com/driftyco/ng-cordova/blob/master/src/plugins/camera.js",
            "officialDocs": "https://github.com/apache/cordova-plugin-camera/blob/master/doc/index.md#orgapachecordovacamera",
            "ios": "true",
            "android": "true"
        },
        "$cordovaCapture": {
            "path": "capture",
            "name": "$cordovaCapture",
            "source": " https://github.com/driftyco/ng-cordova/blob/master/src/plugins/capture.js",
            "officialDocs": " https://github.com/apache/cordova-plugin-media-capture/blob/master/doc/index.md",
            "ios": "true",
            "android": "true"
        },
        "$cordovaContacts": {
            "path": "contacts",
            "name": "$cordovaContacts",
            "source": "https://github.com/driftyco/ng-cordova/blob/master/src/plugins/contacts.js",
            "officialDocs": "https://github.com/apache/cordova-plugin-contacts/blob/master/doc/index.md",
            "ios": "true",
            "android": "true"
        },
        "$cordovaDatePicker": {
            "path": "datePicker",
            "name": "$cordovaDatePicker",
            "source": "https://github.com/driftyco/ng-cordova/blob/master/src/plugins/datepicker.js",
            "officialDocs": "http://github.com/VitaliiBlagodir/cordova-plugin-datepicker",
            "ios": "true",
            "android": "true"
        },
        "$cordovaClipboard": {
            "path": "clipboard",
            "name": "$cordovaClipboard",
            "source": "https://github.com/driftyco/ng-cordova/blob/master/src/plugins/clipboard.js",
            "officialDocs": "https://github.com/VersoSolutions/CordovaClipboard",
            "ios": "true",
            "android": "true"
        },
        "$cordovaDevice": {
            "path": "device",
            "name": "$cordovaDevice",
            "source": "https://github.com/driftyco/ng-cordova/blob/master/src/plugins/device.js",
            "officialDocs": "https://github.com/apache/cordova-plugin-device/blob/master/doc/index.md",
            "ios": "true",
            "android": "true"
        },
        "$cordovaDeviceMotion": {
            "path": "deviceMotion",
            "name": "$cordovaDeviceMotion",
            "source": "https://github.com/driftyco/ng-cordova/blob/master/src/plugins/deviceMotion.js",
            "officialDocs": "https://github.com/apache/cordova-plugin-device-motion/blob/master/doc/index.md",
            "ios": "true",
            "android": "true"
        },
        "$cordovaDialogs": {
            "path": "dialogs",
            "name": "$cordovaDialogs",
            "source": "https://github.com/driftyco/ng-cordova/blob/master/src/plugins/dialogs.js",
            "officialDocs": "https://github.com/apache/cordova-plugin-dialogs/blob/master/doc/index.md",
            "ios": "true",
            "android": "true"
        },
        "$cordovaEmailComposer": {
            "path": "emailComposer",
            "name": "$cordovaEmailComposer",
            "source": "https://github.com/driftyco/ng-cordova/blob/master/src/plugins/emailComposer.js",
            "officialDocs": "https://github.com/katzer/cordova-plugin-email-composer",
            "ios": "true",
            "android": "true"
        },
        "$cordovaFacebook": {
            "path": "facebook",
            "name": "$cordovaFacebook",
            "source": " https://github.com/driftyco/ng-cordova/blob/master/src/plugins/facebook.js",
            "officialDocs": " https://github.com/Wizcorp/phonegap-facebook-plugin",
            "ios": "true",
            "android": "true"
        },
        "$cordovaDeviceOrientation": {
            "path": "deviceOrientation",
            "name": "$cordovaDeviceOrientation",
            "source": "https://github.com/driftyco/ng-cordova/blob/master/src/plugins/deviceOrientation.js",
            "officialDocs": "https://github.com/apache/cordova-plugin-device-orientation/blob/master/doc/index.md",
            "ios": "true",
            "android": "true"
        },
        "$cordovaFile": {
            "path": "file",
            "name": "$cordovaFile",
            "source": "https://github.com/driftyco/ng-cordova/blob/master/src/plugins/file.js",
            "officialDocs": " https://github.com/apache/cordova-plugin-file/blob/master/doc/index.md",
            "ios": "true",
            "android": "true"
        },
        "$cordovaGeolocation": {
            "path": "geolocation",
            "name": "$cordovaGeolocation",
            "source": "https://github.com/driftyco/ng-cordova/blob/master/src/plugins/geolocation.js",
            "officialDocs": "https://github.com/apache/cordova-plugin-geolocation/blob/master/doc/index.md",
            "ios": "true",
            "android": "true"
        },
        "$cordovaFlashlight": {
            "path": "flashlight",
            "name": "$cordovaFlashlight",
            "source": "https://github.com/driftyco/ng-cordova/blob/master/src/plugins/flashlight.js",
            "officialDocs": "https://github.com/EddyVerbruggen/Flashlight-PhoneGap-Plugin",
            "ios": "true",
            "android": "true"
        },
        "$cordovaGlobalization": {
            "path": "globalization",
            "name": "$cordovaGlobalization",
            "source": "https://github.com/driftyco/ng-cordova/blob/master/src/plugins/globalization.js",
            "officialDocs": "https://github.com/apache/cordova-plugin-globalization/blob/master/doc/index.md",
            "ios": "true",
            "android": "true"
        },
        "$cordovaGoogleAnalytics": {
            "path": "googleAnalytics",
            "name": "$cordovaGoogleAnalytics",
            "source": "https://github.com/driftyco/ng-cordova/blob/master/src/plugins/GA.js",
            "officialDocs": "https://github.com/danwilson/google-analytics-plugin",
            "ios": "true",
            "android": "true"
        },
        "$cordovaInAppBrowser": {
            "path": "inAppBrowser",
            "name": "$cordovaInAppBrowser",
            "source": "https://github.com/driftyco/ng-cordova/blob/master/src/plugins/inappbrowser.js",
            "officialDocs": "https://github.com/apache/cordova-plugin-inappbrowser/blob/master/doc/index.md",
            "ios": "true",
            "android": "true"
        },
        "$cordovaImagePicker": {
            "path": "imagePicker",
            "name": "$cordovaImagePicker",
            "source": "https://github.com/driftyco/ng-cordova/blob/master/src/plugins/imagePicker.js",
            "officialDocs": "https://github.com/wymsee/cordova-imagePicker",
            "ios": "true",
            "android": "true"
        },
        "$cordovaKeyboard": {
            "path": "keyboard",
            "name": "$cordovaKeyboard",
            "source": "https://github.com/driftyco/ng-cordova/blob/master/src/plugins/keyboard.js",
            "officialDocs": "https://github.com/driftyco/ionic-plugins-keyboard",
            "ios": "true",
            "android": "true"
        },
        "$cordovaMedia": {
            "path": "media",
            "name": "$cordovaMedia",
            "source": "https://github.com/driftyco/ng-cordova/blob/master/src/plugins/media.js",
            "officialDocs": "https://github.com/apache/cordova-plugin-media/blob/master/doc/index.md",
            "ios": "true",
            "android": "true"
        },
        "$cordovaNativeAudio": {
            "path": "nativeAudio",
            "name": "$cordovaNativeAudio",
            "source": "https://github.com/driftyco/ng-cordova/blob/master/src/plugins/nativeAudio.js",
            "officialDocs": "https://github.com/SidneyS/cordova-plugin-nativeaudio",
            "ios": "true",
            "android": "true"
        },
        "$cordovaKeychain": {
            "path": "keychain",
            "name": "$cordovaKeychain",
            "source": "https://github.com/driftyco/ng-cordova/blob/master/src/plugins/keychain.js",
            "officialDocs": "https://github.com/shazron/KeychainPlugin",
            "ios": "true",
            "android": "false"
        },
        "$cordovaOauth": {
            "path": "oauth",
            "name": "$cordovaOauth",
            "source": "https://github.com/driftyco/ng-cordova/blob/master/src/plugins/oauth.js",
            "officialDocs": "https://github.com/nraboy/ng-cordova-oauth/blob/master/README.md",
            "ios": "true",
            "android": "true"
        },
        "$cordovaLocalNotification": {
            "path": "localNotification",
            "name": "$cordovaLocalNotification",
            "source": "https://github.com/driftyco/ng-cordova/blob/master/src/plugins/localNotification.js",
            "officialDocs": "https://github.com/katzer/cordova-plugin-local-notifications",
            "ios": "true",
            "android": "true"
        },
        "$cordovaPinDialog": {
            "path": "pinDialog",
            "name": "$cordovaPinDialog",
            "source": "https://github.com/driftyco/ng-cordova/blob/master/src/plugins/pinDialog.js",
            "officialDocs": "https://github.com/Paldom/PinDialog",
            "ios": "true",
            "android": "true"
        },
        "$cordovaNetwork": {
            "path": "network",
            "name": "$cordovaNetwork",
            "source": "https://github.com/driftyco/ng-cordova/blob/master/src/plugins/network.js",
            "officialDocs": "https://github.com/apache/cordova-plugin-network-information/blob/master/doc/index.md",
            "ios": "true",
            "android": "true"
        },
        "$cordovaPreferences": {
            "path": "preferences",
            "name": "$cordovaPreferences",
            "source": "https://github.com/driftyco/ng-cordova/blob/master/src/plugins/preferences.js",
            "officialDocs": "https://github.com/dferrell/plugins-application-preferences",
            "ios": "true",
            "android": "false"
        },
        "$cordovaPrinter": {
            "path": "printer",
            "name": "$cordovaPrinter",
            "source": "https://github.com/driftyco/ng-cordova/blob/master/src/plugins/Printer.js",
            "officialDocs": "https://github.com/katzer/cordova-plugin-printer",
            "ios": "true",
            "android": "true"
        },
        "$cordovaPush": {
            "path": "pushNotifications",
            "name": "$cordovaPush",
            "source": "https://github.com/driftyco/ng-cordova/blob/master/src/plugins/push.js",
            "officialDocs": "https://github.com/phonegap-build/PushPlugin#-plugin-api",
            "ios": "true",
            "android": "true"
        },
        "$cordovaSMS": {
            "path": "sms",
            "name": "$cordovaSMS",
            "source": "https://github.com/driftyco/ng-cordova/blob/master/src/plugins/sms.js",
            "officialDocs": "https://github.com/aharris88/phonegap-sms-plugin",
            "ios": "true",
            "android": "true"
        },
        "$cordovaProgress": {
            "path": "progressIndicator",
            "name": "$cordovaProgress",
            "source": "https://github.com/driftyco/ng-cordova/blob/master/src/plugins/progressIndicator.js",
            "officialDocs": "http://pbernasconi.github.io/cordova-progressIndicator/",
            "ios": "true",
            "android": "true"
        },
        "$cordovaSocialSharing": {
            "path": "socialSharing",
            "name": "$cordovaSocialSharing",
            "source": "https://github.com/driftyco/ng-cordova/blob/master/src/plugins/socialSharing.js",
            "officialDocs": "https://github.com/EddyVerbruggen/SocialSharing-PhoneGap-Plugin",
            "ios": "true",
            "android": "true"
        },
        "$cordovaSpinnerDialog": {
            "path": "spinnerDialog",
            "name": "$cordovaSpinnerDialog",
            "source": "https://github.com/driftyco/ng-cordova/blob/master/src/plugins/spinnerDialog.js",
            "officialDocs": "https://github.com/Paldom/SpinnerDialog",
            "ios": "true",
            "android": "true"
        },
        "$cordovaStatusbar": {
            "path": "statusbar",
            "name": "$cordovaStatusbar",
            "source": "https://github.com/driftyco/ng-cordova/blob/master/src/plugins/statusbar.js",
            "officialDocs": "https://github.com/apache/cordova-plugin-statusbar/blob/master/doc/index.md",
            "ios": "true",
            "android": "true"
        },
        "$cordovaSplashscreen": {
            "path": "splashscreen",
            "name": "$cordovaSplashscreen",
            "source": "https://github.com/driftyco/ng-cordova/blob/master/src/plugins/splashscreen.js",
            "officialDocs": "https://github.com/apache/cordova-plugin-splashscreen/blob/master/doc/index.md",
            "ios": "true",
            "android": "true"
        },
        "$cordovaToast": {
            "path": "toast",
            "name": "$cordovaToast",
            "source": "https://github.com/driftyco/ng-cordova/blob/master/src/plugins/toast.js",
            "officialDocs": "https://github.com/EddyVerbruggen/Toast-PhoneGap-Plugin",
            "ios": "true",
            "android": "true"
        },
        "$cordovaTouchID": {
            "path": "touchID",
            "name": "$cordovaTouchID",
            "source": "https://github.com/driftyco/ng-cordova/blob/master/src/plugins/touchID.js",
            "officialDocs": "https://github.com/leecrossley/cordova-plugin-touchid\"",
            "ios": "true",
            "android": "false"
        },
        "$cordovaZip": {
            "path": "zip",
            "name": "$cordovaZip",
            "source": "https://github.com/driftyco/ng-cordova/blob/master/src/plugins/zip.js",
            "officialDocs": "https://github.com/MobileChromeApps/zip",
            "ios": "true",
            "android": "true"
        },
        "$cordovaVibration": {
            "path": "vibration",
            "name": "$cordovaVibration",
            "source": "https://github.com/driftyco/ng-cordova/blob/master/src/plugins/vibration.js",
            "officialDocs": "https://github.com/apache/cordova-plugin-vibration/blob/master/doc/index.md",
            "ios": "true",
            "android": "true"
        },
        "$cordovaSQLite": {
            "path": "sqlite",
            "name": "$cordovaSQLite",
            "source": "https://github.com/driftyco/ng-cordova/blob/master/src/plugins/SQLite.js",
            "officialDocs": "https://github.com/brodysoft/Cordova-SQLitePlugin",
            "ios": "true",
            "android": "true"
        }
    },
    "ionicDocs": {
        "$ionicLoadingConfig": {
            "path": "$ionicLoadingConfig",
            "title": "$ionicLoadingConfig",
            "type": "object"
        },
        "$ionicConfigProvider": {
            "path": "$ionicConfigProvider",
            "title": "$ionicConfigProvider",
            "type": "provider"
        },
        "collectionRepeat": {
            "path": "collectionRepeat",
            "title": "collectionRepeat",
            "type": "directive"
        },
        "exposeAsideWhen": {
            "path": "exposeAsideWhen",
            "title": "exposeAsideWhen",
            "type": "directive"
        },
        "ionCheckbox": {
            "path": "ionCheckbox",
            "title": "ionCheckbox",
            "type": "directive"
        },
        "ionContent": {
            "path": "ionContent",
            "title": "ionContent",
            "type": "directive"
        },
        "ionFooterBar": {
            "path": "ionFooterBar",
            "title": "ionFooterBar",
            "type": "directive"
        },
        "ionHeaderBar": {
            "path": "ionHeaderBar",
            "title": "ionHeaderBar",
            "type": "directive"
        },
        "ionInfiniteScroll": {
            "path": "ionInfiniteScroll",
            "title": "ionInfiniteScroll",
            "type": "directive"
        },
        "ionItem": {
            "path": "ionItem",
            "title": "ionItem",
            "type": "directive"
        },
        "ionList": {
            "path": "ionList",
            "title": "ionList",
            "type": "directive"
        },
        "ionNavBackButton": {
            "path": "ionNavBackButton",
            "title": "ionNavBackButton",
            "type": "directive"
        },
        "ionNavBar": {
            "path": "ionNavBar",
            "title": "ionNavBar",
            "type": "directive"
        },
        "ionNavButtons": {
            "path": "ionNavButtons",
            "title": "ionNavButtons",
            "type": "directive"
        },
        "ionOptionButton": {
            "path": "ionOptionButton",
            "title": "ionOptionButton",
            "type": "directive"
        },
        "ionDeleteButton": {
            "path": "ionDeleteButton",
            "title": "ionDeleteButton",
            "type": "directive"
        },
        "ionNavView": {
            "path": "ionNavView",
            "title": "ionNavView",
            "type": "directive"
        },
        "ionNavTitle": {
            "path": "ionNavTitle",
            "title": "ionNavTitle",
            "type": "directive"
        },
        "ionRefresher": {
            "path": "ionRefresher",
            "title": "ionRefresher",
            "type": "directive"
        },
        "ionPane": {
            "path": "ionPane",
            "title": "ionPane",
            "type": "directive"
        },
        "ionRadio": {
            "path": "ionRadio",
            "title": "ionRadio",
            "type": "directive"
        },
        "ionScroll": {
            "path": "ionScroll",
            "title": "ionScroll",
            "type": "directive"
        },
        "ionReorderButton": {
            "path": "ionReorderButton",
            "title": "ionReorderButton",
            "type": "directive"
        },
        "ionSideMenu": {
            "path": "ionSideMenu",
            "title": "ionSideMenu",
            "type": "directive"
        },
        "ionSlide": {
            "path": "ionSlide",
            "title": "ionSlide",
            "type": "directive"
        },
        "ionSideMenus": {
            "path": "ionSideMenus",
            "title": "ionSideMenus",
            "type": "directive"
        },
        "ionSideMenuContent": {
            "path": "ionSideMenuContent",
            "title": "ionSideMenuContent",
            "type": "directive"
        },
        "ionSlideBox": {
            "path": "ionSlideBox",
            "title": "ionSlideBox",
            "type": "directive"
        },
        "ionSlidePager": {
            "path": "ionSlidePager",
            "title": "ionSlidePager",
            "type": "directive"
        },
        "ionTab": {
            "path": "ionTab",
            "title": "ionTab",
            "type": "directive"
        },
        "ionToggle": {
            "path": "ionToggle",
            "title": "ionToggle",
            "type": "directive"
        },
        "ionView": {
            "path": "ionView",
            "title": "ionView",
            "type": "directive"
        },
        "menuClose": {
            "path": "menuClose",
            "title": "menuClose",
            "type": "directive"
        },
        "keyboardAttach": {
            "path": "keyboardAttach",
            "title": "keyboardAttach",
            "type": "directive"
        },
        "menuToggle": {
            "path": "menuToggle",
            "title": "menuToggle",
            "type": "directive"
        },
        "navClear": {
            "path": "navClear",
            "title": "navClear",
            "type": "directive"
        },
        "navDirection": {
            "path": "navDirection",
            "title": "navDirection",
            "type": "directive"
        },
        "onDrag": {
            "path": "onDrag",
            "title": "onDrag",
            "type": "directive"
        },
        "navTransition": {
            "path": "navTransition",
            "title": "navTransition",
            "type": "directive"
        },
        "onDragDown": {
            "path": "onDragDown",
            "title": "onDragDown",
            "type": "directive"
        },
        "onDragRight": {
            "path": "onDragRight",
            "title": "onDragRight",
            "type": "directive"
        },
        "ionTabs": {
            "path": "ionTabs",
            "title": "ionTabs",
            "type": "directive"
        },
        "onHold": {
            "path": "onHold",
            "title": "onHold",
            "type": "directive"
        },
        "onDragUp": {
            "path": "onDragUp",
            "title": "onDragUp",
            "type": "directive"
        },
        "onDragLeft": {
            "path": "onDragLeft",
            "title": "onDragLeft",
            "type": "directive"
        },
        "onRelease": {
            "path": "onRelease",
            "title": "onRelease",
            "type": "directive"
        },
        "onSwipeLeft": {
            "path": "onSwipeLeft",
            "title": "onSwipeLeft",
            "type": "directive"
        },
        "onSwipeDown": {
            "path": "onSwipeDown",
            "title": "onSwipeDown",
            "type": "directive"
        },
        "onSwipeRight": {
            "path": "onSwipeRight",
            "title": "onSwipeRight",
            "type": "directive"
        },
        "onTap": {
            "path": "onTap",
            "title": "onTap",
            "type": "directive"
        },
        "onTouch": {
            "path": "onTouch",
            "title": "onTouch",
            "type": "directive"
        },
        "onSwipe": {
            "path": "onSwipe",
            "title": "onSwipe",
            "type": "directive"
        },
        "onSwipeUp": {
            "path": "onSwipeUp",
            "title": "onSwipeUp",
            "type": "directive"
        },
        "$ionicActionSheet": {
            "path": "$ionicActionSheet",
            "title": "$ionicActionSheet",
            "type": "service"
        },
        "$ionicGesture": {
            "path": "$ionicGesture",
            "title": "$ionicGesture",
            "type": "service"
        },
        "$ionicHistory": {
            "path": "$ionicHistory",
            "title": "$ionicHistory",
            "type": "service"
        },
        "$ionicConfig": {
            "path": "$ionicConfig",
            "title": "$ionicConfig",
            "type": "service"
        },
        "$ionicListDelegate": {
            "path": "$ionicListDelegate",
            "title": "$ionicListDelegate",
            "type": "service"
        },
        "$ionicBody": {
            "path": "$ionicBody",
            "title": "$ionicBody",
            "type": "service"
        },
        "$ionicLoading": {
            "path": "$ionicLoading",
            "title": "$ionicLoading",
            "type": "service"
        },
        "$ionicBackdrop": {
            "path": "$ionicBackdrop",
            "title": "$ionicBackdrop",
            "type": "service"
        },
        "$ionicNavBarDelegate": {
            "path": "$ionicNavBarDelegate",
            "title": "$ionicNavBarDelegate",
            "type": "service"
        },
        "$ionicPlatform": {
            "path": "$ionicPlatform",
            "title": "$ionicPlatform",
            "type": "service"
        },
        "$ionicPopover": {
            "path": "$ionicPopover",
            "title": "$ionicPopover",
            "type": "service"
        },
        "$ionicPopup": {
            "path": "$ionicPopup",
            "title": "$ionicPopup",
            "type": "service"
        },
        "$ionicPosition": {
            "path": "$ionicPosition",
            "title": "$ionicPosition",
            "type": "service"
        },
        "$ionicScrollDelegate": {
            "path": "$ionicScrollDelegate",
            "title": "$ionicScrollDelegate",
            "type": "service"
        },
        "$ionicSideMenuDelegate": {
            "path": "$ionicSideMenuDelegate",
            "title": "$ionicSideMenuDelegate",
            "type": "service"
        },
        "$ionicSlideBoxDelegate": {
            "path": "$ionicSlideBoxDelegate",
            "title": "$ionicSlideBoxDelegate",
            "type": "service"
        },
        "$ionicModal": {
            "path": "$ionicModal",
            "title": "$ionicModal",
            "type": "service"
        },
        "$ionicTabsDelegate": {
            "path": "$ionicTabsDelegate",
            "title": "$ionicTabsDelegate",
            "type": "service"
        },
        "$ionicTemplateCache": {
            "path": "$ionicTemplateCache",
            "title": "$ionicTemplateCache",
            "type": "service"
        },
        "$ionicAnimation": {
            "path": "$ionicAnimation",
            "title": "$ionicAnimation",
            "type": "service"
        }
    }
}